2026-05-07T19:57:11.272+0900 [DEBUG] [org.gradle.launcher.daemon.bootstrap.DaemonMain] Assuming the daemon was started with following jvm opts: [-XX:MaxMetaspaceSize=384m, -XX:+HeapDumpOnOutOfMemoryError, -Xms256m, -Xmx512m, -Dfile.encoding=UTF-8, -Duser.country=KR, -Duser.language=ko, -Duser.variant]
2026-05-07T19:57:11.410+0900 [DEBUG] [org.gradle.internal.remote.internal.inet.InetAddresses] Adding IP addresses for network interface Software Loopback Interface 1
2026-05-07T19:57:11.413+0900 [DEBUG] [org.gradle.internal.remote.internal.inet.InetAddresses] Is this a loopback interface? true
2026-05-07T19:57:11.413+0900 [DEBUG] [org.gradle.internal.remote.internal.inet.InetAddresses] Adding loopback address /127.0.0.1
2026-05-07T19:57:11.413+0900 [DEBUG] [org.gradle.internal.remote.internal.inet.InetAddresses] Adding loopback address /0:0:0:0:0:0:0:1
2026-05-07T19:57:11.414+0900 [DEBUG] [org.gradle.internal.remote.internal.inet.InetAddresses] Adding IP addresses for network interface WAN Miniport (PPTP)
2026-05-07T19:57:11.415+0900 [DEBUG] [org.gradle.internal.remote.internal.inet.InetAddresses] Is this a loopback interface? false
2026-05-07T19:57:11.416+0900 [DEBUG] [org.gradle.internal.remote.internal.inet.InetAddresses] Adding IP addresses for network interface Microsoft 6to4 Adapter
2026-05-07T19:57:11.418+0900 [DEBUG] [org.gradle.internal.remote.internal.inet.InetAddresses] Is this a loopback interface? false
2026-05-07T19:57:11.418+0900 [DEBUG] [org.gradle.internal.remote.internal.inet.InetAddresses] Adding IP addresses for network interface WAN Miniport (Network Monitor)
2026-05-07T19:57:11.419+0900 [DEBUG] [org.gradle.internal.remote.internal.inet.InetAddresses] Is this a loopback interface? false
2026-05-07T19:57:11.420+0900 [DEBUG] [org.gradle.internal.remote.internal.inet.InetAddresses] Adding IP addresses for network interface Microsoft Wi-Fi Direct Virtual Adapter
2026-05-07T19:57:11.422+0900 [DEBUG] [org.gradle.internal.remote.internal.inet.InetAddresses] Is this a loopback interface? false
2026-05-07T19:57:11.422+0900 [DEBUG] [org.gradle.internal.remote.internal.inet.InetAddresses] Adding IP addresses for network interface Intel(R) Wi-Fi 6E AX211 160MHz
2026-05-07T19:57:11.423+0900 [DEBUG] [org.gradle.internal.remote.internal.inet.InetAddresses] Is this a loopback interface? false
2026-05-07T19:57:11.424+0900 [DEBUG] [org.gradle.internal.remote.internal.inet.InetAddresses] Adding remote address /172.28.5.38
2026-05-07T19:57:11.424+0900 [DEBUG] [org.gradle.internal.remote.internal.inet.InetAddresses] Adding IP addresses for network interface Microsoft IP-HTTPS Platform Adapter
2026-05-07T19:57:11.426+0900 [DEBUG] [org.gradle.internal.remote.internal.inet.InetAddresses] Is this a loopback interface? false
2026-05-07T19:57:11.426+0900 [DEBUG] [org.gradle.internal.remote.internal.inet.InetAddresses] Adding IP addresses for network interface WAN Miniport (IPv6)
2026-05-07T19:57:11.427+0900 [DEBUG] [org.gradle.internal.remote.internal.inet.InetAddresses] Is this a loopback interface? false
2026-05-07T19:57:11.428+0900 [DEBUG] [org.gradle.internal.remote.internal.inet.InetAddresses] Adding IP addresses for network interface WAN Miniport (L2TP)
2026-05-07T19:57:11.429+0900 [DEBUG] [org.gradle.internal.remote.internal.inet.InetAddresses] Is this a loopback interface? false
2026-05-07T19:57:11.429+0900 [DEBUG] [org.gradle.internal.remote.internal.inet.InetAddresses] Adding IP addresses for network interface WAN Miniport (IP)
2026-05-07T19:57:11.431+0900 [DEBUG] [org.gradle.internal.remote.internal.inet.InetAddresses] Is this a loopback interface? false
2026-05-07T19:57:11.431+0900 [DEBUG] [org.gradle.internal.remote.internal.inet.InetAddresses] Adding IP addresses for network interface Microsoft Kernel Debug Network Adapter
2026-05-07T19:57:11.432+0900 [DEBUG] [org.gradle.internal.remote.internal.inet.InetAddresses] Is this a loopback interface? false
2026-05-07T19:57:11.432+0900 [DEBUG] [org.gradle.internal.remote.internal.inet.InetAddresses] Adding IP addresses for network interface WAN Miniport (PPPOE)
2026-05-07T19:57:11.434+0900 [DEBUG] [org.gradle.internal.remote.internal.inet.InetAddresses] Is this a loopback interface? false
2026-05-07T19:57:11.434+0900 [DEBUG] [org.gradle.internal.remote.internal.inet.InetAddresses] Adding IP addresses for network interface Microsoft Wi-Fi Direct Virtual Adapter #2
2026-05-07T19:57:11.435+0900 [DEBUG] [org.gradle.internal.remote.internal.inet.InetAddresses] Is this a loopback interface? false
2026-05-07T19:57:11.435+0900 [DEBUG] [org.gradle.internal.remote.internal.inet.InetAddresses] Adding IP addresses for network interface Microsoft Teredo Tunneling Adapter
2026-05-07T19:57:11.437+0900 [DEBUG] [org.gradle.internal.remote.internal.inet.InetAddresses] Is this a loopback interface? false
2026-05-07T19:57:11.437+0900 [DEBUG] [org.gradle.internal.remote.internal.inet.InetAddresses] Adding IP addresses for network interface Bluetooth Device (Personal Area Network)
2026-05-07T19:57:11.439+0900 [DEBUG] [org.gradle.internal.remote.internal.inet.InetAddresses] Is this a loopback interface? false
2026-05-07T19:57:11.439+0900 [DEBUG] [org.gradle.internal.remote.internal.inet.InetAddresses] Adding IP addresses for network interface TAP-ProtonVPN Windows Adapter V9
2026-05-07T19:57:11.441+0900 [DEBUG] [org.gradle.internal.remote.internal.inet.InetAddresses] Is this a loopback interface? false
2026-05-07T19:57:11.441+0900 [DEBUG] [org.gradle.internal.remote.internal.inet.InetAddresses] Adding remote address /fe80:0:0:0:6aa4:dae9:d2e0:4942%net5
2026-05-07T19:57:11.441+0900 [DEBUG] [org.gradle.internal.remote.internal.inet.InetAddresses] Adding IP addresses for network interface WAN Miniport (SSTP)
2026-05-07T19:57:11.443+0900 [DEBUG] [org.gradle.internal.remote.internal.inet.InetAddresses] Is this a loopback interface? false
2026-05-07T19:57:11.443+0900 [DEBUG] [org.gradle.internal.remote.internal.inet.InetAddresses] Adding IP addresses for network interface WAN Miniport (IKEv2)
2026-05-07T19:57:11.445+0900 [DEBUG] [org.gradle.internal.remote.internal.inet.InetAddresses] Is this a loopback interface? false
2026-05-07T19:57:11.445+0900 [DEBUG] [org.gradle.internal.remote.internal.inet.InetAddresses] Adding IP addresses for network interface Hyper-V Virtual Switch Extension Adapter-Hyper-V Virtual Switch Extension Filter-0000
2026-05-07T19:57:11.446+0900 [DEBUG] [org.gradle.internal.remote.internal.inet.InetAddresses] Is this a loopback interface? false
2026-05-07T19:57:11.446+0900 [DEBUG] [org.gradle.internal.remote.internal.inet.InetAddresses] Adding IP addresses for network interface TAP-ProtonVPN Windows Adapter V9-WFP Native MAC Layer LightWeight Filter-0000
2026-05-07T19:57:11.448+0900 [DEBUG] [org.gradle.internal.remote.internal.inet.InetAddresses] Is this a loopback interface? false
2026-05-07T19:57:11.448+0900 [DEBUG] [org.gradle.internal.remote.internal.inet.InetAddresses] Adding IP addresses for network interface TAP-ProtonVPN Windows Adapter V9-QoS Packet Scheduler-0000
2026-05-07T19:57:11.450+0900 [DEBUG] [org.gradle.internal.remote.internal.inet.InetAddresses] Is this a loopback interface? false
2026-05-07T19:57:11.450+0900 [DEBUG] [org.gradle.internal.remote.internal.inet.InetAddresses] Adding IP addresses for network interface TAP-ProtonVPN Windows Adapter V9-WFP 802.3 MAC Layer LightWeight Filter-0000
2026-05-07T19:57:11.452+0900 [DEBUG] [org.gradle.internal.remote.internal.inet.InetAddresses] Is this a loopback interface? false
2026-05-07T19:57:11.452+0900 [DEBUG] [org.gradle.internal.remote.internal.inet.InetAddresses] Adding IP addresses for network interface Intel(R) Wi-Fi 6E AX211 160MHz-WFP Native MAC Layer LightWeight Filter-0000
2026-05-07T19:57:11.454+0900 [DEBUG] [org.gradle.internal.remote.internal.inet.InetAddresses] Is this a loopback interface? false
2026-05-07T19:57:11.455+0900 [DEBUG] [org.gradle.internal.remote.internal.inet.InetAddresses] Adding IP addresses for network interface Intel(R) Wi-Fi 6E AX211 160MHz-Virtual WiFi Filter Driver-0000
2026-05-07T19:57:11.457+0900 [DEBUG] [org.gradle.internal.remote.internal.inet.InetAddresses] Is this a loopback interface? false
2026-05-07T19:57:11.457+0900 [DEBUG] [org.gradle.internal.remote.internal.inet.InetAddresses] Adding IP addresses for network interface Intel(R) Wi-Fi 6E AX211 160MHz-Native WiFi Filter Driver-0000
2026-05-07T19:57:11.459+0900 [DEBUG] [org.gradle.internal.remote.internal.inet.InetAddresses] Is this a loopback interface? false
2026-05-07T19:57:11.459+0900 [DEBUG] [org.gradle.internal.remote.internal.inet.InetAddresses] Adding IP addresses for network interface Intel(R) Wi-Fi 6E AX211 160MHz-QoS Packet Scheduler-0000
2026-05-07T19:57:11.461+0900 [DEBUG] [org.gradle.internal.remote.internal.inet.InetAddresses] Is this a loopback interface? false
2026-05-07T19:57:11.461+0900 [DEBUG] [org.gradle.internal.remote.internal.inet.InetAddresses] Adding IP addresses for network interface Intel(R) Wi-Fi 6E AX211 160MHz-WFP 802.3 MAC Layer LightWeight Filter-0000
2026-05-07T19:57:11.462+0900 [DEBUG] [org.gradle.internal.remote.internal.inet.InetAddresses] Is this a loopback interface? false
2026-05-07T19:57:11.462+0900 [DEBUG] [org.gradle.internal.remote.internal.inet.InetAddresses] Adding IP addresses for network interface Hyper-V Virtual Switch Extension Adapter-Virtual Filtering Platform VMSwitch Extension-0000
2026-05-07T19:57:11.464+0900 [DEBUG] [org.gradle.internal.remote.internal.inet.InetAddresses] Is this a loopback interface? false
2026-05-07T19:57:11.464+0900 [DEBUG] [org.gradle.internal.remote.internal.inet.InetAddresses] Adding IP addresses for network interface Microsoft Wi-Fi Direct Virtual Adapter #2-WFP Native MAC Layer LightWeight Filter-0000
2026-05-07T19:57:11.465+0900 [DEBUG] [org.gradle.internal.remote.internal.inet.InetAddresses] Is this a loopback interface? false
2026-05-07T19:57:11.465+0900 [DEBUG] [org.gradle.internal.remote.internal.inet.InetAddresses] Adding IP addresses for network interface Microsoft Wi-Fi Direct Virtual Adapter-WFP Native MAC Layer LightWeight Filter-0000
2026-05-07T19:57:11.467+0900 [DEBUG] [org.gradle.internal.remote.internal.inet.InetAddresses] Is this a loopback interface? false
2026-05-07T19:57:11.467+0900 [DEBUG] [org.gradle.internal.remote.internal.inet.InetAddresses] Adding IP addresses for network interface Microsoft Wi-Fi Direct Virtual Adapter-Native WiFi Filter Driver-0000
2026-05-07T19:57:11.469+0900 [DEBUG] [org.gradle.internal.remote.internal.inet.InetAddresses] Is this a loopback interface? false
2026-05-07T19:57:11.469+0900 [DEBUG] [org.gradle.internal.remote.internal.inet.InetAddresses] Adding IP addresses for network interface Microsoft Wi-Fi Direct Virtual Adapter-QoS Packet Scheduler-0000
2026-05-07T19:57:11.471+0900 [DEBUG] [org.gradle.internal.remote.internal.inet.InetAddresses] Is this a loopback interface? false
2026-05-07T19:57:11.471+0900 [DEBUG] [org.gradle.internal.remote.internal.inet.InetAddresses] Adding IP addresses for network interface Microsoft Wi-Fi Direct Virtual Adapter #2-Native WiFi Filter Driver-0000
2026-05-07T19:57:11.472+0900 [DEBUG] [org.gradle.internal.remote.internal.inet.InetAddresses] Is this a loopback interface? false
2026-05-07T19:57:11.472+0900 [DEBUG] [org.gradle.internal.remote.internal.inet.InetAddresses] Adding IP addresses for network interface Microsoft Wi-Fi Direct Virtual Adapter-WFP 802.3 MAC Layer LightWeight Filter-0000
2026-05-07T19:57:11.474+0900 [DEBUG] [org.gradle.internal.remote.internal.inet.InetAddresses] Is this a loopback interface? false
2026-05-07T19:57:11.474+0900 [DEBUG] [org.gradle.internal.remote.internal.inet.InetAddresses] Adding IP addresses for network interface Microsoft Wi-Fi Direct Virtual Adapter #2-QoS Packet Scheduler-0000
2026-05-07T19:57:11.476+0900 [DEBUG] [org.gradle.internal.remote.internal.inet.InetAddresses] Is this a loopback interface? false
2026-05-07T19:57:11.476+0900 [DEBUG] [org.gradle.internal.remote.internal.inet.InetAddresses] Adding IP addresses for network interface WAN Miniport (IP)-WFP Native MAC Layer LightWeight Filter-0000
2026-05-07T19:57:11.477+0900 [DEBUG] [org.gradle.internal.remote.internal.inet.InetAddresses] Is this a loopback interface? false
2026-05-07T19:57:11.477+0900 [DEBUG] [org.gradle.internal.remote.internal.inet.InetAddresses] Adding IP addresses for network interface WAN Miniport (IP)-QoS Packet Scheduler-0000
2026-05-07T19:57:11.479+0900 [DEBUG] [org.gradle.internal.remote.internal.inet.InetAddresses] Is this a loopback interface? false
2026-05-07T19:57:11.479+0900 [DEBUG] [org.gradle.internal.remote.internal.inet.InetAddresses] Adding IP addresses for network interface WAN Miniport (IPv6)-WFP Native MAC Layer LightWeight Filter-0000
2026-05-07T19:57:11.481+0900 [DEBUG] [org.gradle.internal.remote.internal.inet.InetAddresses] Is this a loopback interface? false
2026-05-07T19:57:11.481+0900 [DEBUG] [org.gradle.internal.remote.internal.inet.InetAddresses] Adding IP addresses for network interface WAN Miniport (IPv6)-QoS Packet Scheduler-0000
2026-05-07T19:57:11.482+0900 [DEBUG] [org.gradle.internal.remote.internal.inet.InetAddresses] Is this a loopback interface? false
2026-05-07T19:57:11.483+0900 [DEBUG] [org.gradle.internal.remote.internal.inet.InetAddresses] Adding IP addresses for network interface WAN Miniport (Network Monitor)-WFP Native MAC Layer LightWeight Filter-0000
2026-05-07T19:57:11.484+0900 [DEBUG] [org.gradle.internal.remote.internal.inet.InetAddresses] Is this a loopback interface? false
2026-05-07T19:57:11.485+0900 [DEBUG] [org.gradle.internal.remote.internal.inet.InetAddresses] Adding IP addresses for network interface WAN Miniport (Network Monitor)-QoS Packet Scheduler-0000
2026-05-07T19:57:11.486+0900 [DEBUG] [org.gradle.internal.remote.internal.inet.InetAddresses] Is this a loopback interface? false
2026-05-07T19:57:11.487+0900 [DEBUG] [org.gradle.internal.remote.internal.inet.InetAddresses] Adding IP addresses for network interface Hyper-V Virtual Switch Extension Adapter
2026-05-07T19:57:11.488+0900 [DEBUG] [org.gradle.internal.remote.internal.inet.InetAddresses] Is this a loopback interface? false
2026-05-07T19:57:11.489+0900 [DEBUG] [org.gradle.internal.remote.internal.inet.InetAddresses] Adding IP addresses for network interface Microsoft Wi-Fi Direct Virtual Adapter #2-WFP 802.3 MAC Layer LightWeight Filter-0000
2026-05-07T19:57:11.491+0900 [DEBUG] [org.gradle.internal.remote.internal.inet.InetAddresses] Is this a loopback interface? false
2026-05-07T19:57:11.491+0900 [DEBUG] [org.gradle.internal.remote.internal.inet.InetAddresses] Adding IP addresses for network interface Cloudflare WARP Interface Tunnel
2026-05-07T19:57:11.492+0900 [DEBUG] [org.gradle.internal.remote.internal.inet.InetAddresses] Is this a loopback interface? false
2026-05-07T19:57:11.492+0900 [DEBUG] [org.gradle.internal.remote.internal.inet.InetAddresses] Adding IP addresses for network interface Hyper-V Virtual Ethernet Adapter
2026-05-07T19:57:11.494+0900 [DEBUG] [org.gradle.internal.remote.internal.inet.InetAddresses] Is this a loopback interface? false
2026-05-07T19:57:11.494+0900 [DEBUG] [org.gradle.internal.remote.internal.inet.InetAddresses] Adding remote address /172.21.112.1
2026-05-07T19:57:11.494+0900 [DEBUG] [org.gradle.internal.remote.internal.inet.InetAddresses] Adding remote address /fe80:0:0:0:73b1:736f:d0bc:46f%eth14
2026-05-07T19:57:11.494+0900 [DEBUG] [org.gradle.internal.remote.internal.inet.InetAddresses] Adding IP addresses for network interface Hyper-V Virtual Ethernet Adapter-WFP Native MAC Layer LightWeight Filter-0000
2026-05-07T19:57:11.496+0900 [DEBUG] [org.gradle.internal.remote.internal.inet.InetAddresses] Is this a loopback interface? false
2026-05-07T19:57:11.496+0900 [DEBUG] [org.gradle.internal.remote.internal.inet.InetAddresses] Adding IP addresses for network interface Hyper-V Virtual Ethernet Adapter-QoS Packet Scheduler-0000
2026-05-07T19:57:11.497+0900 [DEBUG] [org.gradle.internal.remote.internal.inet.InetAddresses] Is this a loopback interface? false
2026-05-07T19:57:11.498+0900 [DEBUG] [org.gradle.internal.remote.internal.inet.InetAddresses] Adding IP addresses for network interface Hyper-V Virtual Ethernet Adapter-WFP 802.3 MAC Layer LightWeight Filter-0000
2026-05-07T19:57:11.499+0900 [DEBUG] [org.gradle.internal.remote.internal.inet.InetAddresses] Is this a loopback interface? false
2026-05-07T19:57:11.513+0900 [DEBUG] [org.gradle.internal.nativeintegration.services.NativeServices] Native-platform posix files integration is not available. Continuing with fallback.
2026-05-07T19:57:11.530+0900 [INFO] [org.gradle.launcher.daemon.server.Daemon] start() called on daemon - DefaultDaemonContext[uid=5dac972f-ec43-4300-a420-26c030a0ae45,javaHome=C:\Program Files\Java\jdk-17,javaVersion=17,javaVendor=Oracle Corporation,daemonRegistryDir=D:\Codes\Pogun_Back\.gradle-user\daemon,pid=18340,idleTimeout=10800000,priority=NORMAL,applyInstrumentationAgent=true,nativeServicesMode=ENABLED,daemonOpts=-XX:MaxMetaspaceSize=384m,-XX:+HeapDumpOnOutOfMemoryError,-Xms256m,-Xmx512m,-Dfile.encoding=UTF-8,-Duser.country=KR,-Duser.language=ko,-Duser.variant]
2026-05-07T19:57:11.608+0900 [DEBUG] [org.gradle.internal.remote.internal.inet.TcpIncomingConnector] Listening on [2d2e04c4-409f-4478-b61d-78f10f300b0c port:60726, addresses:[localhost/127.0.0.1]].
2026-05-07T19:57:11.625+0900 [DEBUG] [org.gradle.launcher.daemon.server.Daemon] Daemon starting at: Thu May 07 19:57:11 KST 2026, with address: [2d2e04c4-409f-4478-b61d-78f10f300b0c port:60726, addresses:[localhost/127.0.0.1]]
2026-05-07T19:57:11.625+0900 [INFO] [org.gradle.launcher.daemon.server.DaemonRegistryUpdater] Advertising the daemon address to the clients: [2d2e04c4-409f-4478-b61d-78f10f300b0c port:60726, addresses:[localhost/127.0.0.1]]
2026-05-07T19:57:11.625+0900 [DEBUG] [org.gradle.launcher.daemon.server.DaemonRegistryUpdater] Advertised daemon context: DefaultDaemonContext[uid=5dac972f-ec43-4300-a420-26c030a0ae45,javaHome=C:\Program Files\Java\jdk-17,javaVersion=17,javaVendor=Oracle Corporation,daemonRegistryDir=D:\Codes\Pogun_Back\.gradle-user\daemon,pid=18340,idleTimeout=10800000,priority=NORMAL,applyInstrumentationAgent=true,nativeServicesMode=ENABLED,daemonOpts=-XX:MaxMetaspaceSize=384m,-XX:+HeapDumpOnOutOfMemoryError,-Xms256m,-Xmx512m,-Dfile.encoding=UTF-8,-Duser.country=KR,-Duser.language=ko,-Duser.variant]
2026-05-07T19:57:11.626+0900 [DEBUG] [org.gradle.launcher.daemon.registry.PersistentDaemonRegistry] Storing daemon address: [2d2e04c4-409f-4478-b61d-78f10f300b0c port:60726, addresses:[localhost/127.0.0.1]], context: DefaultDaemonContext[uid=5dac972f-ec43-4300-a420-26c030a0ae45,javaHome=C:\Program Files\Java\jdk-17,javaVersion=17,javaVendor=Oracle Corporation,daemonRegistryDir=D:\Codes\Pogun_Back\.gradle-user\daemon,pid=18340,idleTimeout=10800000,priority=NORMAL,applyInstrumentationAgent=true,nativeServicesMode=ENABLED,daemonOpts=-XX:MaxMetaspaceSize=384m,-XX:+HeapDumpOnOutOfMemoryError,-Xms256m,-Xmx512m,-Dfile.encoding=UTF-8,-Duser.country=KR,-Duser.language=ko,-Duser.variant]
2026-05-07T19:57:11.634+0900 [DEBUG] [org.gradle.cache.internal.DefaultFileLockManager] Waiting to acquire exclusive lock on daemon addresses registry.
2026-05-07T19:57:11.637+0900 [DEBUG] [org.gradle.cache.internal.DefaultFileLockManager] Lock acquired on daemon addresses registry.
2026-05-07T19:57:11.645+0900 [DEBUG] [org.gradle.cache.internal.DefaultFileLockManager] Releasing lock on daemon addresses registry.
2026-05-07T19:57:11.646+0900 [LIFECYCLE] [org.gradle.launcher.daemon.server.Daemon] Daemon server started.
2026-05-07T19:57:11.647+0900 [DEBUG] [org.gradle.launcher.daemon.bootstrap.DaemonStartupCommunication] Completed writing the daemon greeting. Closing streams...
2026-05-07T19:57:11.659+0900 [DEBUG] [org.gradle.launcher.daemon.server.Daemon] stopOnExpiration() called on daemon
2026-05-07T19:57:11.660+0900 [DEBUG] [org.gradle.launcher.daemon.server.Daemon] awaitExpiration() called on daemon
2026-05-07T19:57:11.661+0900 [DEBUG] [org.gradle.launcher.daemon.server.DaemonStateCoordinator] daemon is running. Sleeping until state changes.
2026-05-07T19:57:11.664+0900 [DEBUG] [org.gradle.internal.remote.internal.inet.TcpIncomingConnector] Accepted connection from /127.0.0.1:60727 to /127.0.0.1:60726.
2026-05-07T19:57:11.724+0900 [DEBUG] [org.gradle.launcher.daemon.server.SynchronizedDispatchConnection] thread 30: received class org.gradle.launcher.daemon.protocol.Build
2026-05-07T19:57:11.724+0900 [DEBUG] [org.gradle.launcher.daemon.server.DefaultDaemonConnection] thread 30: Received non-IO message from client: Build{id=1e0a1e19-d0bd-41d2-98c4-8aeb6fb3fa68, currentDir=D:\Codes\Pogun_Back}
2026-05-07T19:57:11.725+0900 [INFO] [org.gradle.launcher.daemon.server.DefaultIncomingConnectionHandler] Received command: Build{id=1e0a1e19-d0bd-41d2-98c4-8aeb6fb3fa68, currentDir=D:\Codes\Pogun_Back}.
2026-05-07T19:57:11.725+0900 [DEBUG] [org.gradle.launcher.daemon.server.DefaultIncomingConnectionHandler] Starting executing command: Build{id=1e0a1e19-d0bd-41d2-98c4-8aeb6fb3fa68, currentDir=D:\Codes\Pogun_Back} with connection: socket connection from /127.0.0.1:60726 to /127.0.0.1:60727.
2026-05-07T19:57:11.727+0900 [DEBUG] [org.gradle.launcher.daemon.server.DaemonStateCoordinator] Command execution: started DaemonCommandExecution[command = Build{id=1e0a1e19-d0bd-41d2-98c4-8aeb6fb3fa68, currentDir=D:\Codes\Pogun_Back}, connection = DefaultDaemonConnection: socket connection from /127.0.0.1:60726 to /127.0.0.1:60727] after 0.002116666666666667 minutes of idle
2026-05-07T19:57:11.727+0900 [INFO] [org.gradle.launcher.daemon.server.DaemonRegistryUpdater] Marking the daemon as busy, address: [2d2e04c4-409f-4478-b61d-78f10f300b0c port:60726, addresses:[localhost/127.0.0.1]]
2026-05-07T19:57:11.727+0900 [DEBUG] [org.gradle.launcher.daemon.registry.PersistentDaemonRegistry] Marking busy by address: [2d2e04c4-409f-4478-b61d-78f10f300b0c port:60726, addresses:[localhost/127.0.0.1]]
2026-05-07T19:57:11.729+0900 [DEBUG] [org.gradle.cache.internal.DefaultFileLockManager] Waiting to acquire exclusive lock on daemon addresses registry.
2026-05-07T19:57:11.730+0900 [DEBUG] [org.gradle.cache.internal.DefaultFileLockManager] Lock acquired on daemon addresses registry.
2026-05-07T19:57:11.730+0900 [DEBUG] [org.gradle.cache.internal.DefaultFileLockManager] Releasing lock on daemon addresses registry.
2026-05-07T19:57:11.731+0900 [DEBUG] [org.gradle.launcher.daemon.server.DaemonStateCoordinator] resetting idle timer
2026-05-07T19:57:11.731+0900 [DEBUG] [org.gradle.launcher.daemon.server.DaemonStateCoordinator] daemon is running. Sleeping until state changes.
2026-05-07T19:57:11.733+0900 [INFO] [org.gradle.launcher.daemon.server.exec.StartBuildOrRespondWithBusy] Daemon is about to start building Build{id=1e0a1e19-d0bd-41d2-98c4-8aeb6fb3fa68, currentDir=D:\Codes\Pogun_Back}. Dispatching build started information...
2026-05-07T19:57:11.733+0900 [DEBUG] [org.gradle.launcher.daemon.server.SynchronizedDispatchConnection] thread 32: dispatching org.gradle.launcher.daemon.protocol.BuildStarted@1ad54a88
2026-05-07T19:57:11.734+0900 [DEBUG] [org.gradle.launcher.daemon.server.exec.EstablishBuildEnvironment] Configuring env variables: [PYDEVD_DISABLE_FILE_VALIDATION, PYTHON_BASIC_REPL, SESSIONNAME, ALLUSERSPROFILE, VSCODE_PYTHON_AUTOACTIVATE_GUARD, SystemDrive, AWS_S3_BUCKET, VSCODE_INJECTION, COLORTERM, DIRNAME, USERNAME, APP_FIREBASE_AUTH_ALLOW_EMULATOR, VSCODE_GIT_ASKPASS_NODE, TERM_PROGRAM_VERSION, APP_ADMIN_WEBAUTHN_RP_ID, ProgramFiles(x86), FPS_BROWSER_USER_PROFILE_STRING, DEFAULT_JVM_OPTS, PATHEXT, DriverData, SHELTER_API_SERVICE_KEY, FIREBASE_WEB_STORAGE_BUCKET, HOMEPATH, PROCESSOR_IDENTIFIER, ProgramFiles, PUBLIC, APP_FIREBASE_AUTH_MODE, windir, ZES_ENABLE_SYSMAN, SPRING_WEB_RESOURCES_CACHE_PERIOD, IntelliJ IDEA, FPS_BROWSER_APP_PROFILE_STRING, SPRING_PROFILES_ACTIVE, JAVA_HOME, PROMPT, GIT_EDITOR, EFC_23092_2283032206, KAKAO_LOCAL_BASE_URL, OneDrive, APPDATA, GRADLE_USER_HOME, JAVA_EXE, APP_FIREBASE_AUTH_EMULATOR_PROJECT_ID, Path, REDIS_HOST, KAKAO_JAVASCRIPT_KEY, PyCharm, TERM_PROGRAM, COMPUTERNAME, FIREBASE_WEB_AUTH_DOMAIN, ComSpec, APP_BASE_NAME, GCLOUD_PROJECT, =D:, HOMEDRIVE, APP_ADMIN_WEBAUTHN_ALLOWED_ORIGINS, FIREBASE_WEB_VAPID_KEY, NUMBER_OF_PROCESSORS, DB_PASSWORD, EFC_23092_1592913036, USERDOMAIN_ROAMINGPROFILE, AI_API_KEY, PROCESSOR_LEVEL, GIT_MERGE_AUTOEDIT, FIREBASE_WEB_API_KEY, FIREBASE_KEY_BASE64, GIT_PAGER, PROCESSOR_ARCHITECTURE, VSCODE_GIT_IPC_HANDLE, EFC_23092_3789132940, PSModulePath, EFC_23092_1262719628, DB_USERNAME, REDIS_PORT, GIT_ASKPASS, CHROME_CRASHPAD_PIPE_NAME, VSCODE_DEBUGPY_ADAPTER_ENDPOINTS, APP_HOME, AWS_REGION, PORT, FIREBASE_WEB_MESSAGING_SENDER_ID, ProgramData, ProgramW6432, FIREBASE_WEB_PROJECT_ID, SPRING_WEB_RESOURCES_CACHE_CACHECONTROL_NO_STORE, KAKAO_REST_API_KEY, LOCALAPPDATA, USERDOMAIN, LOGONSERVER, LANG, EFC_23092_2775293581, APP_ADMIN_WEBAUTHN_RP_NAME, VSCODE_GIT_ASKPASS_MAIN, DB_URL, PYTHONSTARTUP, REDIS_PASSWORD, VSCODE_GIT_ASKPASS_EXTRA_ARGS, FIREBASE_PROJECT_ID, BUNDLED_DEBUGPY_PATH, FIREBASE_WEB_APP_ID, CommonProgramFiles, OS, SPRING_WEB_RESOURCES_STATIC_LOCATIONS, PROCESSOR_REVISION, CommonProgramW6432, FIREBASE_AUTH_EMULATOR_HOST, SystemRoot, TEMP, USERPROFILE, TMP, CommonProgramFiles(x86)]
2026-05-07T19:57:11.742+0900 [DEBUG] [org.gradle.launcher.daemon.server.exec.LogToClient] About to start relaying all logs to the client via the connection.
2026-05-07T19:57:11.743+0900 [INFO] [org.gradle.launcher.daemon.server.exec.LogToClient] The client will now receive all logging from the daemon (pid: 18340). The daemon log file: D:\Codes\Pogun_Back\.gradle-user\daemon\8.14\daemon-18340.out.log
2026-05-07T19:57:11.745+0900 [INFO] [org.gradle.launcher.daemon.server.exec.LogAndCheckHealth] Starting build in new daemon [memory: 512 MiB]
2026-05-07T19:57:11.747+0900 [DEBUG] [org.gradle.launcher.daemon.server.exec.ExecuteBuild] The daemon has started executing the build.
2026-05-07T19:57:11.747+0900 [DEBUG] [org.gradle.launcher.daemon.server.exec.ExecuteBuild] Executing build with daemon context: DefaultDaemonContext[uid=5dac972f-ec43-4300-a420-26c030a0ae45,javaHome=C:\Program Files\Java\jdk-17,javaVersion=17,javaVendor=Oracle Corporation,daemonRegistryDir=D:\Codes\Pogun_Back\.gradle-user\daemon,pid=18340,idleTimeout=10800000,priority=NORMAL,applyInstrumentationAgent=true,nativeServicesMode=ENABLED,daemonOpts=-XX:MaxMetaspaceSize=384m,-XX:+HeapDumpOnOutOfMemoryError,-Xms256m,-Xmx512m,-Dfile.encoding=UTF-8,-Duser.country=KR,-Duser.language=ko,-Duser.variant]

  .   ____          _            __ _ _
 /\\ / ___'_ __ _ _(_)_ __  __ _ \ \ \ \
( ( )\___ | '_ | '_| | '_ \/ _` | \ \ \ \
 \\/  ___)| |_)| | | | | || (_| |  ) ) ) )
  '  |____| .__|_| |_|_| |_\__, | / / / /
 =========|_|==============|___/=/_/_/_/

 :: Spring Boot ::                (v4.0.3)

2026-05-07T19:58:07.588+09:00  INFO 32280 --- [demo] [  restartedMain] com.example.pogun.DemoApplication        : Starting DemoApplication using Java 17.0.12 with PID 32280 (D:\Codes\Pogun_Back\build\classes\java\main started by myagmb28 in D:\Codes\Pogun_Back)
2026-05-07T19:58:07.591+09:00  INFO 32280 --- [demo] [  restartedMain] com.example.pogun.DemoApplication        : The following 1 profile is active: "local"
2026-05-07T19:58:07.646+09:00  INFO 32280 --- [demo] [  restartedMain] .e.DevToolsPropertyDefaultsPostProcessor : Devtools property defaults active! Set 'spring.devtools.add-properties' to 'false' to disable
2026-05-07T19:58:07.646+09:00  INFO 32280 --- [demo] [  restartedMain] .e.DevToolsPropertyDefaultsPostProcessor : For additional web related logging consider setting the 'logging.level.web' property to 'DEBUG'
2026-05-07T19:58:08.876+09:00  INFO 32280 --- [demo] [  restartedMain] .s.d.r.c.RepositoryConfigurationDelegate : Multiple Spring Data modules found, entering strict repository configuration mode
2026-05-07T19:58:08.879+09:00  INFO 32280 --- [demo] [  restartedMain] .s.d.r.c.RepositoryConfigurationDelegate : Bootstrapping Spring Data JPA repositories in DEFAULT mode.
2026-05-07T19:58:09.088+09:00  INFO 32280 --- [demo] [  restartedMain] .s.d.r.c.RepositoryConfigurationDelegate : Finished Spring Data repository scanning in 201 ms. Found 31 JPA repository interfaces.
2026-05-07T19:58:09.123+09:00  INFO 32280 --- [demo] [  restartedMain] .s.d.r.c.RepositoryConfigurationDelegate : Multiple Spring Data modules found, entering strict repository configuration mode
2026-05-07T19:58:09.124+09:00  INFO 32280 --- [demo] [  restartedMain] .s.d.r.c.RepositoryConfigurationDelegate : Bootstrapping Spring Data Redis repositories in DEFAULT mode.
2026-05-07T19:58:09.145+09:00  INFO 32280 --- [demo] [  restartedMain] .RepositoryConfigurationExtensionSupport : Spring Data Redis - Could not safely identify store assignment for repository candidate interface com.example.pogun.repository.admin.AdminAuditLogRepository; If you want this repository to be a Redis repository, consider annotating your entities with one of these annotations: org.springframework.data.redis.core.RedisHash (preferred), or consider extending one of the following types with your repository: org.springframework.data.keyvalue.repository.KeyValueRepository
2026-05-07T19:58:09.146+09:00  INFO 32280 --- [demo] [  restartedMain] .RepositoryConfigurationExtensionSupport : Spring Data Redis - Could not safely identify store assignment for repository candidate interface com.example.pogun.repository.admin.AdminAuthChallengeRepository; If you want this repository to be a Redis repository, consider annotating your entities with one of these annotations: org.springframework.data.redis.core.RedisHash (preferred), or consider extending one of the following types with your repository: org.springframework.data.keyvalue.repository.KeyValueRepository
2026-05-07T19:58:09.146+09:00  INFO 32280 --- [demo] [  restartedMain] .RepositoryConfigurationExtensionSupport : Spring Data Redis - Could not safely identify store assignment for repository candidate interface com.example.pogun.repository.admin.AdminIntegrationStatusRepository; If you want this repository to be a Redis repository, consider annotating your entities with one of these annotations: org.springframework.data.redis.core.RedisHash (preferred), or consider extending one of the following types with your repository: org.springframework.data.keyvalue.repository.KeyValueRepository
2026-05-07T19:58:09.147+09:00  INFO 32280 --- [demo] [  restartedMain] .RepositoryConfigurationExtensionSupport : Spring Data Redis - Could not safely identify store assignment for repository candidate interface com.example.pogun.repository.admin.AdminNotificationDispatchRepository; If you want this repository to be a Redis repository, consider annotating your entities with one of these annotations: org.springframework.data.redis.core.RedisHash (preferred), or consider extending one of the following types with your repository: org.springframework.data.keyvalue.repository.KeyValueRepository
2026-05-07T19:58:09.147+09:00  INFO 32280 --- [demo] [  restartedMain] .RepositoryConfigurationExtensionSupport : Spring Data Redis - Could not safely identify store assignment for repository candidate interface com.example.pogun.repository.admin.AdminPasskeyRepository; If you want this repository to be a Redis repository, consider annotating your entities with one of these annotations: org.springframework.data.redis.core.RedisHash (preferred), or consider extending one of the following types with your repository: org.springframework.data.keyvalue.repository.KeyValueRepository
2026-05-07T19:58:09.147+09:00  INFO 32280 --- [demo] [  restartedMain] .RepositoryConfigurationExtensionSupport : Spring Data Redis - Could not safely identify store assignment for repository candidate interface com.example.pogun.repository.admin.AdminPermissionAssignmentRepository; If you want this repository to be a Redis repository, consider annotating your entities with one of these annotations: org.springframework.data.redis.core.RedisHash (preferred), or consider extending one of the following types with your repository: org.springframework.data.keyvalue.repository.KeyValueRepository
2026-05-07T19:58:09.147+09:00  INFO 32280 --- [demo] [  restartedMain] .RepositoryConfigurationExtensionSupport : Spring Data Redis - Could not safely identify store assignment for repository candidate interface com.example.pogun.repository.admin.AdminReferenceDataRepository; If you want this repository to be a Redis repository, consider annotating your entities with one of these annotations: org.springframework.data.redis.core.RedisHash (preferred), or consider extending one of the following types with your repository: org.springframework.data.keyvalue.repository.KeyValueRepository
2026-05-07T19:58:09.148+09:00  INFO 32280 --- [demo] [  restartedMain] .RepositoryConfigurationExtensionSupport : Spring Data Redis - Could not safely identify store assignment for repository candidate interface com.example.pogun.repository.admin.AdminSessionRepository; If you want this repository to be a Redis repository, consider annotating your entities with one of these annotations: org.springframework.data.redis.core.RedisHash (preferred), or consider extending one of the following types with your repository: org.springframework.data.keyvalue.repository.KeyValueRepository
2026-05-07T19:58:09.148+09:00  INFO 32280 --- [demo] [  restartedMain] .RepositoryConfigurationExtensionSupport : Spring Data Redis - Could not safely identify store assignment for repository candidate interface com.example.pogun.repository.admin.AdminSettingRepository; If you want this repository to be a Redis repository, consider annotating your entities with one of these annotations: org.springframework.data.redis.core.RedisHash (preferred), or consider extending one of the following types with your repository: org.springframework.data.keyvalue.repository.KeyValueRepository
2026-05-07T19:58:09.149+09:00  INFO 32280 --- [demo] [  restartedMain] .RepositoryConfigurationExtensionSupport : Spring Data Redis - Could not safely identify store assignment for repository candidate interface com.example.pogun.repository.ai.AiAnalysisRepository; If you want this repository to be a Redis repository, consider annotating your entities with one of these annotations: org.springframework.data.redis.core.RedisHash (preferred), or consider extending one of the following types with your repository: org.springframework.data.keyvalue.repository.KeyValueRepository
2026-05-07T19:58:09.149+09:00  INFO 32280 --- [demo] [  restartedMain] .RepositoryConfigurationExtensionSupport : Spring Data Redis - Could not safely identify store assignment for repository candidate interface com.example.pogun.repository.bookmark.NoticeBookmarkRepository; If you want this repository to be a Redis repository, consider annotating your entities with one of these annotations: org.springframework.data.redis.core.RedisHash (preferred), or consider extending one of the following types with your repository: org.springframework.data.keyvalue.repository.KeyValueRepository
2026-05-07T19:58:09.149+09:00  INFO 32280 --- [demo] [  restartedMain] .RepositoryConfigurationExtensionSupport : Spring Data Redis - Could not safely identify store assignment for repository candidate interface com.example.pogun.repository.community.CommunityCommentRepository; If you want this repository to be a Redis repository, consider annotating your entities with one of these annotations: org.springframework.data.redis.core.RedisHash (preferred), or consider extending one of the following types with your repository: org.springframework.data.keyvalue.repository.KeyValueRepository
2026-05-07T19:58:09.149+09:00  INFO 32280 --- [demo] [  restartedMain] .RepositoryConfigurationExtensionSupport : Spring Data Redis - Could not safely identify store assignment for repository candidate interface com.example.pogun.repository.community.CommunityPostReactionRepository; If you want this repository to be a Redis repository, consider annotating your entities with one of these annotations: org.springframework.data.redis.core.RedisHash (preferred), or consider extending one of the following types with your repository: org.springframework.data.keyvalue.repository.KeyValueRepository
2026-05-07T19:58:09.149+09:00  INFO 32280 --- [demo] [  restartedMain] .RepositoryConfigurationExtensionSupport : Spring Data Redis - Could not safely identify store assignment for repository candidate interface com.example.pogun.repository.community.CommunityPostRepository; If you want this repository to be a Redis repository, consider annotating your entities with one of these annotations: org.springframework.data.redis.core.RedisHash (preferred), or consider extending one of the following types with your repository: org.springframework.data.keyvalue.repository.KeyValueRepository
2026-05-07T19:58:09.150+09:00  INFO 32280 --- [demo] [  restartedMain] .RepositoryConfigurationExtensionSupport : Spring Data Redis - Could not safely identify store assignment for repository candidate interface com.example.pogun.repository.community.CommunityPostVoteRepository; If you want this repository to be a Redis repository, consider annotating your entities with one of these annotations: org.springframework.data.redis.core.RedisHash (preferred), or consider extending one of the following types with your repository: org.springframework.data.keyvalue.repository.KeyValueRepository
2026-05-07T19:58:09.150+09:00  INFO 32280 --- [demo] [  restartedMain] .RepositoryConfigurationExtensionSupport : Spring Data Redis - Could not safely identify store assignment for repository candidate interface com.example.pogun.repository.missingpet.PetNoticeRepository; If you want this repository to be a Redis repository, consider annotating your entities with one of these annotations: org.springframework.data.redis.core.RedisHash (preferred), or consider extending one of the following types with your repository: org.springframework.data.keyvalue.repository.KeyValueRepository
2026-05-07T19:58:09.150+09:00  INFO 32280 --- [demo] [  restartedMain] .RepositoryConfigurationExtensionSupport : Spring Data Redis - Could not safely identify store assignment for repository candidate interface com.example.pogun.repository.noticechat.NoticeChatMessageImageRepository; If you want this repository to be a Redis repository, consider annotating your entities with one of these annotations: org.springframework.data.redis.core.RedisHash (preferred), or consider extending one of the following types with your repository: org.springframework.data.keyvalue.repository.KeyValueRepository
2026-05-07T19:58:09.151+09:00  INFO 32280 --- [demo] [  restartedMain] .RepositoryConfigurationExtensionSupport : Spring Data Redis - Could not safely identify store assignment for repository candidate interface com.example.pogun.repository.noticechat.NoticeChatMessageRepository; If you want this repository to be a Redis repository, consider annotating your entities with one of these annotations: org.springframework.data.redis.core.RedisHash (preferred), or consider extending one of the following types with your repository: org.springframework.data.keyvalue.repository.KeyValueRepository
2026-05-07T19:58:09.151+09:00  INFO 32280 --- [demo] [  restartedMain] .RepositoryConfigurationExtensionSupport : Spring Data Redis - Could not safely identify store assignment for repository candidate interface com.example.pogun.repository.noticechat.NoticeChatReadReceiptRepository; If you want this repository to be a Redis repository, consider annotating your entities with one of these annotations: org.springframework.data.redis.core.RedisHash (preferred), or consider extending one of the following types with your repository: org.springframework.data.keyvalue.repository.KeyValueRepository
2026-05-07T19:58:09.151+09:00  INFO 32280 --- [demo] [  restartedMain] .RepositoryConfigurationExtensionSupport : Spring Data Redis - Could not safely identify store assignment for repository candidate interface com.example.pogun.repository.noticechat.NoticeChatRoomParticipantStateRepository; If you want this repository to be a Redis repository, consider annotating your entities with one of these annotations: org.springframework.data.redis.core.RedisHash (preferred), or consider extending one of the following types with your repository: org.springframework.data.keyvalue.repository.KeyValueRepository
2026-05-07T19:58:09.151+09:00  INFO 32280 --- [demo] [  restartedMain] .RepositoryConfigurationExtensionSupport : Spring Data Redis - Could not safely identify store assignment for repository candidate interface com.example.pogun.repository.noticechat.NoticeChatRoomRepository; If you want this repository to be a Redis repository, consider annotating your entities with one of these annotations: org.springframework.data.redis.core.RedisHash (preferred), or consider extending one of the following types with your repository: org.springframework.data.keyvalue.repository.KeyValueRepository
2026-05-07T19:58:09.151+09:00  INFO 32280 --- [demo] [  restartedMain] .RepositoryConfigurationExtensionSupport : Spring Data Redis - Could not safely identify store assignment for repository candidate interface com.example.pogun.repository.notification.NotificationRepository; If you want this repository to be a Redis repository, consider annotating your entities with one of these annotations: org.springframework.data.redis.core.RedisHash (preferred), or consider extending one of the following types with your repository: org.springframework.data.keyvalue.repository.KeyValueRepository
2026-05-07T19:58:09.151+09:00  INFO 32280 --- [demo] [  restartedMain] .RepositoryConfigurationExtensionSupport : Spring Data Redis - Could not safely identify store assignment for repository candidate interface com.example.pogun.repository.notification.UserFcmTokenRepository; If you want this repository to be a Redis repository, consider annotating your entities with one of these annotations: org.springframework.data.redis.core.RedisHash (preferred), or consider extending one of the following types with your repository: org.springframework.data.keyvalue.repository.KeyValueRepository
2026-05-07T19:58:09.152+09:00  INFO 32280 --- [demo] [  restartedMain] .RepositoryConfigurationExtensionSupport : Spring Data Redis - Could not safely identify store assignment for repository candidate interface com.example.pogun.repository.notification.UserNotificationSettingRepository; If you want this repository to be a Redis repository, consider annotating your entities with one of these annotations: org.springframework.data.redis.core.RedisHash (preferred), or consider extending one of the following types with your repository: org.springframework.data.keyvalue.repository.KeyValueRepository
2026-05-07T19:58:09.152+09:00  INFO 32280 --- [demo] [  restartedMain] .RepositoryConfigurationExtensionSupport : Spring Data Redis - Could not safely identify store assignment for repository candidate interface com.example.pogun.repository.report.ReportRepository; If you want this repository to be a Redis repository, consider annotating your entities with one of these annotations: org.springframework.data.redis.core.RedisHash (preferred), or consider extending one of the following types with your repository: org.springframework.data.keyvalue.repository.KeyValueRepository
2026-05-07T19:58:09.152+09:00  INFO 32280 --- [demo] [  restartedMain] .RepositoryConfigurationExtensionSupport : Spring Data Redis - Could not safely identify store assignment for repository candidate interface com.example.pogun.repository.shelterpet.ShelterPetRepository; If you want this repository to be a Redis repository, consider annotating your entities with one of these annotations: org.springframework.data.redis.core.RedisHash (preferred), or consider extending one of the following types with your repository: org.springframework.data.keyvalue.repository.KeyValueRepository
2026-05-07T19:58:09.152+09:00  INFO 32280 --- [demo] [  restartedMain] .RepositoryConfigurationExtensionSupport : Spring Data Redis - Could not safely identify store assignment for repository candidate interface com.example.pogun.repository.user.PendingSocialSignupRepository; If you want this repository to be a Redis repository, consider annotating your entities with one of these annotations: org.springframework.data.redis.core.RedisHash (preferred), or consider extending one of the following types with your repository: org.springframework.data.keyvalue.repository.KeyValueRepository
2026-05-07T19:58:09.153+09:00  INFO 32280 --- [demo] [  restartedMain] .RepositoryConfigurationExtensionSupport : Spring Data Redis - Could not safely identify store assignment for repository candidate interface com.example.pogun.repository.user.UserBlockRepository; If you want this repository to be a Redis repository, consider annotating your entities with one of these annotations: org.springframework.data.redis.core.RedisHash (preferred), or consider extending one of the following types with your repository: org.springframework.data.keyvalue.repository.KeyValueRepository
2026-05-07T19:58:09.153+09:00  INFO 32280 --- [demo] [  restartedMain] .RepositoryConfigurationExtensionSupport : Spring Data Redis - Could not safely identify store assignment for repository candidate interface com.example.pogun.repository.user.UserFollowRepository; If you want this repository to be a Redis repository, consider annotating your entities with one of these annotations: org.springframework.data.redis.core.RedisHash (preferred), or consider extending one of the following types with your repository: org.springframework.data.keyvalue.repository.KeyValueRepository
2026-05-07T19:58:09.153+09:00  INFO 32280 --- [demo] [  restartedMain] .RepositoryConfigurationExtensionSupport : Spring Data Redis - Could not safely identify store assignment for repository candidate interface com.example.pogun.repository.user.UserRepository; If you want this repository to be a Redis repository, consider annotating your entities with one of these annotations: org.springframework.data.redis.core.RedisHash (preferred), or consider extending one of the following types with your repository: org.springframework.data.keyvalue.repository.KeyValueRepository
2026-05-07T19:58:09.153+09:00  INFO 32280 --- [demo] [  restartedMain] .RepositoryConfigurationExtensionSupport : Spring Data Redis - Could not safely identify store assignment for repository candidate interface com.example.pogun.repository.user.UserSocialAccountRepository; If you want this repository to be a Redis repository, consider annotating your entities with one of these annotations: org.springframework.data.redis.core.RedisHash (preferred), or consider extending one of the following types with your repository: org.springframework.data.keyvalue.repository.KeyValueRepository
2026-05-07T19:58:09.154+09:00  INFO 32280 --- [demo] [  restartedMain] .s.d.r.c.RepositoryConfigurationDelegate : Finished Spring Data repository scanning in 21 ms. Found 0 Redis repository interfaces.
2026-05-07T19:58:10.232+09:00  INFO 32280 --- [demo] [  restartedMain] o.s.boot.tomcat.TomcatWebServer          : Tomcat initialized with port 8081 (http)
2026-05-07T19:58:10.256+09:00  INFO 32280 --- [demo] [  restartedMain] o.apache.catalina.core.StandardService   : Starting service [Tomcat]
2026-05-07T19:58:10.259+09:00  INFO 32280 --- [demo] [  restartedMain] o.apache.catalina.core.StandardEngine    : Starting Servlet engine: [Apache Tomcat/11.0.18]
2026-05-07T19:58:10.322+09:00  INFO 32280 --- [demo] [  restartedMain] b.w.c.s.WebApplicationContextInitializer : Root WebApplicationContext: initialization completed in 2669 ms
2026-05-07T19:58:10.609+09:00  INFO 32280 --- [demo] [  restartedMain] org.hibernate.orm.jpa                    : HHH008540: Processing PersistenceUnitInfo [name: default]
2026-05-07T19:58:10.754+09:00  INFO 32280 --- [demo] [  restartedMain] org.hibernate.orm.core                   : HHH000001: Hibernate ORM core version 7.2.4.Final
2026-05-07T19:58:11.833+09:00  INFO 32280 --- [demo] [  restartedMain] o.s.o.j.p.SpringPersistenceUnitInfo      : No LoadTimeWeaver setup: ignoring JPA class transformer
2026-05-07T19:58:11.919+09:00  INFO 32280 --- [demo] [  restartedMain] com.zaxxer.hikari.HikariDataSource       : HikariPool-1 - Starting...
2026-05-07T19:58:13.217+09:00  INFO 32280 --- [demo] [  restartedMain] com.zaxxer.hikari.pool.HikariPool        : HikariPool-1 - Added connection org.postgresql.jdbc.PgConnection@78c8ea38
2026-05-07T19:58:13.219+09:00  INFO 32280 --- [demo] [  restartedMain] com.zaxxer.hikari.HikariDataSource       : HikariPool-1 - Start completed.
2026-05-07T19:58:13.344+09:00  WARN 32280 --- [demo] [  restartedMain] org.hibernate.orm.deprecation            : HHH90000025: PostgreSQLDialect does not need to be specified explicitly using 'hibernate.dialect' (remove the property setting and it will be selected by default)
2026-05-07T19:58:13.682+09:00  INFO 32280 --- [demo] [  restartedMain] org.hibernate.orm.connections.pooling    : HHH10001005: Database info:
	Database JDBC URL [jdbc:postgresql://ep-green-glade-a1m7t7ud-pooler.ap-southeast-1.aws.neon.tech/neondb?sslmode=require]
	Database driver: PostgreSQL JDBC Driver
	Database dialect: PostgreSQLDialect
	Database version: 17.8
	Default catalog/schema: neondb/public
	Autocommit mode: undefined/unknown
	Isolation level: READ_COMMITTED [default READ_COMMITTED]
	JDBC fetch size: none
	Pool: DataSourceConnectionProvider
	Minimum pool size: undefined/unknown
	Maximum pool size: undefined/unknown
2026-05-07T19:58:15.396+09:00  INFO 32280 --- [demo] [  restartedMain] org.hibernate.orm.core                   : HHH000489: No JTA platform available (set 'hibernate.transaction.jta.platform' to enable JTA platform integration)
2026-05-07T19:58:16.613+09:00  INFO 32280 --- [demo] [  restartedMain] j.LocalContainerEntityManagerFactoryBean : Initialized JPA EntityManagerFactory for persistence unit 'default'
2026-05-07T19:58:16.675+09:00  INFO 32280 --- [demo] [  restartedMain] o.s.d.j.r.query.QueryEnhancerFactories   : Hibernate is in classpath; If applicable, HQL parser will be used.
2026-05-07T19:58:19.943+09:00  WARN 32280 --- [demo] [  restartedMain] .s.a.UserDetailsServiceAutoConfiguration : 

Using generated security password: e94c6e45-a29b-4316-8d1e-af245bd4c241

This generated password is for development use only. Your security configuration must be updated before running your application in production.

2026-05-07T19:58:19.952+09:00  INFO 32280 --- [demo] [  restartedMain] r$InitializeUserDetailsManagerConfigurer : Global AuthenticationManager configured with UserDetailsService bean with name inMemoryUserDetailsManager
2026-05-07T19:58:20.111+09:00  WARN 32280 --- [demo] [  restartedMain] o.s.s.c.a.web.builders.WebSecurity       : You are asking Spring Security to ignore PathPattern [/Full_Compact.html]. This is not recommended -- please use permitAll via HttpSecurity#authorizeHttpRequests instead.
2026-05-07T19:58:20.111+09:00  WARN 32280 --- [demo] [  restartedMain] o.s.s.c.a.web.builders.WebSecurity       : You are asking Spring Security to ignore PathPattern [/full_compact/**]. This is not recommended -- please use permitAll via HttpSecurity#authorizeHttpRequests instead.
2026-05-07T19:58:20.112+09:00  WARN 32280 --- [demo] [  restartedMain] o.s.s.c.a.web.builders.WebSecurity       : You are asking Spring Security to ignore PathPattern [/admin-flow.html]. This is not recommended -- please use permitAll via HttpSecurity#authorizeHttpRequests instead.
2026-05-07T19:58:20.112+09:00  WARN 32280 --- [demo] [  restartedMain] o.s.s.c.a.web.builders.WebSecurity       : You are asking Spring Security to ignore PathPattern [/login-flow.html]. This is not recommended -- please use permitAll via HttpSecurity#authorizeHttpRequests instead.
2026-05-07T19:58:20.112+09:00  WARN 32280 --- [demo] [  restartedMain] o.s.s.c.a.web.builders.WebSecurity       : You are asking Spring Security to ignore PathPattern [/notice-flow.html]. This is not recommended -- please use permitAll via HttpSecurity#authorizeHttpRequests instead.
2026-05-07T19:58:20.112+09:00  WARN 32280 --- [demo] [  restartedMain] o.s.s.c.a.web.builders.WebSecurity       : You are asking Spring Security to ignore PathPattern [/dm-flow.html]. This is not recommended -- please use permitAll via HttpSecurity#authorizeHttpRequests instead.
2026-05-07T19:58:20.112+09:00  WARN 32280 --- [demo] [  restartedMain] o.s.s.c.a.web.builders.WebSecurity       : You are asking Spring Security to ignore PathPattern [/notification-flow.html]. This is not recommended -- please use permitAll via HttpSecurity#authorizeHttpRequests instead.
2026-05-07T19:58:20.112+09:00  WARN 32280 --- [demo] [  restartedMain] o.s.s.c.a.web.builders.WebSecurity       : You are asking Spring Security to ignore PathPattern [/shelter-flow.html]. This is not recommended -- please use permitAll via HttpSecurity#authorizeHttpRequests instead.
2026-05-07T19:58:20.112+09:00  WARN 32280 --- [demo] [  restartedMain] o.s.s.c.a.web.builders.WebSecurity       : You are asking Spring Security to ignore PathPattern [/admin-local-bootstrap.js]. This is not recommended -- please use permitAll via HttpSecurity#authorizeHttpRequests instead.
2026-05-07T19:58:20.112+09:00  WARN 32280 --- [demo] [  restartedMain] o.s.s.c.a.web.builders.WebSecurity       : You are asking Spring Security to ignore PathPattern [/firebase-web-config.js]. This is not recommended -- please use permitAll via HttpSecurity#authorizeHttpRequests instead.
2026-05-07T19:58:20.112+09:00  WARN 32280 --- [demo] [  restartedMain] o.s.s.c.a.web.builders.WebSecurity       : You are asking Spring Security to ignore PathPattern [/global-presence.js]. This is not recommended -- please use permitAll via HttpSecurity#authorizeHttpRequests instead.
2026-05-07T19:58:20.112+09:00  WARN 32280 --- [demo] [  restartedMain] o.s.s.c.a.web.builders.WebSecurity       : You are asking Spring Security to ignore PathPattern [/notification-web.js]. This is not recommended -- please use permitAll via HttpSecurity#authorizeHttpRequests instead.
2026-05-07T19:58:20.112+09:00  WARN 32280 --- [demo] [  restartedMain] o.s.s.c.a.web.builders.WebSecurity       : You are asking Spring Security to ignore PathPattern [/notification-push.js]. This is not recommended -- please use permitAll via HttpSecurity#authorizeHttpRequests instead.
2026-05-07T19:58:20.112+09:00  WARN 32280 --- [demo] [  restartedMain] o.s.s.c.a.web.builders.WebSecurity       : You are asking Spring Security to ignore PathPattern [/firebase-messaging-sw.js]. This is not recommended -- please use permitAll via HttpSecurity#authorizeHttpRequests instead.
2026-05-07T19:58:20.112+09:00  WARN 32280 --- [demo] [  restartedMain] o.s.s.c.a.web.builders.WebSecurity       : You are asking Spring Security to ignore PathPattern [/js/**]. This is not recommended -- please use permitAll via HttpSecurity#authorizeHttpRequests instead.
2026-05-07T19:58:20.647+09:00  INFO 32280 --- [demo] [  restartedMain] o.s.m.s.b.SimpleBrokerMessageHandler     : Starting...
2026-05-07T19:58:20.648+09:00  INFO 32280 --- [demo] [  restartedMain] o.s.m.s.b.SimpleBrokerMessageHandler     : BrokerAvailabilityEvent[available=true, SimpleBrokerMessageHandler [org.springframework.messaging.simp.broker.DefaultSubscriptionRegistry@32c7424d]]
2026-05-07T19:58:20.650+09:00  INFO 32280 --- [demo] [  restartedMain] o.s.m.s.b.SimpleBrokerMessageHandler     : Started.
2026-05-07T19:58:20.669+09:00  INFO 32280 --- [demo] [  restartedMain] o.s.boot.tomcat.TomcatWebServer          : Tomcat started on port 8081 (http) with context path '/'
2026-05-07T19:58:20.676+09:00  INFO 32280 --- [demo] [  restartedMain] o.s.s.config.TaskSchedulerRouter         : More than one TaskScheduler bean exists within the context, and none is named 'taskScheduler'. Mark one of them as primary or name it 'taskScheduler' (possibly as an alias); or implement the SchedulingConfigurer interface and call ScheduledTaskRegistrar#setScheduler explicitly within the configureTasks() callback: [clientInboundChannelExecutor, clientOutboundChannelExecutor, messageBrokerTaskScheduler, webSocketHeartbeatTaskScheduler]
2026-05-07T19:58:20.683+09:00  INFO 32280 --- [demo] [  restartedMain] com.example.pogun.DemoApplication        : Started DemoApplication in 13.565 seconds (process running for 13.981)
2026-05-07T19:59:20.673+09:00  INFO 32280 --- [demo] [MessageBroker-1] o.s.w.s.c.WebSocketMessageBrokerStats    : WebSocketSession[0 current WS(0)-HttpStream(0)-HttpPoll(0), 0 total, 0 closed abnormally (0 connect failure, 0 send limit, 0 transport error)], stompSubProtocol[processed CONNECT(0)-CONNECTED(0)-DISCONNECT(0)], stompBrokerRelay[null], inboundChannel[unknown], outboundChannel[unknown], sockJsScheduler[pool size = 1, active threads = 1, queued tasks = 0, completed tasks = 0]
2026-05-07T19:59:31.413+09:00  INFO 32280 --- [demo] [nio-8081-exec-1] o.a.c.c.C.[Tomcat].[localhost].[/]       : Initializing Spring DispatcherServlet 'dispatcherServlet'
2026-05-07T19:59:31.413+09:00  INFO 32280 --- [demo] [nio-8081-exec-1] o.s.web.servlet.DispatcherServlet        : Initializing Servlet 'dispatcherServlet'
2026-05-07T19:59:31.511+09:00  INFO 32280 --- [demo] [nio-8081-exec-1] o.s.web.servlet.DispatcherServlet        : Completed initialization in 96 ms
2026-05-07T19:59:32.071+09:00  INFO 32280 --- [demo] [nio-8081-exec-5] c.e.p.s.auth.FirebaseIdentityService     : [FirebaseTokenVerify] provider_verified_in_111ms
2026-05-07T19:59:32.071+09:00  INFO 32280 --- [demo] [nio-8081-exec-9] c.e.p.s.auth.FirebaseIdentityService     : [FirebaseTokenVerify] provider_verified_in_151ms
2026-05-07T19:59:32.269+09:00  INFO 32280 --- [demo] [nio-8081-exec-3] c.e.p.controller.auth.AuthController     : [LOGIN_ENDPOINT] /api/auth/login request received
2026-05-07T19:59:32.269+09:00  INFO 32280 --- [demo] [nio-8081-exec-4] c.e.p.controller.auth.AuthController     : [LOGIN_ENDPOINT] /api/auth/login request received
2026-05-07T19:59:32.269+09:00  INFO 32280 --- [demo] [nio-8081-exec-8] c.e.p.controller.auth.AuthController     : [LOGIN_ENDPOINT] /api/auth/login request received
2026-05-07T19:59:32.349+09:00  INFO 32280 --- [demo] [nio-8081-exec-4] c.e.pogun.service.auth.AuthService       : [LOGIN] loginOrSignUp started, token_length=521
2026-05-07T19:59:32.349+09:00  INFO 32280 --- [demo] [nio-8081-exec-4] c.e.p.s.auth.FirebaseIdentityService     : [FirebaseTokenVerify] provider_verified_in_0ms
2026-05-07T19:59:32.349+09:00  INFO 32280 --- [demo] [nio-8081-exec-4] c.e.pogun.service.auth.AuthService       : [LOGIN] Firebase token verified in 0ms
2026-05-07T19:59:32.649+09:00  INFO 32280 --- [demo] [nio-8081-exec-8] c.e.pogun.service.auth.AuthService       : [LOGIN] loginOrSignUp started, token_length=521
2026-05-07T19:59:32.650+09:00  INFO 32280 --- [demo] [nio-8081-exec-8] c.e.p.s.auth.FirebaseIdentityService     : [FirebaseTokenVerify] provider_verified_in_1ms
2026-05-07T19:59:32.650+09:00  INFO 32280 --- [demo] [nio-8081-exec-8] c.e.pogun.service.auth.AuthService       : [LOGIN] Firebase token verified in 1ms
2026-05-07T19:59:32.911+09:00  INFO 32280 --- [demo] [nio-8081-exec-3] c.e.pogun.service.auth.AuthService       : [LOGIN] loginOrSignUp started, token_length=521
2026-05-07T19:59:32.912+09:00  INFO 32280 --- [demo] [nio-8081-exec-3] c.e.p.s.auth.FirebaseIdentityService     : [FirebaseTokenVerify] provider_verified_in_0ms
2026-05-07T19:59:32.912+09:00  INFO 32280 --- [demo] [nio-8081-exec-3] c.e.pogun.service.auth.AuthService       : [LOGIN] Firebase token verified in 0ms
2026-05-07T19:59:33.461+09:00  INFO 32280 --- [demo] [nio-8081-exec-4] c.e.p.controller.auth.AuthController     : [LOGIN_ENDPOINT] /api/auth/login completed in 1193ms
2026-05-07T19:59:33.665+09:00  INFO 32280 --- [demo] [nio-8081-exec-1] c.e.p.s.auth.FirebaseIdentityService     : [FirebaseTokenVerify] provider_verified_in_1ms
2026-05-07T19:59:33.828+09:00  INFO 32280 --- [demo] [nio-8081-exec-8] c.e.p.controller.auth.AuthController     : [LOGIN_ENDPOINT] /api/auth/login completed in 1560ms
2026-05-07T19:59:33.832+09:00  INFO 32280 --- [demo] [io-8081-exec-10] c.e.p.s.auth.FirebaseIdentityService     : [FirebaseTokenVerify] provider_verified_in_0ms
2026-05-07T19:59:33.978+09:00  INFO 32280 --- [demo] [nio-8081-exec-6] c.e.p.s.auth.FirebaseIdentityService     : [FirebaseTokenVerify] provider_verified_in_1ms
2026-05-07T19:59:34.225+09:00  INFO 32280 --- [demo] [nio-8081-exec-3] c.e.p.controller.auth.AuthController     : [LOGIN_ENDPOINT] /api/auth/login completed in 1956ms
2026-05-07T19:59:34.231+09:00  INFO 32280 --- [demo] [nio-8081-exec-2] c.e.p.s.auth.FirebaseIdentityService     : [FirebaseTokenVerify] provider_verified_in_1ms
2026-05-07T19:59:34.365+09:00  INFO 32280 --- [demo] [nio-8081-exec-4] c.e.p.s.auth.FirebaseIdentityService     : [FirebaseTokenVerify] provider_verified_in_1ms
2026-05-07T19:59:34.571+09:00  INFO 32280 --- [demo] [nio-8081-exec-3] c.e.p.s.auth.FirebaseIdentityService     : [FirebaseTokenVerify] provider_verified_in_1ms
2026-05-07T19:59:34.679+09:00  INFO 32280 --- [demo] [nio-8081-exec-4] c.e.p.s.auth.FirebaseIdentityService     : [FirebaseTokenVerify] provider_verified_in_0ms
2026-05-07T19:59:34.859+09:00  INFO 32280 --- [demo] [nio-8081-exec-9] c.e.p.s.auth.FirebaseIdentityService     : [FirebaseTokenVerify] provider_verified_in_0ms
2026-05-07T19:59:36.622+09:00  INFO 32280 --- [demo] [nio-8081-exec-9] c.e.p.s.auth.FirebaseIdentityService     : [FirebaseTokenVerify] provider_verified_in_1ms
2026-05-07T19:59:36.940+09:00  INFO 32280 --- [demo] [io-8081-exec-10] c.e.p.s.auth.FirebaseIdentityService     : [FirebaseTokenVerify] provider_verified_in_0ms
2026-05-07T19:59:37.047+09:00  INFO 32280 --- [demo] [nio-8081-exec-1] c.e.p.s.auth.FirebaseIdentityService     : [FirebaseTokenVerify] provider_verified_in_0ms
2026-05-07T19:59:37.366+09:00  INFO 32280 --- [demo] [nio-8081-exec-2] c.e.p.s.auth.FirebaseIdentityService     : [FirebaseTokenVerify] provider_verified_in_0ms
2026-05-07T19:59:37.472+09:00  INFO 32280 --- [demo] [nio-8081-exec-5] c.e.p.c.NoticeChatWebSocketEventListener : [ws-event] disconnected uid=Y8rMFvMRjDEAYSQ84UMqLxoqjmML sessionId=8c3b2045-d6c1-92d1-9f38-5f2ba3e20750 closeStatus=CloseStatus[code=1000, reason=reconnect:visibilitychange:visible]
2026-05-07T19:59:37.507+09:00  INFO 32280 --- [demo] [nio-8081-exec-6] c.e.p.s.auth.FirebaseIdentityService     : [FirebaseTokenVerify] provider_verified_in_0ms
2026-05-07T19:59:37.570+09:00  INFO 32280 --- [demo] [nio-8081-exec-5] c.e.p.service.user.UserPresenceService   : [presence] websocket disconnected but still active uid=Y8rMFvMRjDEAYSQ84UMqLxoqjmML sessionId=8c3b2045-d6c1-92d1-9f38-5f2ba3e20750
2026-05-07T19:59:37.692+09:00  INFO 32280 --- [demo] [nio-8081-exec-6] c.e.p.s.auth.FirebaseIdentityService     : [FirebaseTokenVerify] provider_verified_in_1ms
2026-05-07T19:59:38.297+09:00  INFO 32280 --- [demo] [nio-8081-exec-7] c.e.p.s.auth.FirebaseIdentityService     : [FirebaseTokenVerify] provider_verified_in_0ms
2026-05-07T19:59:38.306+09:00  INFO 32280 --- [demo] [nio-8081-exec-2] c.e.p.s.auth.FirebaseIdentityService     : [FirebaseTokenVerify] provider_verified_in_0ms
2026-05-07T19:59:38.412+09:00  INFO 32280 --- [demo] [nio-8081-exec-1] c.e.p.s.auth.FirebaseIdentityService     : [FirebaseTokenVerify] provider_verified_in_1ms
2026-05-07T19:59:38.650+09:00  INFO 32280 --- [demo] [nio-8081-exec-5] c.e.p.s.auth.FirebaseIdentityService     : [FirebaseTokenVerify] provider_verified_in_0ms
2026-05-07T19:59:39.223+09:00  INFO 32280 --- [demo] [nio-8081-exec-8] c.e.p.s.auth.FirebaseIdentityService     : [FirebaseTokenVerify] provider_verified_in_1ms
2026-05-07T19:59:39.223+09:00  INFO 32280 --- [demo] [nio-8081-exec-9] c.e.p.s.auth.FirebaseIdentityService     : [FirebaseTokenVerify] provider_verified_in_0ms
2026-05-07T19:59:39.325+09:00  INFO 32280 --- [demo] [nio-8081-exec-3] c.e.p.s.auth.FirebaseIdentityService     : [FirebaseTokenVerify] provider_verified_in_0ms
2026-05-07T19:59:39.549+09:00  INFO 32280 --- [demo] [nio-8081-exec-2] c.e.p.s.auth.FirebaseIdentityService     : [FirebaseTokenVerify] provider_verified_in_0ms
2026-05-07T19:59:39.550+09:00  INFO 32280 --- [demo] [nio-8081-exec-7] c.e.p.s.auth.FirebaseIdentityService     : [FirebaseTokenVerify] provider_verified_in_1ms
2026-05-07T19:59:39.573+09:00  INFO 32280 --- [demo] [nio-8081-exec-1] c.e.p.s.auth.FirebaseIdentityService     : [FirebaseTokenVerify] provider_verified_in_0ms
2026-05-07T19:59:39.903+09:00  INFO 32280 --- [demo] [nio-8081-exec-4] c.e.p.s.auth.FirebaseIdentityService     : [FirebaseTokenVerify] provider_verified_in_0ms
2026-05-07T19:59:39.977+09:00  INFO 32280 --- [demo] [nio-8081-exec-8] c.e.p.s.auth.FirebaseIdentityService     : [FirebaseTokenVerify] provider_verified_in_1ms
2026-05-07T19:59:39.977+09:00  INFO 32280 --- [demo] [nio-8081-exec-5] c.e.p.s.auth.FirebaseIdentityService     : [FirebaseTokenVerify] provider_verified_in_1ms
2026-05-07T19:59:39.997+09:00  INFO 32280 --- [demo] [nio-8081-exec-9] c.e.p.s.auth.FirebaseIdentityService     : [FirebaseTokenVerify] provider_verified_in_1ms
2026-05-07T19:59:40.045+09:00  INFO 32280 --- [demo] [nio-8081-exec-2] c.e.p.s.auth.FirebaseIdentityService     : [FirebaseTokenVerify] provider_verified_in_0ms
2026-05-07T19:59:42.865+09:00  INFO 32280 --- [demo] [nio-8081-exec-6] c.e.p.s.auth.FirebaseIdentityService     : [FirebaseTokenVerify] provider_verified_in_0ms
2026-05-07T19:59:42.874+09:00  INFO 32280 --- [demo] [nio-8081-exec-4] c.e.p.s.auth.FirebaseIdentityService     : [FirebaseTokenVerify] provider_verified_in_0ms
2026-05-07T19:59:48.444+09:00  INFO 32280 --- [demo] [nio-8081-exec-7] c.e.p.s.auth.FirebaseIdentityService     : [FirebaseTokenVerify] provider_verified_in_0ms
2026-05-07T19:59:48.444+09:00  INFO 32280 --- [demo] [io-8081-exec-10] c.e.p.s.auth.FirebaseIdentityService     : [FirebaseTokenVerify] provider_verified_in_0ms
2026-05-07T19:59:48.446+09:00  INFO 32280 --- [demo] [nio-8081-exec-1] c.e.p.s.auth.FirebaseIdentityService     : [FirebaseTokenVerify] provider_verified_in_0ms
2026-05-07T19:59:48.448+09:00  INFO 32280 --- [demo] [nio-8081-exec-8] c.e.p.s.auth.FirebaseIdentityService     : [FirebaseTokenVerify] provider_verified_in_2ms
2026-05-07T19:59:48.449+09:00  INFO 32280 --- [demo] [nio-8081-exec-4] c.e.p.s.auth.FirebaseIdentityService     : [FirebaseTokenVerify] provider_verified_in_1ms
2026-05-07T19:59:48.764+09:00  INFO 32280 --- [demo] [nio-8081-exec-2] c.e.p.s.auth.FirebaseIdentityService     : [FirebaseTokenVerify] provider_verified_in_0ms
2026-05-07T19:59:53.608+09:00 ERROR 32280 --- [demo] [nio-8081-exec-6] c.e.p.c.common.GlobalExceptionHandler    : Unhandled exception: 

org.springframework.web.servlet.resource.NoResourceFoundException: No static resource swagger.html for request '/swagger.html'.
	at org.springframework.web.servlet.resource.ResourceHttpRequestHandler.handleRequest(ResourceHttpRequestHandler.java:527) ~[spring-webmvc-7.0.5.jar:7.0.5]
	at org.springframework.web.servlet.mvc.HttpRequestHandlerAdapter.handle(HttpRequestHandlerAdapter.java:50) ~[spring-webmvc-7.0.5.jar:7.0.5]
	at org.springframework.web.servlet.DispatcherServlet.doDispatch(DispatcherServlet.java:963) ~[spring-webmvc-7.0.5.jar:7.0.5]
	at org.springframework.web.servlet.DispatcherServlet.doService(DispatcherServlet.java:866) ~[spring-webmvc-7.0.5.jar:7.0.5]
	at org.springframework.web.servlet.FrameworkServlet.processRequest(FrameworkServlet.java:1000) ~[spring-webmvc-7.0.5.jar:7.0.5]
	at org.springframework.web.servlet.FrameworkServlet.doGet(FrameworkServlet.java:892) ~[spring-webmvc-7.0.5.jar:7.0.5]
	at jakarta.servlet.http.HttpServlet.service(HttpServlet.java:622) ~[tomcat-embed-core-11.0.18.jar:6.1]
	at org.springframework.web.servlet.FrameworkServlet.service(FrameworkServlet.java:874) ~[spring-webmvc-7.0.5.jar:7.0.5]
	at jakarta.servlet.http.HttpServlet.service(HttpServlet.java:710) ~[tomcat-embed-core-11.0.18.jar:6.1]
	at org.apache.catalina.core.ApplicationFilterChain.doFilter(ApplicationFilterChain.java:128) ~[tomcat-embed-core-11.0.18.jar:11.0.18]
	at org.apache.tomcat.websocket.server.WsFilter.doFilter(WsFilter.java:53) ~[tomcat-embed-websocket-11.0.18.jar:11.0.18]
	at org.apache.catalina.core.ApplicationFilterChain.doFilter(ApplicationFilterChain.java:107) ~[tomcat-embed-core-11.0.18.jar:11.0.18]
	at com.example.pogun.config.web.WebMvcConfig$Utf8JsonContentTypeFilter.doFilterInternal(WebMvcConfig.java:52) ~[main/:na]
	at org.springframework.web.filter.OncePerRequestFilter.doFilter(OncePerRequestFilter.java:116) ~[spring-web-7.0.5.jar:7.0.5]
	at org.apache.catalina.core.ApplicationFilterChain.doFilter(ApplicationFilterChain.java:107) ~[tomcat-embed-core-11.0.18.jar:11.0.18]
	at org.springframework.web.filter.OncePerRequestFilter.doFilter(OncePerRequestFilter.java:110) ~[spring-web-7.0.5.jar:7.0.5]
	at org.apache.catalina.core.ApplicationFilterChain.doFilter(ApplicationFilterChain.java:107) ~[tomcat-embed-core-11.0.18.jar:11.0.18]
	at org.springframework.web.filter.OncePerRequestFilter.doFilter(OncePerRequestFilter.java:101) ~[spring-web-7.0.5.jar:7.0.5]
	at org.apache.catalina.core.ApplicationFilterChain.doFilter(ApplicationFilterChain.java:107) ~[tomcat-embed-core-11.0.18.jar:11.0.18]
	at com.example.pogun.config.web.AdminTrafficLogFilter.doFilterInternal(AdminTrafficLogFilter.java:33) ~[main/:na]
	at org.springframework.web.filter.OncePerRequestFilter.doFilter(OncePerRequestFilter.java:116) ~[spring-web-7.0.5.jar:7.0.5]
	at org.apache.catalina.core.ApplicationFilterChain.doFilter(ApplicationFilterChain.java:107) ~[tomcat-embed-core-11.0.18.jar:11.0.18]
	at org.springframework.web.filter.CompositeFilter$VirtualFilterChain.doFilter(CompositeFilter.java:108) ~[spring-web-7.0.5.jar:7.0.5]
	at org.springframework.security.web.FilterChainProxy.lambda$doFilterInternal$3(FilterChainProxy.java:235) ~[spring-security-web-7.0.3.jar:7.0.3]
	at org.springframework.security.web.FilterChainProxy$VirtualFilterChain.doFilter(FilterChainProxy.java:371) ~[spring-security-web-7.0.3.jar:7.0.3]
	at org.springframework.security.web.access.intercept.AuthorizationFilter.doFilter(AuthorizationFilter.java:101) ~[spring-security-web-7.0.3.jar:7.0.3]
	at org.springframework.security.web.FilterChainProxy$VirtualFilterChain.doFilter(FilterChainProxy.java:380) ~[spring-security-web-7.0.3.jar:7.0.3]
	at org.springframework.security.web.access.ExceptionTranslationFilter.doFilter(ExceptionTranslationFilter.java:126) ~[spring-security-web-7.0.3.jar:7.0.3]
	at org.springframework.security.web.access.ExceptionTranslationFilter.doFilter(ExceptionTranslationFilter.java:120) ~[spring-security-web-7.0.3.jar:7.0.3]
	at org.springframework.security.web.FilterChainProxy$VirtualFilterChain.doFilter(FilterChainProxy.java:380) ~[spring-security-web-7.0.3.jar:7.0.3]
	at org.springframework.security.web.session.SessionManagementFilter.doFilter(SessionManagementFilter.java:132) ~[spring-security-web-7.0.3.jar:7.0.3]
	at org.springframework.security.web.session.SessionManagementFilter.doFilter(SessionManagementFilter.java:86) ~[spring-security-web-7.0.3.jar:7.0.3]
	at org.springframework.security.web.FilterChainProxy$VirtualFilterChain.doFilter(FilterChainProxy.java:380) ~[spring-security-web-7.0.3.jar:7.0.3]
	at org.springframework.security.web.authentication.AnonymousAuthenticationFilter.doFilter(AnonymousAuthenticationFilter.java:100) ~[spring-security-web-7.0.3.jar:7.0.3]
	at org.springframework.security.web.FilterChainProxy$VirtualFilterChain.doFilter(FilterChainProxy.java:380) ~[spring-security-web-7.0.3.jar:7.0.3]
	at org.springframework.security.web.servletapi.SecurityContextHolderAwareRequestFilter.doFilter(SecurityContextHolderAwareRequestFilter.java:181) ~[spring-security-web-7.0.3.jar:7.0.3]
	at org.springframework.security.web.FilterChainProxy$VirtualFilterChain.doFilter(FilterChainProxy.java:380) ~[spring-security-web-7.0.3.jar:7.0.3]
	at org.springframework.security.web.savedrequest.RequestCacheAwareFilter.doFilter(RequestCacheAwareFilter.java:63) ~[spring-security-web-7.0.3.jar:7.0.3]
	at org.springframework.security.web.FilterChainProxy$VirtualFilterChain.doFilter(FilterChainProxy.java:380) ~[spring-security-web-7.0.3.jar:7.0.3]
	at com.example.pogun.config.FirebaseTokenFilter.doFilterInternal(FirebaseTokenFilter.java:101) ~[main/:na]
	at org.springframework.web.filter.OncePerRequestFilter.doFilter(OncePerRequestFilter.java:116) ~[spring-web-7.0.5.jar:7.0.5]
	at org.springframework.security.web.FilterChainProxy$VirtualFilterChain.doFilter(FilterChainProxy.java:380) ~[spring-security-web-7.0.3.jar:7.0.3]
	at org.springframework.web.filter.OncePerRequestFilter.doFilter(OncePerRequestFilter.java:101) ~[spring-web-7.0.5.jar:7.0.5]
	at org.springframework.security.web.FilterChainProxy$VirtualFilterChain.doFilter(FilterChainProxy.java:380) ~[spring-security-web-7.0.3.jar:7.0.3]
	at org.springframework.security.web.authentication.logout.LogoutFilter.doFilter(LogoutFilter.java:110) ~[spring-security-web-7.0.3.jar:7.0.3]
	at org.springframework.security.web.authentication.logout.LogoutFilter.doFilter(LogoutFilter.java:96) ~[spring-security-web-7.0.3.jar:7.0.3]
	at org.springframework.security.web.FilterChainProxy$VirtualFilterChain.doFilter(FilterChainProxy.java:380) ~[spring-security-web-7.0.3.jar:7.0.3]
	at org.springframework.web.filter.CorsFilter.doFilterInternal(CorsFilter.java:91) ~[spring-web-7.0.5.jar:7.0.5]
	at org.springframework.web.filter.OncePerRequestFilter.doFilter(OncePerRequestFilter.java:116) ~[spring-web-7.0.5.jar:7.0.5]
	at org.springframework.security.web.FilterChainProxy$VirtualFilterChain.doFilter(FilterChainProxy.java:380) ~[spring-security-web-7.0.3.jar:7.0.3]
	at org.springframework.security.web.header.HeaderWriterFilter.doHeadersAfter(HeaderWriterFilter.java:90) ~[spring-security-web-7.0.3.jar:7.0.3]
	at org.springframework.security.web.header.HeaderWriterFilter.doFilterInternal(HeaderWriterFilter.java:75) ~[spring-security-web-7.0.3.jar:7.0.3]
	at org.springframework.web.filter.OncePerRequestFilter.doFilter(OncePerRequestFilter.java:116) ~[spring-web-7.0.5.jar:7.0.5]
	at org.springframework.security.web.FilterChainProxy$VirtualFilterChain.doFilter(FilterChainProxy.java:380) ~[spring-security-web-7.0.3.jar:7.0.3]
	at org.springframework.security.web.context.SecurityContextHolderFilter.doFilter(SecurityContextHolderFilter.java:82) ~[spring-security-web-7.0.3.jar:7.0.3]
	at org.springframework.security.web.context.SecurityContextHolderFilter.doFilter(SecurityContextHolderFilter.java:69) ~[spring-security-web-7.0.3.jar:7.0.3]
	at org.springframework.security.web.FilterChainProxy$VirtualFilterChain.doFilter(FilterChainProxy.java:380) ~[spring-security-web-7.0.3.jar:7.0.3]
	at org.springframework.security.web.context.request.async.WebAsyncManagerIntegrationFilter.doFilterInternal(WebAsyncManagerIntegrationFilter.java:62) ~[spring-security-web-7.0.3.jar:7.0.3]
	at org.springframework.web.filter.OncePerRequestFilter.doFilter(OncePerRequestFilter.java:116) ~[spring-web-7.0.5.jar:7.0.5]
	at org.springframework.security.web.FilterChainProxy$VirtualFilterChain.doFilter(FilterChainProxy.java:380) ~[spring-security-web-7.0.3.jar:7.0.3]
	at org.springframework.security.web.session.DisableEncodeUrlFilter.doFilterInternal(DisableEncodeUrlFilter.java:42) ~[spring-security-web-7.0.3.jar:7.0.3]
	at org.springframework.web.filter.OncePerRequestFilter.doFilter(OncePerRequestFilter.java:116) ~[spring-web-7.0.5.jar:7.0.5]
	at org.springframework.security.web.FilterChainProxy$VirtualFilterChain.doFilter(FilterChainProxy.java:380) ~[spring-security-web-7.0.3.jar:7.0.3]
	at org.springframework.security.web.FilterChainProxy.doFilterInternal(FilterChainProxy.java:237) ~[spring-security-web-7.0.3.jar:7.0.3]
	at org.springframework.security.web.FilterChainProxy.doFilter(FilterChainProxy.java:195) ~[spring-security-web-7.0.3.jar:7.0.3]
	at org.springframework.web.filter.CompositeFilter$VirtualFilterChain.doFilter(CompositeFilter.java:113) ~[spring-web-7.0.5.jar:7.0.5]
	at org.springframework.web.filter.ServletRequestPathFilter.doFilter(ServletRequestPathFilter.java:52) ~[spring-web-7.0.5.jar:7.0.5]
	at org.springframework.web.filter.CompositeFilter$VirtualFilterChain.doFilter(CompositeFilter.java:113) ~[spring-web-7.0.5.jar:7.0.5]
	at org.springframework.web.filter.CompositeFilter.doFilter(CompositeFilter.java:74) ~[spring-web-7.0.5.jar:7.0.5]
	at org.springframework.security.config.annotation.web.configuration.WebSecurityConfiguration$CompositeFilterChainProxy.doFilter(WebSecurityConfiguration.java:317) ~[spring-security-config-7.0.3.jar:7.0.3]
	at org.springframework.web.filter.DelegatingFilterProxy.invokeDelegate(DelegatingFilterProxy.java:355) ~[spring-web-7.0.5.jar:7.0.5]
	at org.springframework.web.filter.DelegatingFilterProxy.doFilter(DelegatingFilterProxy.java:272) ~[spring-web-7.0.5.jar:7.0.5]
	at org.apache.catalina.core.ApplicationFilterChain.doFilter(ApplicationFilterChain.java:107) ~[tomcat-embed-core-11.0.18.jar:11.0.18]
	at org.springframework.web.filter.RequestContextFilter.doFilterInternal(RequestContextFilter.java:100) ~[spring-web-7.0.5.jar:7.0.5]
	at org.springframework.web.filter.OncePerRequestFilter.doFilter(OncePerRequestFilter.java:116) ~[spring-web-7.0.5.jar:7.0.5]
	at org.apache.catalina.core.ApplicationFilterChain.doFilter(ApplicationFilterChain.java:107) ~[tomcat-embed-core-11.0.18.jar:11.0.18]
	at org.springframework.web.filter.FormContentFilter.doFilterInternal(FormContentFilter.java:93) ~[spring-web-7.0.5.jar:7.0.5]
	at org.springframework.web.filter.OncePerRequestFilter.doFilter(OncePerRequestFilter.java:116) ~[spring-web-7.0.5.jar:7.0.5]
	at org.apache.catalina.core.ApplicationFilterChain.doFilter(ApplicationFilterChain.java:107) ~[tomcat-embed-core-11.0.18.jar:11.0.18]
	at org.springframework.web.filter.CharacterEncodingFilter.doFilterInternal(CharacterEncodingFilter.java:199) ~[spring-web-7.0.5.jar:7.0.5]
	at org.springframework.web.filter.OncePerRequestFilter.doFilter(OncePerRequestFilter.java:116) ~[spring-web-7.0.5.jar:7.0.5]
	at org.apache.catalina.core.ApplicationFilterChain.doFilter(ApplicationFilterChain.java:107) ~[tomcat-embed-core-11.0.18.jar:11.0.18]
	at org.apache.catalina.core.StandardWrapperValve.invoke(StandardWrapperValve.java:165) ~[tomcat-embed-core-11.0.18.jar:11.0.18]
	at org.apache.catalina.core.StandardContextValve.invoke(StandardContextValve.java:77) ~[tomcat-embed-core-11.0.18.jar:11.0.18]
	at org.apache.catalina.authenticator.AuthenticatorBase.invoke(AuthenticatorBase.java:492) ~[tomcat-embed-core-11.0.18.jar:11.0.18]
	at org.apache.catalina.core.StandardHostValve.invoke(StandardHostValve.java:113) ~[tomcat-embed-core-11.0.18.jar:11.0.18]
	at org.apache.catalina.valves.ErrorReportValve.invoke(ErrorReportValve.java:83) ~[tomcat-embed-core-11.0.18.jar:11.0.18]
	at org.apache.catalina.core.StandardEngineValve.invoke(StandardEngineValve.java:72) ~[tomcat-embed-core-11.0.18.jar:11.0.18]
	at org.apache.catalina.connector.CoyoteAdapter.service(CoyoteAdapter.java:341) ~[tomcat-embed-core-11.0.18.jar:11.0.18]
	at org.apache.coyote.http11.Http11Processor.service(Http11Processor.java:397) ~[tomcat-embed-core-11.0.18.jar:11.0.18]
	at org.apache.coyote.AbstractProcessorLight.process(AbstractProcessorLight.java:63) ~[tomcat-embed-core-11.0.18.jar:11.0.18]
	at org.apache.coyote.AbstractProtocol$ConnectionHandler.process(AbstractProtocol.java:903) ~[tomcat-embed-core-11.0.18.jar:11.0.18]
	at org.apache.tomcat.util.net.NioEndpoint$SocketProcessor.doRun(NioEndpoint.java:1779) ~[tomcat-embed-core-11.0.18.jar:11.0.18]
	at org.apache.tomcat.util.net.SocketProcessorBase.run(SocketProcessorBase.java:52) ~[tomcat-embed-core-11.0.18.jar:11.0.18]
	at org.apache.tomcat.util.threads.ThreadPoolExecutor.runWorker(ThreadPoolExecutor.java:946) ~[tomcat-embed-core-11.0.18.jar:11.0.18]
	at org.apache.tomcat.util.threads.ThreadPoolExecutor$Worker.run(ThreadPoolExecutor.java:480) ~[tomcat-embed-core-11.0.18.jar:11.0.18]
	at org.apache.tomcat.util.threads.TaskThread$WrappingRunnable.run(TaskThread.java:57) ~[tomcat-embed-core-11.0.18.jar:11.0.18]
	at java.base/java.lang.Thread.run(Thread.java:842) ~[na:na]

2026-05-07T19:59:53.635+09:00  WARN 32280 --- [demo] [nio-8081-exec-6] .m.m.a.ExceptionHandlerExceptionResolver : Resolved [org.springframework.web.servlet.resource.NoResourceFoundException: No static resource swagger.html for request '/swagger.html'.]
2026-05-07T19:59:56.331+09:00  INFO 32280 --- [demo] [nio-8081-exec-9] c.e.p.c.NoticeChatWebSocketEventListener : [ws-event] disconnected uid=Y8rMFvMRjDEAYSQ84UMqLxoqjmML sessionId=c607c0dc-ad5d-774d-4f77-5f68faf568fd closeStatus=CloseStatus[code=1000, reason=reconnect:visibilitychange:visible]
2026-05-07T19:59:56.362+09:00  INFO 32280 --- [demo] [nio-8081-exec-5] c.e.p.s.auth.FirebaseIdentityService     : [FirebaseTokenVerify] provider_verified_in_0ms
2026-05-07T19:59:56.362+09:00  INFO 32280 --- [demo] [nio-8081-exec-6] c.e.p.s.auth.FirebaseIdentityService     : [FirebaseTokenVerify] provider_verified_in_0ms
2026-05-07T19:59:56.363+09:00  INFO 32280 --- [demo] [nio-8081-exec-3] c.e.p.s.auth.FirebaseIdentityService     : [FirebaseTokenVerify] provider_verified_in_1ms
2026-05-07T19:59:56.364+09:00  INFO 32280 --- [demo] [nio-8081-exec-2] c.e.p.s.auth.FirebaseIdentityService     : [FirebaseTokenVerify] provider_verified_in_1ms
2026-05-07T19:59:56.364+09:00  INFO 32280 --- [demo] [nio-8081-exec-7] c.e.p.s.auth.FirebaseIdentityService     : [FirebaseTokenVerify] provider_verified_in_1ms
2026-05-07T19:59:56.364+09:00  INFO 32280 --- [demo] [nio-8081-exec-4] c.e.p.s.auth.FirebaseIdentityService     : [FirebaseTokenVerify] provider_verified_in_0ms
2026-05-07T19:59:56.369+09:00  INFO 32280 --- [demo] [nio-8081-exec-1] c.e.p.s.auth.FirebaseIdentityService     : [FirebaseTokenVerify] provider_verified_in_0ms
2026-05-07T19:59:56.435+09:00  INFO 32280 --- [demo] [nio-8081-exec-9] c.e.p.service.user.UserPresenceService   : [presence] websocket disconnected uid=Y8rMFvMRjDEAYSQ84UMqLxoqjmML sessionId=c607c0dc-ad5d-774d-4f77-5f68faf568fd globalConnectionState=connected
2026-05-07T19:59:57.167+09:00  INFO 32280 --- [demo] [io-8081-exec-10] c.e.p.s.auth.FirebaseIdentityService     : [FirebaseTokenVerify] provider_verified_in_1ms
2026-05-07T19:59:57.493+09:00  INFO 32280 --- [demo] [nio-8081-exec-8] c.e.p.s.auth.FirebaseIdentityService     : [FirebaseTokenVerify] provider_verified_in_0ms
2026-05-07T20:00:02.474+09:00  INFO 32280 --- [demo] [nio-8081-exec-3] c.e.p.s.auth.FirebaseIdentityService     : [FirebaseTokenVerify] provider_verified_in_0ms
2026-05-07T20:00:04.444+09:00  INFO 32280 --- [demo] [nio-8081-exec-6] c.e.p.s.auth.FirebaseIdentityService     : [FirebaseTokenVerify] provider_verified_in_0ms
2026-05-07T20:00:04.445+09:00  INFO 32280 --- [demo] [nio-8081-exec-5] c.e.p.s.auth.FirebaseIdentityService     : [FirebaseTokenVerify] provider_verified_in_0ms
2026-05-07T20:00:04.445+09:00  INFO 32280 --- [demo] [io-8081-exec-10] c.e.p.s.auth.FirebaseIdentityService     : [FirebaseTokenVerify] provider_verified_in_0ms
2026-05-07T20:00:04.446+09:00  INFO 32280 --- [demo] [nio-8081-exec-8] c.e.p.s.auth.FirebaseIdentityService     : [FirebaseTokenVerify] provider_verified_in_1ms
2026-05-07T20:00:04.447+09:00  INFO 32280 --- [demo] [nio-8081-exec-1] c.e.p.s.auth.FirebaseIdentityService     : [FirebaseTokenVerify] provider_verified_in_0ms
2026-05-07T20:00:05.436+09:00  INFO 32280 --- [demo] [nio-8081-exec-6] c.e.p.controller.auth.AuthController     : [LOGIN_ENDPOINT] /api/auth/login request received
2026-05-07T20:00:05.437+09:00  INFO 32280 --- [demo] [nio-8081-exec-6] c.e.pogun.service.auth.AuthService       : [LOGIN] loginOrSignUp started, token_length=521
2026-05-07T20:00:05.438+09:00  INFO 32280 --- [demo] [nio-8081-exec-7] c.e.p.s.auth.FirebaseIdentityService     : [FirebaseTokenVerify] provider_verified_in_0ms
2026-05-07T20:00:05.438+09:00  INFO 32280 --- [demo] [nio-8081-exec-6] c.e.p.s.auth.FirebaseIdentityService     : [FirebaseTokenVerify] provider_verified_in_0ms
2026-05-07T20:00:05.438+09:00  INFO 32280 --- [demo] [nio-8081-exec-6] c.e.pogun.service.auth.AuthService       : [LOGIN] Firebase token verified in 0ms
2026-05-07T20:00:05.439+09:00  INFO 32280 --- [demo] [nio-8081-exec-9] c.e.p.s.auth.FirebaseIdentityService     : [FirebaseTokenVerify] provider_verified_in_1ms
2026-05-07T20:00:05.994+09:00  INFO 32280 --- [demo] [nio-8081-exec-6] c.e.p.controller.auth.AuthController     : [LOGIN_ENDPOINT] /api/auth/login completed in 558ms
2026-05-07T20:00:05.998+09:00  INFO 32280 --- [demo] [nio-8081-exec-8] c.e.p.s.auth.FirebaseIdentityService     : [FirebaseTokenVerify] provider_verified_in_0ms
2026-05-07T20:00:06.281+09:00  INFO 32280 --- [demo] [nio-8081-exec-5] c.e.p.controller.auth.AuthController     : [LOGIN_ENDPOINT] /api/auth/login request received
2026-05-07T20:00:06.281+09:00  INFO 32280 --- [demo] [nio-8081-exec-5] c.e.pogun.service.auth.AuthService       : [LOGIN] loginOrSignUp started, token_length=521
2026-05-07T20:00:06.282+09:00  INFO 32280 --- [demo] [nio-8081-exec-1] c.e.p.controller.auth.AuthController     : [LOGIN_ENDPOINT] /api/auth/login request received
2026-05-07T20:00:06.282+09:00  INFO 32280 --- [demo] [nio-8081-exec-5] c.e.p.s.auth.FirebaseIdentityService     : [FirebaseTokenVerify] provider_verified_in_0ms
2026-05-07T20:00:06.282+09:00  INFO 32280 --- [demo] [nio-8081-exec-5] c.e.pogun.service.auth.AuthService       : [LOGIN] Firebase token verified in 0ms
2026-05-07T20:00:06.375+09:00  INFO 32280 --- [demo] [nio-8081-exec-1] c.e.pogun.service.auth.AuthService       : [LOGIN] loginOrSignUp started, token_length=521
2026-05-07T20:00:06.375+09:00  INFO 32280 --- [demo] [nio-8081-exec-1] c.e.p.s.auth.FirebaseIdentityService     : [FirebaseTokenVerify] provider_verified_in_0ms
2026-05-07T20:00:06.375+09:00  INFO 32280 --- [demo] [nio-8081-exec-1] c.e.pogun.service.auth.AuthService       : [LOGIN] Firebase token verified in 0ms
2026-05-07T20:00:06.388+09:00  INFO 32280 --- [demo] [io-8081-exec-10] c.e.p.s.auth.FirebaseIdentityService     : [FirebaseTokenVerify] provider_verified_in_0ms
2026-05-07T20:00:06.429+09:00  INFO 32280 --- [demo] [nio-8081-exec-6] c.e.p.s.auth.FirebaseIdentityService     : [FirebaseTokenVerify] provider_verified_in_0ms
2026-05-07T20:00:06.502+09:00  INFO 32280 --- [demo] [nio-8081-exec-7] c.e.p.s.auth.FirebaseIdentityService     : [FirebaseTokenVerify] provider_verified_in_0ms
2026-05-07T20:00:06.856+09:00  INFO 32280 --- [demo] [nio-8081-exec-5] c.e.p.controller.auth.AuthController     : [LOGIN_ENDPOINT] /api/auth/login completed in 575ms
2026-05-07T20:00:06.863+09:00  INFO 32280 --- [demo] [nio-8081-exec-4] c.e.p.s.auth.FirebaseIdentityService     : [FirebaseTokenVerify] provider_verified_in_0ms
2026-05-07T20:00:07.089+09:00  INFO 32280 --- [demo] [nio-8081-exec-1] c.e.p.controller.auth.AuthController     : [LOGIN_ENDPOINT] /api/auth/login completed in 807ms
2026-05-07T20:00:07.093+09:00  INFO 32280 --- [demo] [nio-8081-exec-8] c.e.p.s.auth.FirebaseIdentityService     : [FirebaseTokenVerify] provider_verified_in_1ms
2026-05-07T20:00:08.739+09:00  INFO 32280 --- [demo] [nio-8081-exec-7] c.e.p.s.auth.FirebaseIdentityService     : [FirebaseTokenVerify] provider_verified_in_0ms
2026-05-07T20:00:08.760+09:00  INFO 32280 --- [demo] [nio-8081-exec-8] c.e.p.s.auth.FirebaseIdentityService     : [FirebaseTokenVerify] provider_verified_in_0ms
2026-05-07T20:00:08.839+09:00  INFO 32280 --- [demo] [nio-8081-exec-2] c.e.p.s.auth.FirebaseIdentityService     : [FirebaseTokenVerify] provider_verified_in_0ms
2026-05-07T20:00:09.715+09:00  INFO 32280 --- [demo] [nio-8081-exec-6] c.e.p.s.auth.FirebaseIdentityService     : [FirebaseTokenVerify] provider_verified_in_0ms
2026-05-07T20:00:10.106+09:00  INFO 32280 --- [demo] [nio-8081-exec-1] c.e.p.s.auth.FirebaseIdentityService     : [FirebaseTokenVerify] provider_verified_in_1ms
2026-05-07T20:00:10.112+09:00  INFO 32280 --- [demo] [nio-8081-exec-2] c.e.p.s.auth.FirebaseIdentityService     : [FirebaseTokenVerify] provider_verified_in_0ms
2026-05-07T20:00:10.502+09:00  INFO 32280 --- [demo] [nio-8081-exec-5] c.e.p.s.auth.FirebaseIdentityService     : [FirebaseTokenVerify] provider_verified_in_1ms
2026-05-07T20:00:10.898+09:00 ERROR 32280 --- [demo] [nio-8081-exec-7] c.e.p.c.common.GlobalExceptionHandler    : Unhandled exception: 

org.springframework.http.converter.HttpMessageNotWritableException: Could not write JSON: ServletOutputStream failed to write: java.io.IOException: 현재 연결은 사용자의 호스트 시스템의 소프트웨어의 의해 중단되었습니다
	at org.springframework.http.converter.AbstractJacksonHttpMessageConverter.writeInternal(AbstractJacksonHttpMessageConverter.java:444) ~[spring-web-7.0.5.jar:7.0.5]
	at org.springframework.http.converter.AbstractSmartHttpMessageConverter.write(AbstractSmartHttpMessageConverter.java:116) ~[spring-web-7.0.5.jar:7.0.5]
	at org.springframework.web.servlet.mvc.method.annotation.AbstractMessageConverterMethodProcessor.writeWithMessageConverters(AbstractMessageConverterMethodProcessor.java:343) ~[spring-webmvc-7.0.5.jar:7.0.5]
	at org.springframework.web.servlet.mvc.method.annotation.HttpEntityMethodProcessor.handleReturnValue(HttpEntityMethodProcessor.java:261) ~[spring-webmvc-7.0.5.jar:7.0.5]
	at org.springframework.web.servlet.mvc.method.annotation.ResponseEntityReturnValueHandler.handleReturnValue(ResponseEntityReturnValueHandler.java:80) ~[spring-webmvc-7.0.5.jar:7.0.5]
	at org.springframework.web.method.support.HandlerMethodReturnValueHandlerComposite.handleReturnValue(HandlerMethodReturnValueHandlerComposite.java:78) ~[spring-web-7.0.5.jar:7.0.5]
	at org.springframework.web.servlet.mvc.method.annotation.ServletInvocableHandlerMethod.invokeAndHandle(ServletInvocableHandlerMethod.java:135) ~[spring-webmvc-7.0.5.jar:7.0.5]
	at org.springframework.web.servlet.mvc.method.annotation.RequestMappingHandlerAdapter.invokeHandlerMethod(RequestMappingHandlerAdapter.java:934) ~[spring-webmvc-7.0.5.jar:7.0.5]
	at org.springframework.web.servlet.mvc.method.annotation.RequestMappingHandlerAdapter.handleInternal(RequestMappingHandlerAdapter.java:853) ~[spring-webmvc-7.0.5.jar:7.0.5]
	at org.springframework.web.servlet.mvc.method.AbstractHandlerMethodAdapter.handle(AbstractHandlerMethodAdapter.java:86) ~[spring-webmvc-7.0.5.jar:7.0.5]
	at org.springframework.web.servlet.DispatcherServlet.doDispatch(DispatcherServlet.java:963) ~[spring-webmvc-7.0.5.jar:7.0.5]
	at org.springframework.web.servlet.DispatcherServlet.doService(DispatcherServlet.java:866) ~[spring-webmvc-7.0.5.jar:7.0.5]
	at org.springframework.web.servlet.FrameworkServlet.processRequest(FrameworkServlet.java:1000) ~[spring-webmvc-7.0.5.jar:7.0.5]
	at org.springframework.web.servlet.FrameworkServlet.doGet(FrameworkServlet.java:892) ~[spring-webmvc-7.0.5.jar:7.0.5]
	at jakarta.servlet.http.HttpServlet.service(HttpServlet.java:622) ~[tomcat-embed-core-11.0.18.jar:6.1]
	at org.springframework.web.servlet.FrameworkServlet.service(FrameworkServlet.java:874) ~[spring-webmvc-7.0.5.jar:7.0.5]
	at jakarta.servlet.http.HttpServlet.service(HttpServlet.java:710) ~[tomcat-embed-core-11.0.18.jar:6.1]
	at org.apache.catalina.core.ApplicationFilterChain.doFilter(ApplicationFilterChain.java:128) ~[tomcat-embed-core-11.0.18.jar:11.0.18]
	at org.apache.tomcat.websocket.server.WsFilter.doFilter(WsFilter.java:53) ~[tomcat-embed-websocket-11.0.18.jar:11.0.18]
	at org.apache.catalina.core.ApplicationFilterChain.doFilter(ApplicationFilterChain.java:107) ~[tomcat-embed-core-11.0.18.jar:11.0.18]
	at com.example.pogun.config.web.WebMvcConfig$Utf8JsonContentTypeFilter.doFilterInternal(WebMvcConfig.java:52) ~[main/:na]
	at org.springframework.web.filter.OncePerRequestFilter.doFilter(OncePerRequestFilter.java:116) ~[spring-web-7.0.5.jar:7.0.5]
	at org.apache.catalina.core.ApplicationFilterChain.doFilter(ApplicationFilterChain.java:107) ~[tomcat-embed-core-11.0.18.jar:11.0.18]
	at org.springframework.web.filter.OncePerRequestFilter.doFilter(OncePerRequestFilter.java:110) ~[spring-web-7.0.5.jar:7.0.5]
	at org.apache.catalina.core.ApplicationFilterChain.doFilter(ApplicationFilterChain.java:107) ~[tomcat-embed-core-11.0.18.jar:11.0.18]
	at org.springframework.web.filter.OncePerRequestFilter.doFilter(OncePerRequestFilter.java:110) ~[spring-web-7.0.5.jar:7.0.5]
	at org.apache.catalina.core.ApplicationFilterChain.doFilter(ApplicationFilterChain.java:107) ~[tomcat-embed-core-11.0.18.jar:11.0.18]
	at org.springframework.web.filter.OncePerRequestFilter.doFilter(OncePerRequestFilter.java:101) ~[spring-web-7.0.5.jar:7.0.5]
	at org.apache.catalina.core.ApplicationFilterChain.doFilter(ApplicationFilterChain.java:107) ~[tomcat-embed-core-11.0.18.jar:11.0.18]
	at org.springframework.web.filter.CompositeFilter$VirtualFilterChain.doFilter(CompositeFilter.java:108) ~[spring-web-7.0.5.jar:7.0.5]
	at org.springframework.security.web.FilterChainProxy.lambda$doFilterInternal$3(FilterChainProxy.java:235) ~[spring-security-web-7.0.3.jar:7.0.3]
	at org.springframework.security.web.FilterChainProxy$VirtualFilterChain.doFilter(FilterChainProxy.java:371) ~[spring-security-web-7.0.3.jar:7.0.3]
	at org.springframework.security.web.access.intercept.AuthorizationFilter.doFilter(AuthorizationFilter.java:101) ~[spring-security-web-7.0.3.jar:7.0.3]
	at org.springframework.security.web.FilterChainProxy$VirtualFilterChain.doFilter(FilterChainProxy.java:380) ~[spring-security-web-7.0.3.jar:7.0.3]
	at org.springframework.security.web.access.ExceptionTranslationFilter.doFilter(ExceptionTranslationFilter.java:126) ~[spring-security-web-7.0.3.jar:7.0.3]
	at org.springframework.security.web.access.ExceptionTranslationFilter.doFilter(ExceptionTranslationFilter.java:120) ~[spring-security-web-7.0.3.jar:7.0.3]
	at org.springframework.security.web.FilterChainProxy$VirtualFilterChain.doFilter(FilterChainProxy.java:380) ~[spring-security-web-7.0.3.jar:7.0.3]
	at org.springframework.security.web.session.SessionManagementFilter.doFilter(SessionManagementFilter.java:132) ~[spring-security-web-7.0.3.jar:7.0.3]
	at org.springframework.security.web.session.SessionManagementFilter.doFilter(SessionManagementFilter.java:86) ~[spring-security-web-7.0.3.jar:7.0.3]
	at org.springframework.security.web.FilterChainProxy$VirtualFilterChain.doFilter(FilterChainProxy.java:380) ~[spring-security-web-7.0.3.jar:7.0.3]
	at org.springframework.security.web.authentication.AnonymousAuthenticationFilter.doFilter(AnonymousAuthenticationFilter.java:100) ~[spring-security-web-7.0.3.jar:7.0.3]
	at org.springframework.security.web.FilterChainProxy$VirtualFilterChain.doFilter(FilterChainProxy.java:380) ~[spring-security-web-7.0.3.jar:7.0.3]
	at org.springframework.security.web.servletapi.SecurityContextHolderAwareRequestFilter.doFilter(SecurityContextHolderAwareRequestFilter.java:181) ~[spring-security-web-7.0.3.jar:7.0.3]
	at org.springframework.security.web.FilterChainProxy$VirtualFilterChain.doFilter(FilterChainProxy.java:380) ~[spring-security-web-7.0.3.jar:7.0.3]
	at org.springframework.security.web.savedrequest.RequestCacheAwareFilter.doFilter(RequestCacheAwareFilter.java:63) ~[spring-security-web-7.0.3.jar:7.0.3]
	at org.springframework.security.web.FilterChainProxy$VirtualFilterChain.doFilter(FilterChainProxy.java:380) ~[spring-security-web-7.0.3.jar:7.0.3]
	at com.example.pogun.config.FirebaseTokenFilter.doFilterInternal(FirebaseTokenFilter.java:42) ~[main/:na]
	at org.springframework.web.filter.OncePerRequestFilter.doFilter(OncePerRequestFilter.java:116) ~[spring-web-7.0.5.jar:7.0.5]
	at org.springframework.security.web.FilterChainProxy$VirtualFilterChain.doFilter(FilterChainProxy.java:380) ~[spring-security-web-7.0.3.jar:7.0.3]
	at com.example.pogun.config.AdminSessionAuthenticationFilter.doFilterInternal(AdminSessionAuthenticationFilter.java:95) ~[main/:na]
	at org.springframework.web.filter.OncePerRequestFilter.doFilter(OncePerRequestFilter.java:116) ~[spring-web-7.0.5.jar:7.0.5]
	at org.springframework.security.web.FilterChainProxy$VirtualFilterChain.doFilter(FilterChainProxy.java:380) ~[spring-security-web-7.0.3.jar:7.0.3]
	at org.springframework.security.web.authentication.logout.LogoutFilter.doFilter(LogoutFilter.java:110) ~[spring-security-web-7.0.3.jar:7.0.3]
	at org.springframework.security.web.authentication.logout.LogoutFilter.doFilter(LogoutFilter.java:96) ~[spring-security-web-7.0.3.jar:7.0.3]
	at org.springframework.security.web.FilterChainProxy$VirtualFilterChain.doFilter(FilterChainProxy.java:380) ~[spring-security-web-7.0.3.jar:7.0.3]
	at org.springframework.web.filter.CorsFilter.doFilterInternal(CorsFilter.java:91) ~[spring-web-7.0.5.jar:7.0.5]
	at org.springframework.web.filter.OncePerRequestFilter.doFilter(OncePerRequestFilter.java:116) ~[spring-web-7.0.5.jar:7.0.5]
	at org.springframework.security.web.FilterChainProxy$VirtualFilterChain.doFilter(FilterChainProxy.java:380) ~[spring-security-web-7.0.3.jar:7.0.3]
	at org.springframework.security.web.header.HeaderWriterFilter.doHeadersAfter(HeaderWriterFilter.java:90) ~[spring-security-web-7.0.3.jar:7.0.3]
	at org.springframework.security.web.header.HeaderWriterFilter.doFilterInternal(HeaderWriterFilter.java:75) ~[spring-security-web-7.0.3.jar:7.0.3]
	at org.springframework.web.filter.OncePerRequestFilter.doFilter(OncePerRequestFilter.java:116) ~[spring-web-7.0.5.jar:7.0.5]
	at org.springframework.security.web.FilterChainProxy$VirtualFilterChain.doFilter(FilterChainProxy.java:380) ~[spring-security-web-7.0.3.jar:7.0.3]
	at org.springframework.security.web.context.SecurityContextHolderFilter.doFilter(SecurityContextHolderFilter.java:82) ~[spring-security-web-7.0.3.jar:7.0.3]
	at org.springframework.security.web.context.SecurityContextHolderFilter.doFilter(SecurityContextHolderFilter.java:69) ~[spring-security-web-7.0.3.jar:7.0.3]
	at org.springframework.security.web.FilterChainProxy$VirtualFilterChain.doFilter(FilterChainProxy.java:380) ~[spring-security-web-7.0.3.jar:7.0.3]
	at org.springframework.security.web.context.request.async.WebAsyncManagerIntegrationFilter.doFilterInternal(WebAsyncManagerIntegrationFilter.java:62) ~[spring-security-web-7.0.3.jar:7.0.3]
	at org.springframework.web.filter.OncePerRequestFilter.doFilter(OncePerRequestFilter.java:116) ~[spring-web-7.0.5.jar:7.0.5]
	at org.springframework.security.web.FilterChainProxy$VirtualFilterChain.doFilter(FilterChainProxy.java:380) ~[spring-security-web-7.0.3.jar:7.0.3]
	at org.springframework.security.web.session.DisableEncodeUrlFilter.doFilterInternal(DisableEncodeUrlFilter.java:42) ~[spring-security-web-7.0.3.jar:7.0.3]
	at org.springframework.web.filter.OncePerRequestFilter.doFilter(OncePerRequestFilter.java:116) ~[spring-web-7.0.5.jar:7.0.5]
	at org.springframework.security.web.FilterChainProxy$VirtualFilterChain.doFilter(FilterChainProxy.java:380) ~[spring-security-web-7.0.3.jar:7.0.3]
	at org.springframework.security.web.FilterChainProxy.doFilterInternal(FilterChainProxy.java:237) ~[spring-security-web-7.0.3.jar:7.0.3]
	at org.springframework.security.web.FilterChainProxy.doFilter(FilterChainProxy.java:195) ~[spring-security-web-7.0.3.jar:7.0.3]
	at org.springframework.web.filter.CompositeFilter$VirtualFilterChain.doFilter(CompositeFilter.java:113) ~[spring-web-7.0.5.jar:7.0.5]
	at org.springframework.web.filter.ServletRequestPathFilter.doFilter(ServletRequestPathFilter.java:52) ~[spring-web-7.0.5.jar:7.0.5]
	at org.springframework.web.filter.CompositeFilter$VirtualFilterChain.doFilter(CompositeFilter.java:113) ~[spring-web-7.0.5.jar:7.0.5]
	at org.springframework.web.filter.CompositeFilter.doFilter(CompositeFilter.java:74) ~[spring-web-7.0.5.jar:7.0.5]
	at org.springframework.security.config.annotation.web.configuration.WebSecurityConfiguration$CompositeFilterChainProxy.doFilter(WebSecurityConfiguration.java:317) ~[spring-security-config-7.0.3.jar:7.0.3]
	at org.springframework.web.filter.DelegatingFilterProxy.invokeDelegate(DelegatingFilterProxy.java:355) ~[spring-web-7.0.5.jar:7.0.5]
	at org.springframework.web.filter.DelegatingFilterProxy.doFilter(DelegatingFilterProxy.java:272) ~[spring-web-7.0.5.jar:7.0.5]
	at org.apache.catalina.core.ApplicationFilterChain.doFilter(ApplicationFilterChain.java:107) ~[tomcat-embed-core-11.0.18.jar:11.0.18]
	at org.springframework.web.filter.RequestContextFilter.doFilterInternal(RequestContextFilter.java:100) ~[spring-web-7.0.5.jar:7.0.5]
	at org.springframework.web.filter.OncePerRequestFilter.doFilter(OncePerRequestFilter.java:116) ~[spring-web-7.0.5.jar:7.0.5]
	at org.apache.catalina.core.ApplicationFilterChain.doFilter(ApplicationFilterChain.java:107) ~[tomcat-embed-core-11.0.18.jar:11.0.18]
	at org.springframework.web.filter.FormContentFilter.doFilterInternal(FormContentFilter.java:93) ~[spring-web-7.0.5.jar:7.0.5]
	at org.springframework.web.filter.OncePerRequestFilter.doFilter(OncePerRequestFilter.java:116) ~[spring-web-7.0.5.jar:7.0.5]
	at org.apache.catalina.core.ApplicationFilterChain.doFilter(ApplicationFilterChain.java:107) ~[tomcat-embed-core-11.0.18.jar:11.0.18]
	at org.springframework.web.filter.CharacterEncodingFilter.doFilterInternal(CharacterEncodingFilter.java:199) ~[spring-web-7.0.5.jar:7.0.5]
	at org.springframework.web.filter.OncePerRequestFilter.doFilter(OncePerRequestFilter.java:116) ~[spring-web-7.0.5.jar:7.0.5]
	at org.apache.catalina.core.ApplicationFilterChain.doFilter(ApplicationFilterChain.java:107) ~[tomcat-embed-core-11.0.18.jar:11.0.18]
	at org.apache.catalina.core.StandardWrapperValve.invoke(StandardWrapperValve.java:165) ~[tomcat-embed-core-11.0.18.jar:11.0.18]
	at org.apache.catalina.core.StandardContextValve.invoke(StandardContextValve.java:77) ~[tomcat-embed-core-11.0.18.jar:11.0.18]
	at org.apache.catalina.authenticator.AuthenticatorBase.invoke(AuthenticatorBase.java:492) ~[tomcat-embed-core-11.0.18.jar:11.0.18]
	at org.apache.catalina.core.StandardHostValve.invoke(StandardHostValve.java:113) ~[tomcat-embed-core-11.0.18.jar:11.0.18]
	at org.apache.catalina.valves.ErrorReportValve.invoke(ErrorReportValve.java:83) ~[tomcat-embed-core-11.0.18.jar:11.0.18]
	at org.apache.catalina.core.StandardEngineValve.invoke(StandardEngineValve.java:72) ~[tomcat-embed-core-11.0.18.jar:11.0.18]
	at org.apache.catalina.connector.CoyoteAdapter.service(CoyoteAdapter.java:341) ~[tomcat-embed-core-11.0.18.jar:11.0.18]
	at org.apache.coyote.http11.Http11Processor.service(Http11Processor.java:397) ~[tomcat-embed-core-11.0.18.jar:11.0.18]
	at org.apache.coyote.AbstractProcessorLight.process(AbstractProcessorLight.java:63) ~[tomcat-embed-core-11.0.18.jar:11.0.18]
	at org.apache.coyote.AbstractProtocol$ConnectionHandler.process(AbstractProtocol.java:903) ~[tomcat-embed-core-11.0.18.jar:11.0.18]
	at org.apache.tomcat.util.net.NioEndpoint$SocketProcessor.doRun(NioEndpoint.java:1779) ~[tomcat-embed-core-11.0.18.jar:11.0.18]
	at org.apache.tomcat.util.net.SocketProcessorBase.run(SocketProcessorBase.java:52) ~[tomcat-embed-core-11.0.18.jar:11.0.18]
	at org.apache.tomcat.util.threads.ThreadPoolExecutor.runWorker(ThreadPoolExecutor.java:946) ~[tomcat-embed-core-11.0.18.jar:11.0.18]
	at org.apache.tomcat.util.threads.ThreadPoolExecutor$Worker.run(ThreadPoolExecutor.java:480) ~[tomcat-embed-core-11.0.18.jar:11.0.18]
	at org.apache.tomcat.util.threads.TaskThread$WrappingRunnable.run(TaskThread.java:57) ~[tomcat-embed-core-11.0.18.jar:11.0.18]
	at java.base/java.lang.Thread.run(Thread.java:842) ~[na:na]
Caused by: tools.jackson.core.exc.JacksonIOException: ServletOutputStream failed to write: java.io.IOException: 현재 연결은 사용자의 호스트 시스템의 소프트웨어의 의해 중단되었습니다
 at [No location information]
	at tools.jackson.core.exc.JacksonIOException.construct(JacksonIOException.java:39) ~[jackson-core-3.0.4.jar:3.0.4]
	at tools.jackson.core.JsonGenerator._wrapIOFailure(JsonGenerator.java:2476) ~[jackson-core-3.0.4.jar:3.0.4]
	at tools.jackson.core.json.UTF8JsonGenerator._flushBuffer(UTF8JsonGenerator.java:2343) ~[jackson-core-3.0.4.jar:3.0.4]
	at tools.jackson.core.json.UTF8JsonGenerator.flush(UTF8JsonGenerator.java:1235) ~[jackson-core-3.0.4.jar:3.0.4]
	at tools.jackson.databind.ObjectWriter.writeValue(ObjectWriter.java:975) ~[jackson-databind-3.0.4.jar:3.0.4]
	at org.springframework.http.converter.AbstractJacksonHttpMessageConverter.writeInternal(AbstractJacksonHttpMessageConverter.java:436) ~[spring-web-7.0.5.jar:7.0.5]
	... 105 common frames omitted
Caused by: org.springframework.web.context.request.async.AsyncRequestNotUsableException: ServletOutputStream failed to write: java.io.IOException: 현재 연결은 사용자의 호스트 시스템의 소프트웨어의 의해 중단되었습니다
	at org.springframework.web.context.request.async.StandardServletAsyncWebRequest$LifecycleHttpServletResponse.handleIOException(StandardServletAsyncWebRequest.java:340) ~[spring-web-7.0.5.jar:7.0.5]
	at org.springframework.web.context.request.async.StandardServletAsyncWebRequest$LifecycleServletOutputStream.write(StandardServletAsyncWebRequest.java:399) ~[spring-web-7.0.5.jar:7.0.5]
	at org.springframework.util.StreamUtils$NonClosingOutputStream.write(StreamUtils.java:284) ~[spring-core-7.0.5.jar:7.0.5]
	at tools.jackson.core.json.UTF8JsonGenerator._flushBuffer(UTF8JsonGenerator.java:2341) ~[jackson-core-3.0.4.jar:3.0.4]
	... 108 common frames omitted
Caused by: org.apache.catalina.connector.ClientAbortException: java.io.IOException: 현재 연결은 사용자의 호스트 시스템의 소프트웨어의 의해 중단되었습니다
	at org.apache.catalina.connector.OutputBuffer.realWriteBytes(OutputBuffer.java:328) ~[tomcat-embed-core-11.0.18.jar:11.0.18]
	at org.apache.catalina.connector.OutputBuffer.flushByteBuffer(OutputBuffer.java:764) ~[tomcat-embed-core-11.0.18.jar:11.0.18]
	at org.apache.catalina.connector.OutputBuffer.append(OutputBuffer.java:661) ~[tomcat-embed-core-11.0.18.jar:11.0.18]
	at org.apache.catalina.connector.OutputBuffer.writeBytes(OutputBuffer.java:363) ~[tomcat-embed-core-11.0.18.jar:11.0.18]
	at org.apache.catalina.connector.OutputBuffer.write(OutputBuffer.java:341) ~[tomcat-embed-core-11.0.18.jar:11.0.18]
	at org.apache.catalina.connector.CoyoteOutputStream.write(CoyoteOutputStream.java:99) ~[tomcat-embed-core-11.0.18.jar:11.0.18]
	at org.springframework.security.web.util.OnCommittedResponseWrapper$SaveContextServletOutputStream.write(OnCommittedResponseWrapper.java:639) ~[spring-security-web-7.0.3.jar:7.0.3]
	at org.springframework.web.context.request.async.StandardServletAsyncWebRequest$LifecycleServletOutputStream.write(StandardServletAsyncWebRequest.java:396) ~[spring-web-7.0.5.jar:7.0.5]
	... 110 common frames omitted
Caused by: java.io.IOException: 현재 연결은 사용자의 호스트 시스템의 소프트웨어의 의해 중단되었습니다
	at java.base/sun.nio.ch.SocketDispatcher.write0(Native Method) ~[na:na]
	at java.base/sun.nio.ch.SocketDispatcher.write(SocketDispatcher.java:54) ~[na:na]
	at java.base/sun.nio.ch.IOUtil.writeFromNativeBuffer(IOUtil.java:132) ~[na:na]
	at java.base/sun.nio.ch.IOUtil.write(IOUtil.java:97) ~[na:na]
	at java.base/sun.nio.ch.IOUtil.write(IOUtil.java:53) ~[na:na]
	at java.base/sun.nio.ch.SocketChannelImpl.write(SocketChannelImpl.java:532) ~[na:na]
	at org.apache.tomcat.util.net.NioChannel.write(NioChannel.java:129) ~[tomcat-embed-core-11.0.18.jar:11.0.18]
	at org.apache.tomcat.util.net.NioEndpoint$NioSocketWrapper.doWrite(NioEndpoint.java:1419) ~[tomcat-embed-core-11.0.18.jar:11.0.18]
	at org.apache.tomcat.util.net.SocketWrapperBase.doWrite(SocketWrapperBase.java:747) ~[tomcat-embed-core-11.0.18.jar:11.0.18]
	at org.apache.tomcat.util.net.SocketWrapperBase.writeBlocking(SocketWrapperBase.java:587) ~[tomcat-embed-core-11.0.18.jar:11.0.18]
	at org.apache.tomcat.util.net.SocketWrapperBase.write(SocketWrapperBase.java:535) ~[tomcat-embed-core-11.0.18.jar:11.0.18]
	at org.apache.coyote.http11.Http11OutputBuffer$SocketOutputBuffer.doWrite(Http11OutputBuffer.java:537) ~[tomcat-embed-core-11.0.18.jar:11.0.18]
	at org.apache.coyote.http11.filters.ChunkedOutputFilter.doWrite(ChunkedOutputFilter.java:109) ~[tomcat-embed-core-11.0.18.jar:11.0.18]
	at org.apache.coyote.http11.Http11OutputBuffer.doWrite(Http11OutputBuffer.java:193) ~[tomcat-embed-core-11.0.18.jar:11.0.18]
	at org.apache.coyote.Response.doWrite(Response.java:633) ~[tomcat-embed-core-11.0.18.jar:11.0.18]
	at org.apache.catalina.connector.OutputBuffer.realWriteBytes(OutputBuffer.java:316) ~[tomcat-embed-core-11.0.18.jar:11.0.18]
	... 117 common frames omitted

2026-05-07T20:00:12.450+09:00  INFO 32280 --- [demo] [io-8081-exec-10] c.e.p.s.auth.FirebaseIdentityService     : [FirebaseTokenVerify] provider_verified_in_0ms
2026-05-07T20:00:12.451+09:00  INFO 32280 --- [demo] [nio-8081-exec-5] c.e.p.s.auth.FirebaseIdentityService     : [FirebaseTokenVerify] provider_verified_in_0ms
2026-05-07T20:00:12.451+09:00  INFO 32280 --- [demo] [nio-8081-exec-7] c.e.p.s.auth.FirebaseIdentityService     : [FirebaseTokenVerify] provider_verified_in_0ms
2026-05-07T20:00:12.451+09:00  INFO 32280 --- [demo] [nio-8081-exec-4] c.e.p.s.auth.FirebaseIdentityService     : [FirebaseTokenVerify] provider_verified_in_0ms
2026-05-07T20:00:12.451+09:00  INFO 32280 --- [demo] [nio-8081-exec-3] c.e.p.s.auth.FirebaseIdentityService     : [FirebaseTokenVerify] provider_verified_in_0ms
2026-05-07T20:00:13.223+09:00  INFO 32280 --- [demo] [nio-8081-exec-2] o.springdoc.api.AbstractOpenApiResource  : Init duration for springdoc-openapi is: 2211 ms
2026-05-07T20:00:14.991+09:00 ERROR 32280 --- [demo] [nio-8081-exec-8] c.e.p.c.common.GlobalExceptionHandler    : Unhandled exception: 

org.springframework.http.converter.HttpMessageNotWritableException: Could not write JSON: ServletOutputStream failed to flush: java.io.IOException: 현재 연결은 사용자의 호스트 시스템의 소프트웨어의 의해 중단되었습니다
	at org.springframework.http.converter.AbstractJacksonHttpMessageConverter.writeInternal(AbstractJacksonHttpMessageConverter.java:444) ~[spring-web-7.0.5.jar:7.0.5]
	at org.springframework.http.converter.AbstractSmartHttpMessageConverter.write(AbstractSmartHttpMessageConverter.java:116) ~[spring-web-7.0.5.jar:7.0.5]
	at org.springframework.web.servlet.mvc.method.annotation.AbstractMessageConverterMethodProcessor.writeWithMessageConverters(AbstractMessageConverterMethodProcessor.java:343) ~[spring-webmvc-7.0.5.jar:7.0.5]
	at org.springframework.web.servlet.mvc.method.annotation.HttpEntityMethodProcessor.handleReturnValue(HttpEntityMethodProcessor.java:261) ~[spring-webmvc-7.0.5.jar:7.0.5]
	at org.springframework.web.servlet.mvc.method.annotation.ResponseEntityReturnValueHandler.handleReturnValue(ResponseEntityReturnValueHandler.java:80) ~[spring-webmvc-7.0.5.jar:7.0.5]
	at org.springframework.web.method.support.HandlerMethodReturnValueHandlerComposite.handleReturnValue(HandlerMethodReturnValueHandlerComposite.java:78) ~[spring-web-7.0.5.jar:7.0.5]
	at org.springframework.web.servlet.mvc.method.annotation.ServletInvocableHandlerMethod.invokeAndHandle(ServletInvocableHandlerMethod.java:135) ~[spring-webmvc-7.0.5.jar:7.0.5]
	at org.springframework.web.servlet.mvc.method.annotation.RequestMappingHandlerAdapter.invokeHandlerMethod(RequestMappingHandlerAdapter.java:934) ~[spring-webmvc-7.0.5.jar:7.0.5]
	at org.springframework.web.servlet.mvc.method.annotation.RequestMappingHandlerAdapter.handleInternal(RequestMappingHandlerAdapter.java:853) ~[spring-webmvc-7.0.5.jar:7.0.5]
	at org.springframework.web.servlet.mvc.method.AbstractHandlerMethodAdapter.handle(AbstractHandlerMethodAdapter.java:86) ~[spring-webmvc-7.0.5.jar:7.0.5]
	at org.springframework.web.servlet.DispatcherServlet.doDispatch(DispatcherServlet.java:963) ~[spring-webmvc-7.0.5.jar:7.0.5]
	at org.springframework.web.servlet.DispatcherServlet.doService(DispatcherServlet.java:866) ~[spring-webmvc-7.0.5.jar:7.0.5]
	at org.springframework.web.servlet.FrameworkServlet.processRequest(FrameworkServlet.java:1000) ~[spring-webmvc-7.0.5.jar:7.0.5]
	at org.springframework.web.servlet.FrameworkServlet.doGet(FrameworkServlet.java:892) ~[spring-webmvc-7.0.5.jar:7.0.5]
	at jakarta.servlet.http.HttpServlet.service(HttpServlet.java:622) ~[tomcat-embed-core-11.0.18.jar:6.1]
	at org.springframework.web.servlet.FrameworkServlet.service(FrameworkServlet.java:874) ~[spring-webmvc-7.0.5.jar:7.0.5]
	at jakarta.servlet.http.HttpServlet.service(HttpServlet.java:710) ~[tomcat-embed-core-11.0.18.jar:6.1]
	at org.apache.catalina.core.ApplicationFilterChain.doFilter(ApplicationFilterChain.java:128) ~[tomcat-embed-core-11.0.18.jar:11.0.18]
	at org.apache.tomcat.websocket.server.WsFilter.doFilter(WsFilter.java:53) ~[tomcat-embed-websocket-11.0.18.jar:11.0.18]
	at org.apache.catalina.core.ApplicationFilterChain.doFilter(ApplicationFilterChain.java:107) ~[tomcat-embed-core-11.0.18.jar:11.0.18]
	at com.example.pogun.config.web.WebMvcConfig$Utf8JsonContentTypeFilter.doFilterInternal(WebMvcConfig.java:52) ~[main/:na]
	at org.springframework.web.filter.OncePerRequestFilter.doFilter(OncePerRequestFilter.java:116) ~[spring-web-7.0.5.jar:7.0.5]
	at org.apache.catalina.core.ApplicationFilterChain.doFilter(ApplicationFilterChain.java:107) ~[tomcat-embed-core-11.0.18.jar:11.0.18]
	at org.springframework.web.filter.OncePerRequestFilter.doFilter(OncePerRequestFilter.java:110) ~[spring-web-7.0.5.jar:7.0.5]
	at org.apache.catalina.core.ApplicationFilterChain.doFilter(ApplicationFilterChain.java:107) ~[tomcat-embed-core-11.0.18.jar:11.0.18]
	at org.springframework.web.filter.OncePerRequestFilter.doFilter(OncePerRequestFilter.java:101) ~[spring-web-7.0.5.jar:7.0.5]
	at org.apache.catalina.core.ApplicationFilterChain.doFilter(ApplicationFilterChain.java:107) ~[tomcat-embed-core-11.0.18.jar:11.0.18]
	at com.example.pogun.config.web.AdminTrafficLogFilter.doFilterInternal(AdminTrafficLogFilter.java:33) ~[main/:na]
	at org.springframework.web.filter.OncePerRequestFilter.doFilter(OncePerRequestFilter.java:116) ~[spring-web-7.0.5.jar:7.0.5]
	at org.apache.catalina.core.ApplicationFilterChain.doFilter(ApplicationFilterChain.java:107) ~[tomcat-embed-core-11.0.18.jar:11.0.18]
	at org.springframework.web.filter.CompositeFilter$VirtualFilterChain.doFilter(CompositeFilter.java:108) ~[spring-web-7.0.5.jar:7.0.5]
	at org.springframework.security.web.FilterChainProxy.lambda$doFilterInternal$3(FilterChainProxy.java:235) ~[spring-security-web-7.0.3.jar:7.0.3]
	at org.springframework.security.web.FilterChainProxy$VirtualFilterChain.doFilter(FilterChainProxy.java:371) ~[spring-security-web-7.0.3.jar:7.0.3]
	at org.springframework.security.web.access.intercept.AuthorizationFilter.doFilter(AuthorizationFilter.java:101) ~[spring-security-web-7.0.3.jar:7.0.3]
	at org.springframework.security.web.FilterChainProxy$VirtualFilterChain.doFilter(FilterChainProxy.java:380) ~[spring-security-web-7.0.3.jar:7.0.3]
	at org.springframework.security.web.access.ExceptionTranslationFilter.doFilter(ExceptionTranslationFilter.java:126) ~[spring-security-web-7.0.3.jar:7.0.3]
	at org.springframework.security.web.access.ExceptionTranslationFilter.doFilter(ExceptionTranslationFilter.java:120) ~[spring-security-web-7.0.3.jar:7.0.3]
	at org.springframework.security.web.FilterChainProxy$VirtualFilterChain.doFilter(FilterChainProxy.java:380) ~[spring-security-web-7.0.3.jar:7.0.3]
	at org.springframework.security.web.session.SessionManagementFilter.doFilter(SessionManagementFilter.java:132) ~[spring-security-web-7.0.3.jar:7.0.3]
	at org.springframework.security.web.session.SessionManagementFilter.doFilter(SessionManagementFilter.java:86) ~[spring-security-web-7.0.3.jar:7.0.3]
	at org.springframework.security.web.FilterChainProxy$VirtualFilterChain.doFilter(FilterChainProxy.java:380) ~[spring-security-web-7.0.3.jar:7.0.3]
	at org.springframework.security.web.authentication.AnonymousAuthenticationFilter.doFilter(AnonymousAuthenticationFilter.java:100) ~[spring-security-web-7.0.3.jar:7.0.3]
	at org.springframework.security.web.FilterChainProxy$VirtualFilterChain.doFilter(FilterChainProxy.java:380) ~[spring-security-web-7.0.3.jar:7.0.3]
	at org.springframework.security.web.servletapi.SecurityContextHolderAwareRequestFilter.doFilter(SecurityContextHolderAwareRequestFilter.java:181) ~[spring-security-web-7.0.3.jar:7.0.3]
	at org.springframework.security.web.FilterChainProxy$VirtualFilterChain.doFilter(FilterChainProxy.java:380) ~[spring-security-web-7.0.3.jar:7.0.3]
	at org.springframework.security.web.savedrequest.RequestCacheAwareFilter.doFilter(RequestCacheAwareFilter.java:63) ~[spring-security-web-7.0.3.jar:7.0.3]
	at org.springframework.security.web.FilterChainProxy$VirtualFilterChain.doFilter(FilterChainProxy.java:380) ~[spring-security-web-7.0.3.jar:7.0.3]
	at com.example.pogun.config.FirebaseTokenFilter.doFilterInternal(FirebaseTokenFilter.java:101) ~[main/:na]
	at org.springframework.web.filter.OncePerRequestFilter.doFilter(OncePerRequestFilter.java:116) ~[spring-web-7.0.5.jar:7.0.5]
	at org.springframework.security.web.FilterChainProxy$VirtualFilterChain.doFilter(FilterChainProxy.java:380) ~[spring-security-web-7.0.3.jar:7.0.3]
	at org.springframework.web.filter.OncePerRequestFilter.doFilter(OncePerRequestFilter.java:101) ~[spring-web-7.0.5.jar:7.0.5]
	at org.springframework.security.web.FilterChainProxy$VirtualFilterChain.doFilter(FilterChainProxy.java:380) ~[spring-security-web-7.0.3.jar:7.0.3]
	at org.springframework.security.web.authentication.logout.LogoutFilter.doFilter(LogoutFilter.java:110) ~[spring-security-web-7.0.3.jar:7.0.3]
	at org.springframework.security.web.authentication.logout.LogoutFilter.doFilter(LogoutFilter.java:96) ~[spring-security-web-7.0.3.jar:7.0.3]
	at org.springframework.security.web.FilterChainProxy$VirtualFilterChain.doFilter(FilterChainProxy.java:380) ~[spring-security-web-7.0.3.jar:7.0.3]
	at org.springframework.web.filter.CorsFilter.doFilterInternal(CorsFilter.java:91) ~[spring-web-7.0.5.jar:7.0.5]
	at org.springframework.web.filter.OncePerRequestFilter.doFilter(OncePerRequestFilter.java:116) ~[spring-web-7.0.5.jar:7.0.5]
	at org.springframework.security.web.FilterChainProxy$VirtualFilterChain.doFilter(FilterChainProxy.java:380) ~[spring-security-web-7.0.3.jar:7.0.3]
	at org.springframework.security.web.header.HeaderWriterFilter.doHeadersAfter(HeaderWriterFilter.java:90) ~[spring-security-web-7.0.3.jar:7.0.3]
	at org.springframework.security.web.header.HeaderWriterFilter.doFilterInternal(HeaderWriterFilter.java:75) ~[spring-security-web-7.0.3.jar:7.0.3]
	at org.springframework.web.filter.OncePerRequestFilter.doFilter(OncePerRequestFilter.java:116) ~[spring-web-7.0.5.jar:7.0.5]
	at org.springframework.security.web.FilterChainProxy$VirtualFilterChain.doFilter(FilterChainProxy.java:380) ~[spring-security-web-7.0.3.jar:7.0.3]
	at org.springframework.security.web.context.SecurityContextHolderFilter.doFilter(SecurityContextHolderFilter.java:82) ~[spring-security-web-7.0.3.jar:7.0.3]
	at org.springframework.security.web.context.SecurityContextHolderFilter.doFilter(SecurityContextHolderFilter.java:69) ~[spring-security-web-7.0.3.jar:7.0.3]
	at org.springframework.security.web.FilterChainProxy$VirtualFilterChain.doFilter(FilterChainProxy.java:380) ~[spring-security-web-7.0.3.jar:7.0.3]
	at org.springframework.security.web.context.request.async.WebAsyncManagerIntegrationFilter.doFilterInternal(WebAsyncManagerIntegrationFilter.java:62) ~[spring-security-web-7.0.3.jar:7.0.3]
	at org.springframework.web.filter.OncePerRequestFilter.doFilter(OncePerRequestFilter.java:116) ~[spring-web-7.0.5.jar:7.0.5]
	at org.springframework.security.web.FilterChainProxy$VirtualFilterChain.doFilter(FilterChainProxy.java:380) ~[spring-security-web-7.0.3.jar:7.0.3]
	at org.springframework.security.web.session.DisableEncodeUrlFilter.doFilterInternal(DisableEncodeUrlFilter.java:42) ~[spring-security-web-7.0.3.jar:7.0.3]
	at org.springframework.web.filter.OncePerRequestFilter.doFilter(OncePerRequestFilter.java:116) ~[spring-web-7.0.5.jar:7.0.5]
	at org.springframework.security.web.FilterChainProxy$VirtualFilterChain.doFilter(FilterChainProxy.java:380) ~[spring-security-web-7.0.3.jar:7.0.3]
	at org.springframework.security.web.FilterChainProxy.doFilterInternal(FilterChainProxy.java:237) ~[spring-security-web-7.0.3.jar:7.0.3]
	at org.springframework.security.web.FilterChainProxy.doFilter(FilterChainProxy.java:195) ~[spring-security-web-7.0.3.jar:7.0.3]
	at org.springframework.web.filter.CompositeFilter$VirtualFilterChain.doFilter(CompositeFilter.java:113) ~[spring-web-7.0.5.jar:7.0.5]
	at org.springframework.web.filter.ServletRequestPathFilter.doFilter(ServletRequestPathFilter.java:52) ~[spring-web-7.0.5.jar:7.0.5]
	at org.springframework.web.filter.CompositeFilter$VirtualFilterChain.doFilter(CompositeFilter.java:113) ~[spring-web-7.0.5.jar:7.0.5]
	at org.springframework.web.filter.CompositeFilter.doFilter(CompositeFilter.java:74) ~[spring-web-7.0.5.jar:7.0.5]
	at org.springframework.security.config.annotation.web.configuration.WebSecurityConfiguration$CompositeFilterChainProxy.doFilter(WebSecurityConfiguration.java:317) ~[spring-security-config-7.0.3.jar:7.0.3]
	at org.springframework.web.filter.DelegatingFilterProxy.invokeDelegate(DelegatingFilterProxy.java:355) ~[spring-web-7.0.5.jar:7.0.5]
	at org.springframework.web.filter.DelegatingFilterProxy.doFilter(DelegatingFilterProxy.java:272) ~[spring-web-7.0.5.jar:7.0.5]
	at org.apache.catalina.core.ApplicationFilterChain.doFilter(ApplicationFilterChain.java:107) ~[tomcat-embed-core-11.0.18.jar:11.0.18]
	at org.springframework.web.filter.RequestContextFilter.doFilterInternal(RequestContextFilter.java:100) ~[spring-web-7.0.5.jar:7.0.5]
	at org.springframework.web.filter.OncePerRequestFilter.doFilter(OncePerRequestFilter.java:116) ~[spring-web-7.0.5.jar:7.0.5]
	at org.apache.catalina.core.ApplicationFilterChain.doFilter(ApplicationFilterChain.java:107) ~[tomcat-embed-core-11.0.18.jar:11.0.18]
	at org.springframework.web.filter.FormContentFilter.doFilterInternal(FormContentFilter.java:93) ~[spring-web-7.0.5.jar:7.0.5]
	at org.springframework.web.filter.OncePerRequestFilter.doFilter(OncePerRequestFilter.java:116) ~[spring-web-7.0.5.jar:7.0.5]
	at org.apache.catalina.core.ApplicationFilterChain.doFilter(ApplicationFilterChain.java:107) ~[tomcat-embed-core-11.0.18.jar:11.0.18]
	at org.springframework.web.filter.CharacterEncodingFilter.doFilterInternal(CharacterEncodingFilter.java:199) ~[spring-web-7.0.5.jar:7.0.5]
	at org.springframework.web.filter.OncePerRequestFilter.doFilter(OncePerRequestFilter.java:116) ~[spring-web-7.0.5.jar:7.0.5]
	at org.apache.catalina.core.ApplicationFilterChain.doFilter(ApplicationFilterChain.java:107) ~[tomcat-embed-core-11.0.18.jar:11.0.18]
	at org.apache.catalina.core.StandardWrapperValve.invoke(StandardWrapperValve.java:165) ~[tomcat-embed-core-11.0.18.jar:11.0.18]
	at org.apache.catalina.core.StandardContextValve.invoke(StandardContextValve.java:77) ~[tomcat-embed-core-11.0.18.jar:11.0.18]
	at org.apache.catalina.authenticator.AuthenticatorBase.invoke(AuthenticatorBase.java:492) ~[tomcat-embed-core-11.0.18.jar:11.0.18]
	at org.apache.catalina.core.StandardHostValve.invoke(StandardHostValve.java:113) ~[tomcat-embed-core-11.0.18.jar:11.0.18]
	at org.apache.catalina.valves.ErrorReportValve.invoke(ErrorReportValve.java:83) ~[tomcat-embed-core-11.0.18.jar:11.0.18]
	at org.apache.catalina.core.StandardEngineValve.invoke(StandardEngineValve.java:72) ~[tomcat-embed-core-11.0.18.jar:11.0.18]
	at org.apache.catalina.connector.CoyoteAdapter.service(CoyoteAdapter.java:341) ~[tomcat-embed-core-11.0.18.jar:11.0.18]
	at org.apache.coyote.http11.Http11Processor.service(Http11Processor.java:397) ~[tomcat-embed-core-11.0.18.jar:11.0.18]
	at org.apache.coyote.AbstractProcessorLight.process(AbstractProcessorLight.java:63) ~[tomcat-embed-core-11.0.18.jar:11.0.18]
	at org.apache.coyote.AbstractProtocol$ConnectionHandler.process(AbstractProtocol.java:903) ~[tomcat-embed-core-11.0.18.jar:11.0.18]
	at org.apache.tomcat.util.net.NioEndpoint$SocketProcessor.doRun(NioEndpoint.java:1779) ~[tomcat-embed-core-11.0.18.jar:11.0.18]
	at org.apache.tomcat.util.net.SocketProcessorBase.run(SocketProcessorBase.java:52) ~[tomcat-embed-core-11.0.18.jar:11.0.18]
	at org.apache.tomcat.util.threads.ThreadPoolExecutor.runWorker(ThreadPoolExecutor.java:946) ~[tomcat-embed-core-11.0.18.jar:11.0.18]
	at org.apache.tomcat.util.threads.ThreadPoolExecutor$Worker.run(ThreadPoolExecutor.java:480) ~[tomcat-embed-core-11.0.18.jar:11.0.18]
	at org.apache.tomcat.util.threads.TaskThread$WrappingRunnable.run(TaskThread.java:57) ~[tomcat-embed-core-11.0.18.jar:11.0.18]
	at java.base/java.lang.Thread.run(Thread.java:842) ~[na:na]
Caused by: tools.jackson.core.exc.JacksonIOException: ServletOutputStream failed to flush: java.io.IOException: 현재 연결은 사용자의 호스트 시스템의 소프트웨어의 의해 중단되었습니다
 at [No location information]
	at tools.jackson.core.exc.JacksonIOException.construct(JacksonIOException.java:39) ~[jackson-core-3.0.4.jar:3.0.4]
	at tools.jackson.core.JsonGenerator._wrapIOFailure(JsonGenerator.java:2476) ~[jackson-core-3.0.4.jar:3.0.4]
	at tools.jackson.core.json.UTF8JsonGenerator.flush(UTF8JsonGenerator.java:1241) ~[jackson-core-3.0.4.jar:3.0.4]
	at tools.jackson.databind.ObjectWriter.writeValue(ObjectWriter.java:975) ~[jackson-databind-3.0.4.jar:3.0.4]
	at org.springframework.http.converter.AbstractJacksonHttpMessageConverter.writeInternal(AbstractJacksonHttpMessageConverter.java:436) ~[spring-web-7.0.5.jar:7.0.5]
	... 105 common frames omitted
Caused by: org.springframework.web.context.request.async.AsyncRequestNotUsableException: ServletOutputStream failed to flush: java.io.IOException: 현재 연결은 사용자의 호스트 시스템의 소프트웨어의 의해 중단되었습니다
	at org.springframework.web.context.request.async.StandardServletAsyncWebRequest$LifecycleHttpServletResponse.handleIOException(StandardServletAsyncWebRequest.java:340) ~[spring-web-7.0.5.jar:7.0.5]
	at org.springframework.web.context.request.async.StandardServletAsyncWebRequest$LifecycleServletOutputStream.flush(StandardServletAsyncWebRequest.java:413) ~[spring-web-7.0.5.jar:7.0.5]
	at java.base/java.io.FilterOutputStream.flush(FilterOutputStream.java:153) ~[na:na]
	at tools.jackson.core.json.UTF8JsonGenerator.flush(UTF8JsonGenerator.java:1239) ~[jackson-core-3.0.4.jar:3.0.4]
	... 107 common frames omitted
Caused by: org.apache.catalina.connector.ClientAbortException: java.io.IOException: 현재 연결은 사용자의 호스트 시스템의 소프트웨어의 의해 중단되었습니다
	at org.apache.catalina.connector.OutputBuffer.doFlush(OutputBuffer.java:290) ~[tomcat-embed-core-11.0.18.jar:11.0.18]
	at org.apache.catalina.connector.OutputBuffer.flush(OutputBuffer.java:252) ~[tomcat-embed-core-11.0.18.jar:11.0.18]
	at org.apache.catalina.connector.CoyoteOutputStream.flush(CoyoteOutputStream.java:134) ~[tomcat-embed-core-11.0.18.jar:11.0.18]
	at org.springframework.security.web.util.OnCommittedResponseWrapper$SaveContextServletOutputStream.flush(OnCommittedResponseWrapper.java:524) ~[spring-security-web-7.0.3.jar:7.0.3]
	at org.springframework.web.context.request.async.StandardServletAsyncWebRequest$LifecycleServletOutputStream.flush(StandardServletAsyncWebRequest.java:410) ~[spring-web-7.0.5.jar:7.0.5]
	... 109 common frames omitted
Caused by: java.io.IOException: 현재 연결은 사용자의 호스트 시스템의 소프트웨어의 의해 중단되었습니다
	at java.base/sun.nio.ch.SocketDispatcher.write0(Native Method) ~[na:na]
	at java.base/sun.nio.ch.SocketDispatcher.write(SocketDispatcher.java:54) ~[na:na]
	at java.base/sun.nio.ch.IOUtil.writeFromNativeBuffer(IOUtil.java:132) ~[na:na]
	at java.base/sun.nio.ch.IOUtil.write(IOUtil.java:97) ~[na:na]
	at java.base/sun.nio.ch.IOUtil.write(IOUtil.java:53) ~[na:na]
	at java.base/sun.nio.ch.SocketChannelImpl.write(SocketChannelImpl.java:532) ~[na:na]
	at org.apache.tomcat.util.net.NioChannel.write(NioChannel.java:129) ~[tomcat-embed-core-11.0.18.jar:11.0.18]
	at org.apache.tomcat.util.net.NioEndpoint$NioSocketWrapper.doWrite(NioEndpoint.java:1419) ~[tomcat-embed-core-11.0.18.jar:11.0.18]
	at org.apache.tomcat.util.net.SocketWrapperBase.doWrite(SocketWrapperBase.java:747) ~[tomcat-embed-core-11.0.18.jar:11.0.18]
	at org.apache.tomcat.util.net.SocketWrapperBase.flushBlocking(SocketWrapperBase.java:713) ~[tomcat-embed-core-11.0.18.jar:11.0.18]
	at org.apache.tomcat.util.net.SocketWrapperBase.flush(SocketWrapperBase.java:698) ~[tomcat-embed-core-11.0.18.jar:11.0.18]
	at org.apache.coyote.http11.Http11OutputBuffer$SocketOutputBuffer.flush(Http11OutputBuffer.java:563) ~[tomcat-embed-core-11.0.18.jar:11.0.18]
	at org.apache.coyote.http11.filters.ChunkedOutputFilter.flush(ChunkedOutputFilter.java:154) ~[tomcat-embed-core-11.0.18.jar:11.0.18]
	at org.apache.coyote.http11.Http11OutputBuffer.flush(Http11OutputBuffer.java:216) ~[tomcat-embed-core-11.0.18.jar:11.0.18]
	at org.apache.coyote.http11.Http11Processor.flush(Http11Processor.java:1271) ~[tomcat-embed-core-11.0.18.jar:11.0.18]
	at org.apache.coyote.AbstractProcessor.action(AbstractProcessor.java:407) ~[tomcat-embed-core-11.0.18.jar:11.0.18]
	at org.apache.coyote.Response.action(Response.java:197) ~[tomcat-embed-core-11.0.18.jar:11.0.18]
	at org.apache.catalina.connector.OutputBuffer.doFlush(OutputBuffer.java:286) ~[tomcat-embed-core-11.0.18.jar:11.0.18]
	... 113 common frames omitted

2026-05-07T20:00:20.450+09:00  INFO 32280 --- [demo] [nio-8081-exec-3] c.e.p.s.auth.FirebaseIdentityService     : [FirebaseTokenVerify] provider_verified_in_1ms
2026-05-07T20:00:20.452+09:00  INFO 32280 --- [demo] [nio-8081-exec-4] c.e.p.s.auth.FirebaseIdentityService     : [FirebaseTokenVerify] provider_verified_in_0ms
2026-05-07T20:00:20.452+09:00  INFO 32280 --- [demo] [io-8081-exec-10] c.e.p.s.auth.FirebaseIdentityService     : [FirebaseTokenVerify] provider_verified_in_0ms
2026-05-07T20:00:20.455+09:00  INFO 32280 --- [demo] [nio-8081-exec-7] c.e.p.s.auth.FirebaseIdentityService     : [FirebaseTokenVerify] provider_verified_in_0ms
2026-05-07T20:00:20.455+09:00  INFO 32280 --- [demo] [nio-8081-exec-5] c.e.p.s.auth.FirebaseIdentityService     : [FirebaseTokenVerify] provider_verified_in_0ms
2026-05-07T20:00:28.445+09:00  INFO 32280 --- [demo] [io-8081-exec-10] c.e.p.s.auth.FirebaseIdentityService     : [FirebaseTokenVerify] provider_verified_in_0ms
2026-05-07T20:00:28.445+09:00  INFO 32280 --- [demo] [nio-8081-exec-3] c.e.p.s.auth.FirebaseIdentityService     : [FirebaseTokenVerify] provider_verified_in_0ms
2026-05-07T20:00:28.445+09:00  INFO 32280 --- [demo] [nio-8081-exec-5] c.e.p.s.auth.FirebaseIdentityService     : [FirebaseTokenVerify] provider_verified_in_0ms
2026-05-07T20:00:28.446+09:00  INFO 32280 --- [demo] [nio-8081-exec-7] c.e.p.s.auth.FirebaseIdentityService     : [FirebaseTokenVerify] provider_verified_in_0ms
2026-05-07T20:00:28.448+09:00  INFO 32280 --- [demo] [nio-8081-exec-4] c.e.p.s.auth.FirebaseIdentityService     : [FirebaseTokenVerify] provider_verified_in_1ms
2026-05-07T20:00:36.451+09:00  INFO 32280 --- [demo] [nio-8081-exec-7] c.e.p.s.auth.FirebaseIdentityService     : [FirebaseTokenVerify] provider_verified_in_0ms
2026-05-07T20:00:36.451+09:00  INFO 32280 --- [demo] [nio-8081-exec-4] c.e.p.s.auth.FirebaseIdentityService     : [FirebaseTokenVerify] provider_verified_in_0ms
2026-05-07T20:00:36.451+09:00  INFO 32280 --- [demo] [io-8081-exec-10] c.e.p.s.auth.FirebaseIdentityService     : [FirebaseTokenVerify] provider_verified_in_0ms
2026-05-07T20:00:36.454+09:00  INFO 32280 --- [demo] [nio-8081-exec-1] c.e.p.s.auth.FirebaseIdentityService     : [FirebaseTokenVerify] provider_verified_in_0ms
2026-05-07T20:00:36.456+09:00  INFO 32280 --- [demo] [nio-8081-exec-3] c.e.p.s.auth.FirebaseIdentityService     : [FirebaseTokenVerify] provider_verified_in_2ms
2026-05-07T20:00:44.446+09:00  INFO 32280 --- [demo] [io-8081-exec-10] c.e.p.s.auth.FirebaseIdentityService     : [FirebaseTokenVerify] provider_verified_in_1ms
2026-05-07T20:00:44.448+09:00  INFO 32280 --- [demo] [nio-8081-exec-3] c.e.p.s.auth.FirebaseIdentityService     : [FirebaseTokenVerify] provider_verified_in_0ms
2026-05-07T20:00:44.448+09:00  INFO 32280 --- [demo] [nio-8081-exec-1] c.e.p.s.auth.FirebaseIdentityService     : [FirebaseTokenVerify] provider_verified_in_0ms
2026-05-07T20:00:44.449+09:00  INFO 32280 --- [demo] [nio-8081-exec-7] c.e.p.s.auth.FirebaseIdentityService     : [FirebaseTokenVerify] provider_verified_in_0ms
2026-05-07T20:00:44.450+09:00  INFO 32280 --- [demo] [nio-8081-exec-4] c.e.p.s.auth.FirebaseIdentityService     : [FirebaseTokenVerify] provider_verified_in_1ms
2026-05-07T20:00:52.448+09:00  INFO 32280 --- [demo] [io-8081-exec-10] c.e.p.s.auth.FirebaseIdentityService     : [FirebaseTokenVerify] provider_verified_in_1ms
2026-05-07T20:00:52.451+09:00  INFO 32280 --- [demo] [nio-8081-exec-5] c.e.p.s.auth.FirebaseIdentityService     : [FirebaseTokenVerify] provider_verified_in_0ms
2026-05-07T20:00:52.452+09:00  INFO 32280 --- [demo] [nio-8081-exec-3] c.e.p.s.auth.FirebaseIdentityService     : [FirebaseTokenVerify] provider_verified_in_0ms
2026-05-07T20:00:52.456+09:00  INFO 32280 --- [demo] [nio-8081-exec-7] c.e.p.s.auth.FirebaseIdentityService     : [FirebaseTokenVerify] provider_verified_in_0ms
2026-05-07T20:00:52.456+09:00  INFO 32280 --- [demo] [nio-8081-exec-1] c.e.p.s.auth.FirebaseIdentityService     : [FirebaseTokenVerify] provider_verified_in_0ms
2026-05-07T20:01:15.269+09:00  INFO 32280 --- [demo] [pool-5-thread-1] c.e.p.service.user.UserPresenceService   : [presence] stale global session pruned uid=Y8rMFvMRjDEAYSQ84UMqLxoqjmML -> disconnected
2026-05-07T20:01:15.271+09:00  INFO 32280 --- [demo] [pool-5-thread-1] .e.p.s.p.PresenceReconciliationScheduler : [presence] reconciled stale/disconnected uid=Y8rMFvMRjDEAYSQ84UMqLxoqjmML -> broadcast
2026-05-07T20:01:19.462+09:00  INFO 32280 --- [demo] [nio-8081-exec-7] c.e.p.s.auth.FirebaseIdentityService     : [FirebaseTokenVerify] provider_verified_in_0ms
2026-05-07T20:01:19.462+09:00  INFO 32280 --- [demo] [nio-8081-exec-1] c.e.p.s.auth.FirebaseIdentityService     : [FirebaseTokenVerify] provider_verified_in_0ms
2026-05-07T20:01:19.464+09:00  INFO 32280 --- [demo] [nio-8081-exec-4] c.e.p.s.auth.FirebaseIdentityService     : [FirebaseTokenVerify] provider_verified_in_1ms
2026-05-07T20:01:19.465+09:00  INFO 32280 --- [demo] [nio-8081-exec-8] c.e.p.s.auth.FirebaseIdentityService     : [FirebaseTokenVerify] provider_verified_in_0ms
2026-05-07T20:01:19.471+09:00  INFO 32280 --- [demo] [nio-8081-exec-9] c.e.p.s.auth.FirebaseIdentityService     : [FirebaseTokenVerify] provider_verified_in_0ms
2026-05-07T20:01:40.570+09:00  INFO 32280 --- [demo] [pool-5-thread-1] c.e.p.service.user.UserPresenceService   : [presence] stale global session pruned uid=Y8rMFvMRjDEAYSQ84UMqLxoqjmML -> disconnected
2026-05-07T20:01:40.577+09:00  INFO 32280 --- [demo] [pool-5-thread-1] .e.p.s.p.PresenceReconciliationScheduler : [presence] reconciled stale/disconnected uid=Y8rMFvMRjDEAYSQ84UMqLxoqjmML -> broadcast
2026-05-07T20:01:50.807+09:00  INFO 32280 --- [demo] [ ws-heartbeat-1] c.e.p.c.NoticeChatWebSocketEventListener : [ws-event] disconnected uid=Y8rMFvMRjDEAYSQ84UMqLxoqjmML sessionId=958fec74-9684-1c1e-cd52-fab011c7a6a9 closeStatus=CloseStatus[code=1002, reason=null]
2026-05-07T20:01:50.826+09:00  INFO 32280 --- [demo] [ ws-heartbeat-1] c.e.p.service.user.UserPresenceService   : [presence] websocket disconnected uid=Y8rMFvMRjDEAYSQ84UMqLxoqjmML sessionId=958fec74-9684-1c1e-cd52-fab011c7a6a9 globalConnectionState=disconnected
2026-05-07T20:01:51.508+09:00  INFO 32280 --- [demo] [io-8081-exec-10] c.e.p.s.auth.FirebaseIdentityService     : [FirebaseTokenVerify] provider_verified_in_1ms
2026-05-07T20:01:52.446+09:00  INFO 32280 --- [demo] [nio-8081-exec-8] c.e.p.s.auth.FirebaseIdentityService     : [FirebaseTokenVerify] provider_verified_in_0ms
2026-05-07T20:01:52.446+09:00  INFO 32280 --- [demo] [nio-8081-exec-1] c.e.p.s.auth.FirebaseIdentityService     : [FirebaseTokenVerify] provider_verified_in_0ms
2026-05-07T20:02:19.456+09:00  INFO 32280 --- [demo] [nio-8081-exec-6] c.e.p.s.auth.FirebaseIdentityService     : [FirebaseTokenVerify] provider_verified_in_0ms
2026-05-07T20:02:19.459+09:00  INFO 32280 --- [demo] [io-8081-exec-10] c.e.p.s.auth.FirebaseIdentityService     : [FirebaseTokenVerify] provider_verified_in_0ms
2026-05-07T20:02:19.460+09:00  INFO 32280 --- [demo] [nio-8081-exec-5] c.e.p.s.auth.FirebaseIdentityService     : [FirebaseTokenVerify] provider_verified_in_0ms
2026-05-07T20:02:19.464+09:00  INFO 32280 --- [demo] [nio-8081-exec-3] c.e.p.s.auth.FirebaseIdentityService     : [FirebaseTokenVerify] provider_verified_in_0ms
2026-05-07T20:02:19.469+09:00  INFO 32280 --- [demo] [nio-8081-exec-1] c.e.p.s.auth.FirebaseIdentityService     : [FirebaseTokenVerify] provider_verified_in_1ms
2026-05-07T20:02:40.063+09:00  INFO 32280 --- [demo] [pool-5-thread-1] c.e.p.service.user.UserPresenceService   : [presence] stale global session pruned uid=Y8rMFvMRjDEAYSQ84UMqLxoqjmML -> disconnected
2026-05-07T20:02:40.067+09:00  INFO 32280 --- [demo] [pool-5-thread-1] .e.p.s.p.PresenceReconciliationScheduler : [presence] reconciled stale/disconnected uid=Y8rMFvMRjDEAYSQ84UMqLxoqjmML -> broadcast
2026-05-07T20:03:11.155+09:00  INFO 32280 --- [demo] [ ws-heartbeat-1] c.e.p.c.NoticeChatWebSocketEventListener : [ws-event] disconnected uid=Y8rMFvMRjDEAYSQ84UMqLxoqjmML sessionId=e4124140-00c0-5e7e-f1a4-61c3d880eb85 closeStatus=CloseStatus[code=1002, reason=null]
2026-05-07T20:03:11.269+09:00  INFO 32280 --- [demo] [ ws-heartbeat-1] c.e.p.service.user.UserPresenceService   : [presence] websocket disconnected uid=Y8rMFvMRjDEAYSQ84UMqLxoqjmML sessionId=e4124140-00c0-5e7e-f1a4-61c3d880eb85 globalConnectionState=disconnected
2026-05-07T20:03:12.462+09:00  INFO 32280 --- [demo] [nio-8081-exec-6] c.e.p.s.auth.FirebaseIdentityService     : [FirebaseTokenVerify] provider_verified_in_0ms
2026-05-07T20:03:13.442+09:00  INFO 32280 --- [demo] [nio-8081-exec-5] c.e.p.s.auth.FirebaseIdentityService     : [FirebaseTokenVerify] provider_verified_in_1ms
2026-05-07T20:03:13.442+09:00  INFO 32280 --- [demo] [io-8081-exec-10] c.e.p.s.auth.FirebaseIdentityService     : [FirebaseTokenVerify] provider_verified_in_0ms
2026-05-07T20:03:19.447+09:00  INFO 32280 --- [demo] [nio-8081-exec-8] c.e.p.s.auth.FirebaseIdentityService     : [FirebaseTokenVerify] provider_verified_in_0ms
2026-05-07T20:03:19.447+09:00  INFO 32280 --- [demo] [nio-8081-exec-4] c.e.p.s.auth.FirebaseIdentityService     : [FirebaseTokenVerify] provider_verified_in_0ms
2026-05-07T20:03:19.448+09:00  INFO 32280 --- [demo] [nio-8081-exec-7] c.e.p.s.auth.FirebaseIdentityService     : [FirebaseTokenVerify] provider_verified_in_0ms
2026-05-07T20:03:19.450+09:00  INFO 32280 --- [demo] [nio-8081-exec-9] c.e.p.s.auth.FirebaseIdentityService     : [FirebaseTokenVerify] provider_verified_in_0ms
2026-05-07T20:03:19.450+09:00  INFO 32280 --- [demo] [nio-8081-exec-2] c.e.p.s.auth.FirebaseIdentityService     : [FirebaseTokenVerify] provider_verified_in_0ms
2026-05-07T20:03:42.722+09:00  INFO 32280 --- [demo] [pool-5-thread-1] c.e.p.service.user.UserPresenceService   : [presence] stale global session pruned uid=Y8rMFvMRjDEAYSQ84UMqLxoqjmML -> disconnected
2026-05-07T20:03:42.725+09:00  INFO 32280 --- [demo] [pool-5-thread-1] .e.p.s.p.PresenceReconciliationScheduler : [presence] reconciled stale/disconnected uid=Y8rMFvMRjDEAYSQ84UMqLxoqjmML -> broadcast
2026-05-07T20:03:57.629+09:00  INFO 32280 --- [demo] [nio-8081-exec-8] c.e.p.c.NoticeChatWebSocketEventListener : [ws-event] disconnected uid=Y8rMFvMRjDEAYSQ84UMqLxoqjmML sessionId=d6cbf338-a679-1a54-f52f-f6146b520f53 closeStatus=CloseStatus[code=1000, reason=reconnect:visibilitychange:visible]
2026-05-07T20:03:57.659+09:00  INFO 32280 --- [demo] [nio-8081-exec-9] c.e.p.s.auth.FirebaseIdentityService     : [FirebaseTokenVerify] provider_verified_in_0ms
2026-05-07T20:03:57.659+09:00  INFO 32280 --- [demo] [nio-8081-exec-7] c.e.p.s.auth.FirebaseIdentityService     : [FirebaseTokenVerify] provider_verified_in_0ms
2026-05-07T20:03:57.659+09:00  INFO 32280 --- [demo] [nio-8081-exec-3] c.e.p.s.auth.FirebaseIdentityService     : [FirebaseTokenVerify] provider_verified_in_0ms
2026-05-07T20:03:57.659+09:00  INFO 32280 --- [demo] [nio-8081-exec-4] c.e.p.s.auth.FirebaseIdentityService     : [FirebaseTokenVerify] provider_verified_in_0ms
2026-05-07T20:03:57.660+09:00  INFO 32280 --- [demo] [nio-8081-exec-1] c.e.p.s.auth.FirebaseIdentityService     : [FirebaseTokenVerify] provider_verified_in_0ms
2026-05-07T20:03:57.660+09:00  INFO 32280 --- [demo] [io-8081-exec-10] c.e.p.s.auth.FirebaseIdentityService     : [FirebaseTokenVerify] provider_verified_in_0ms
2026-05-07T20:03:57.676+09:00  INFO 32280 --- [demo] [nio-8081-exec-5] c.e.p.s.auth.FirebaseIdentityService     : [FirebaseTokenVerify] provider_verified_in_1ms
2026-05-07T20:03:57.729+09:00  INFO 32280 --- [demo] [nio-8081-exec-8] c.e.p.service.user.UserPresenceService   : [presence] websocket disconnected uid=Y8rMFvMRjDEAYSQ84UMqLxoqjmML sessionId=d6cbf338-a679-1a54-f52f-f6146b520f53 globalConnectionState=disconnected
2026-05-07T20:03:58.625+09:00  INFO 32280 --- [demo] [nio-8081-exec-5] c.e.p.s.auth.FirebaseIdentityService     : [FirebaseTokenVerify] provider_verified_in_0ms
2026-05-07T20:03:59.058+09:00  INFO 32280 --- [demo] [nio-8081-exec-2] c.e.p.s.auth.FirebaseIdentityService     : [FirebaseTokenVerify] provider_verified_in_0ms
2026-05-07T20:04:03.721+09:00  INFO 32280 --- [demo] [nio-8081-exec-1] c.e.p.s.auth.FirebaseIdentityService     : [FirebaseTokenVerify] provider_verified_in_0ms
2026-05-07T20:04:03.906+09:00  INFO 32280 --- [demo] [nio-8081-exec-4] c.e.p.s.auth.FirebaseIdentityService     : [FirebaseTokenVerify] provider_verified_in_1ms
2026-05-07T20:04:03.973+09:00  INFO 32280 --- [demo] [nio-8081-exec-7] c.e.p.s.auth.FirebaseIdentityService     : [FirebaseTokenVerify] provider_verified_in_1ms
2026-05-07T20:04:03.974+09:00  INFO 32280 --- [demo] [nio-8081-exec-5] c.e.p.s.auth.FirebaseIdentityService     : [FirebaseTokenVerify] provider_verified_in_0ms
2026-05-07T20:04:03.975+09:00  INFO 32280 --- [demo] [nio-8081-exec-2] c.e.p.s.auth.FirebaseIdentityService     : [FirebaseTokenVerify] provider_verified_in_1ms
2026-05-07T20:04:03.984+09:00  INFO 32280 --- [demo] [nio-8081-exec-6] c.e.p.s.auth.FirebaseIdentityService     : [FirebaseTokenVerify] provider_verified_in_0ms
2026-05-07T20:04:05.262+09:00  INFO 32280 --- [demo] [nio-8081-exec-3] c.e.p.c.NoticeChatWebSocketEventListener : [ws-event] disconnected uid=Y8rMFvMRjDEAYSQ84UMqLxoqjmML sessionId=2d3024f3-25ab-6d0a-7c58-6ef8cc3ae55e closeStatus=CloseStatus[code=1000, reason=reconnect:focus]
2026-05-07T20:04:05.266+09:00  INFO 32280 --- [demo] [io-8081-exec-10] c.e.p.s.auth.FirebaseIdentityService     : [FirebaseTokenVerify] provider_verified_in_0ms
2026-05-07T20:04:05.268+09:00  INFO 32280 --- [demo] [nio-8081-exec-4] c.e.p.s.auth.FirebaseIdentityService     : [FirebaseTokenVerify] provider_verified_in_0ms
2026-05-07T20:04:05.270+09:00  INFO 32280 --- [demo] [nio-8081-exec-5] c.e.p.s.auth.FirebaseIdentityService     : [FirebaseTokenVerify] provider_verified_in_0ms
2026-05-07T20:04:05.281+09:00  INFO 32280 --- [demo] [nio-8081-exec-3] c.e.p.service.user.UserPresenceService   : [presence] websocket disconnected uid=Y8rMFvMRjDEAYSQ84UMqLxoqjmML sessionId=2d3024f3-25ab-6d0a-7c58-6ef8cc3ae55e globalConnectionState=connected
2026-05-07T20:04:05.304+09:00  INFO 32280 --- [demo] [nio-8081-exec-2] c.e.p.s.auth.FirebaseIdentityService     : [FirebaseTokenVerify] provider_verified_in_0ms
2026-05-07T20:04:05.599+09:00  INFO 32280 --- [demo] [nio-8081-exec-7] c.e.p.s.auth.FirebaseIdentityService     : [FirebaseTokenVerify] provider_verified_in_0ms
2026-05-07T20:04:09.696+09:00  INFO 32280 --- [demo] [nio-8081-exec-8] c.e.p.s.auth.FirebaseIdentityService     : [FirebaseTokenVerify] provider_verified_in_0ms
2026-05-07T20:04:11.908+09:00  INFO 32280 --- [demo] [io-8081-exec-10] c.e.p.s.auth.FirebaseIdentityService     : [FirebaseTokenVerify] provider_verified_in_0ms
2026-05-07T20:04:11.973+09:00  INFO 32280 --- [demo] [nio-8081-exec-4] c.e.p.s.auth.FirebaseIdentityService     : [FirebaseTokenVerify] provider_verified_in_0ms
2026-05-07T20:04:11.973+09:00  INFO 32280 --- [demo] [nio-8081-exec-3] c.e.p.s.auth.FirebaseIdentityService     : [FirebaseTokenVerify] provider_verified_in_0ms
2026-05-07T20:04:11.973+09:00  INFO 32280 --- [demo] [nio-8081-exec-7] c.e.p.s.auth.FirebaseIdentityService     : [FirebaseTokenVerify] provider_verified_in_0ms
2026-05-07T20:04:11.986+09:00  INFO 32280 --- [demo] [nio-8081-exec-5] c.e.p.s.auth.FirebaseIdentityService     : [FirebaseTokenVerify] provider_verified_in_0ms
2026-05-07T20:04:13.694+09:00  INFO 32280 --- [demo] [nio-8081-exec-1] c.e.p.s.auth.FirebaseIdentityService     : [FirebaseTokenVerify] provider_verified_in_0ms
2026-05-07T20:04:15.715+09:00  INFO 32280 --- [demo] [io-8081-exec-10] c.e.p.s.auth.FirebaseIdentityService     : [FirebaseTokenVerify] provider_verified_in_1ms
2026-05-07T20:04:17.094+09:00  INFO 32280 --- [demo] [nio-8081-exec-7] c.e.p.s.auth.FirebaseIdentityService     : [FirebaseTokenVerify] provider_verified_in_0ms
2026-05-07T20:04:17.546+09:00  WARN 32280 --- [demo] [nio-8081-exec-7] org.hibernate.orm.query                  : HHH90003004: firstResult/maxResults specified with collection fetch; applying in memory
2026-05-07T20:04:18.016+09:00  WARN 32280 --- [demo] [ ws-heartbeat-1] org.hibernate.orm.query                  : HHH90003004: firstResult/maxResults specified with collection fetch; applying in memory
2026-05-07T20:04:18.252+09:00  INFO 32280 --- [demo] [nio-8081-exec-4] c.e.p.s.auth.FirebaseIdentityService     : [FirebaseTokenVerify] provider_verified_in_0ms
2026-05-07T20:04:19.912+09:00  INFO 32280 --- [demo] [nio-8081-exec-9] c.e.p.s.auth.FirebaseIdentityService     : [FirebaseTokenVerify] provider_verified_in_1ms
2026-05-07T20:04:19.974+09:00  INFO 32280 --- [demo] [nio-8081-exec-6] c.e.p.s.auth.FirebaseIdentityService     : [FirebaseTokenVerify] provider_verified_in_0ms
2026-05-07T20:04:19.974+09:00  INFO 32280 --- [demo] [nio-8081-exec-8] c.e.p.s.auth.FirebaseIdentityService     : [FirebaseTokenVerify] provider_verified_in_0ms
2026-05-07T20:04:19.975+09:00  INFO 32280 --- [demo] [nio-8081-exec-1] c.e.p.s.auth.FirebaseIdentityService     : [FirebaseTokenVerify] provider_verified_in_0ms
2026-05-07T20:04:19.988+09:00  INFO 32280 --- [demo] [nio-8081-exec-5] c.e.p.s.auth.FirebaseIdentityService     : [FirebaseTokenVerify] provider_verified_in_0ms
2026-05-07T20:04:27.915+09:00  INFO 32280 --- [demo] [nio-8081-exec-9] c.e.p.s.auth.FirebaseIdentityService     : [FirebaseTokenVerify] provider_verified_in_1ms
2026-05-07T20:04:27.978+09:00  INFO 32280 --- [demo] [nio-8081-exec-1] c.e.p.s.auth.FirebaseIdentityService     : [FirebaseTokenVerify] provider_verified_in_1ms
2026-05-07T20:04:27.978+09:00  INFO 32280 --- [demo] [nio-8081-exec-8] c.e.p.s.auth.FirebaseIdentityService     : [FirebaseTokenVerify] provider_verified_in_0ms
2026-05-07T20:04:27.978+09:00  INFO 32280 --- [demo] [nio-8081-exec-5] c.e.p.s.auth.FirebaseIdentityService     : [FirebaseTokenVerify] provider_verified_in_0ms
2026-05-07T20:04:27.994+09:00  INFO 32280 --- [demo] [nio-8081-exec-7] c.e.p.s.auth.FirebaseIdentityService     : [FirebaseTokenVerify] provider_verified_in_0ms
2026-05-07T20:04:30.848+09:00  WARN 32280 --- [demo] [ ws-heartbeat-1] c.e.p.s.n.NotificationService            : FCM 발송 실패. tokenId=965b0848-c41e-432d-ae71-4f4720b59d9d, reason=Request had invalid authentication credentials. Expected OAuth 2 access token, login cookie or other valid authentication credential. See https://developers.google.com/identity/sign-in/web/devconsole-project.
2026-05-07T20:04:31.274+09:00  WARN 32280 --- [demo] [ ws-heartbeat-1] c.e.p.s.n.NotificationService            : FCM 발송 실패. tokenId=1bdb2de8-dbae-4835-9fcb-abeae2407cb2, reason=Request had invalid authentication credentials. Expected OAuth 2 access token, login cookie or other valid authentication credential. See https://developers.google.com/identity/sign-in/web/devconsole-project.
2026-05-07T20:04:31.716+09:00  WARN 32280 --- [demo] [ ws-heartbeat-1] c.e.p.s.n.NotificationService            : FCM 발송 실패. tokenId=4c88c7e9-604c-4445-bcf8-3a35c8f9eac1, reason=Request had invalid authentication credentials. Expected OAuth 2 access token, login cookie or other valid authentication credential. See https://developers.google.com/identity/sign-in/web/devconsole-project.
2026-05-07T20:04:32.139+09:00  WARN 32280 --- [demo] [ ws-heartbeat-1] c.e.p.s.n.NotificationService            : FCM 발송 실패. tokenId=4f23c928-9ca7-4c2a-83bb-afab0b62497d, reason=Request had invalid authentication credentials. Expected OAuth 2 access token, login cookie or other valid authentication credential. See https://developers.google.com/identity/sign-in/web/devconsole-project.
2026-05-07T20:04:32.655+09:00  WARN 32280 --- [demo] [ ws-heartbeat-1] c.e.p.s.n.NotificationService            : FCM 발송 실패. tokenId=23cf5924-868b-4615-a978-2b79821f76d8, reason=Request had invalid authentication credentials. Expected OAuth 2 access token, login cookie or other valid authentication credential. See https://developers.google.com/identity/sign-in/web/devconsole-project.
2026-05-07T20:04:33.088+09:00  WARN 32280 --- [demo] [ ws-heartbeat-1] c.e.p.s.n.NotificationService            : FCM 발송 실패. tokenId=bc0be763-9da5-4077-b65b-17b9489a993b, reason=Request had invalid authentication credentials. Expected OAuth 2 access token, login cookie or other valid authentication credential. See https://developers.google.com/identity/sign-in/web/devconsole-project.
2026-05-07T20:04:33.508+09:00  WARN 32280 --- [demo] [ ws-heartbeat-1] c.e.p.s.n.NotificationService            : FCM 발송 실패. tokenId=0b555402-646b-4799-a5af-5ca01188c2cb, reason=Request had invalid authentication credentials. Expected OAuth 2 access token, login cookie or other valid authentication credential. See https://developers.google.com/identity/sign-in/web/devconsole-project.
2026-05-07T20:04:33.949+09:00  WARN 32280 --- [demo] [ ws-heartbeat-1] c.e.p.s.n.NotificationService            : FCM 발송 실패. tokenId=ddcd9d04-389d-4482-8d9f-a7727c9ec329, reason=Request had invalid authentication credentials. Expected OAuth 2 access token, login cookie or other valid authentication credential. See https://developers.google.com/identity/sign-in/web/devconsole-project.
2026-05-07T20:04:34.425+09:00  WARN 32280 --- [demo] [ ws-heartbeat-1] c.e.p.s.n.NotificationService            : FCM 발송 실패. tokenId=99581436-0c94-4850-aa8c-7bbcb53b3140, reason=Request had invalid authentication credentials. Expected OAuth 2 access token, login cookie or other valid authentication credential. See https://developers.google.com/identity/sign-in/web/devconsole-project.
2026-05-07T20:04:34.870+09:00  WARN 32280 --- [demo] [ ws-heartbeat-1] c.e.p.s.n.NotificationService            : FCM 발송 실패. tokenId=96ed9d09-5707-4b79-9cd2-206d239d0897, reason=Request had invalid authentication credentials. Expected OAuth 2 access token, login cookie or other valid authentication credential. See https://developers.google.com/identity/sign-in/web/devconsole-project.
2026-05-07T20:04:35.297+09:00  WARN 32280 --- [demo] [ ws-heartbeat-1] c.e.p.s.n.NotificationService            : FCM 발송 실패. tokenId=dbb7b83d-190b-40b6-bf8a-fe353dc91367, reason=Request had invalid authentication credentials. Expected OAuth 2 access token, login cookie or other valid authentication credential. See https://developers.google.com/identity/sign-in/web/devconsole-project.
2026-05-07T20:04:35.748+09:00  WARN 32280 --- [demo] [ ws-heartbeat-1] c.e.p.s.n.NotificationService            : FCM 발송 실패. tokenId=2da18774-18e9-4241-bfdb-c3ea3065c4dc, reason=Request had invalid authentication credentials. Expected OAuth 2 access token, login cookie or other valid authentication credential. See https://developers.google.com/identity/sign-in/web/devconsole-project.
2026-05-07T20:04:35.910+09:00  INFO 32280 --- [demo] [nio-8081-exec-4] c.e.p.s.auth.FirebaseIdentityService     : [FirebaseTokenVerify] provider_verified_in_0ms
2026-05-07T20:04:35.971+09:00  INFO 32280 --- [demo] [nio-8081-exec-2] c.e.p.s.auth.FirebaseIdentityService     : [FirebaseTokenVerify] provider_verified_in_0ms
2026-05-07T20:04:35.973+09:00  INFO 32280 --- [demo] [nio-8081-exec-5] c.e.p.s.auth.FirebaseIdentityService     : [FirebaseTokenVerify] provider_verified_in_0ms
2026-05-07T20:04:35.973+09:00  INFO 32280 --- [demo] [nio-8081-exec-9] c.e.p.s.auth.FirebaseIdentityService     : [FirebaseTokenVerify] provider_verified_in_0ms
2026-05-07T20:04:35.983+09:00  INFO 32280 --- [demo] [nio-8081-exec-1] c.e.p.s.auth.FirebaseIdentityService     : [FirebaseTokenVerify] provider_verified_in_0ms
2026-05-07T20:04:36.202+09:00  WARN 32280 --- [demo] [ ws-heartbeat-1] c.e.p.s.n.NotificationService            : FCM 발송 실패. tokenId=a8d2aad3-0d01-4e9f-9923-3383d0000ee1, reason=Request had invalid authentication credentials. Expected OAuth 2 access token, login cookie or other valid authentication credential. See https://developers.google.com/identity/sign-in/web/devconsole-project.
2026-05-07T20:04:36.637+09:00  WARN 32280 --- [demo] [ ws-heartbeat-1] c.e.p.s.n.NotificationService            : FCM 발송 실패. tokenId=71d92213-74ad-4179-91b5-30a140b76db1, reason=Request had invalid authentication credentials. Expected OAuth 2 access token, login cookie or other valid authentication credential. See https://developers.google.com/identity/sign-in/web/devconsole-project.
2026-05-07T20:04:37.086+09:00  WARN 32280 --- [demo] [ ws-heartbeat-1] c.e.p.s.n.NotificationService            : FCM 발송 실패. tokenId=3605050d-53f9-43ea-b008-5a6c2122acf9, reason=Request had invalid authentication credentials. Expected OAuth 2 access token, login cookie or other valid authentication credential. See https://developers.google.com/identity/sign-in/web/devconsole-project.
2026-05-07T20:04:37.512+09:00  WARN 32280 --- [demo] [ ws-heartbeat-1] c.e.p.s.n.NotificationService            : FCM 발송 실패. tokenId=64916cae-a350-4e53-bc31-0ad45922a234, reason=Request had invalid authentication credentials. Expected OAuth 2 access token, login cookie or other valid authentication credential. See https://developers.google.com/identity/sign-in/web/devconsole-project.
2026-05-07T20:04:37.932+09:00  WARN 32280 --- [demo] [ ws-heartbeat-1] c.e.p.s.n.NotificationService            : FCM 발송 실패. tokenId=beeb0062-3801-49e4-82b8-af27f253f4df, reason=Request had invalid authentication credentials. Expected OAuth 2 access token, login cookie or other valid authentication credential. See https://developers.google.com/identity/sign-in/web/devconsole-project.
2026-05-07T20:04:38.342+09:00  WARN 32280 --- [demo] [ ws-heartbeat-1] c.e.p.s.n.NotificationService            : FCM 발송 실패. tokenId=3ad990b4-9a7b-49c0-8302-8ecf165ca504, reason=Request had invalid authentication credentials. Expected OAuth 2 access token, login cookie or other valid authentication credential. See https://developers.google.com/identity/sign-in/web/devconsole-project.
2026-05-07T20:04:38.785+09:00  WARN 32280 --- [demo] [ ws-heartbeat-1] c.e.p.s.n.NotificationService            : FCM 발송 실패. tokenId=e29d12f2-62a0-470c-a322-2b561e8f8581, reason=Request had invalid authentication credentials. Expected OAuth 2 access token, login cookie or other valid authentication credential. See https://developers.google.com/identity/sign-in/web/devconsole-project.
2026-05-07T20:04:39.230+09:00  WARN 32280 --- [demo] [ ws-heartbeat-1] c.e.p.s.n.NotificationService            : FCM 발송 실패. tokenId=5a407992-16b0-4db5-be01-5bc6a808e4fc, reason=Request had invalid authentication credentials. Expected OAuth 2 access token, login cookie or other valid authentication credential. See https://developers.google.com/identity/sign-in/web/devconsole-project.
2026-05-07T20:04:43.913+09:00  INFO 32280 --- [demo] [nio-8081-exec-7] c.e.p.s.auth.FirebaseIdentityService     : [FirebaseTokenVerify] provider_verified_in_0ms
2026-05-07T20:04:43.974+09:00  INFO 32280 --- [demo] [nio-8081-exec-8] c.e.p.s.auth.FirebaseIdentityService     : [FirebaseTokenVerify] provider_verified_in_0ms
2026-05-07T20:04:43.974+09:00  INFO 32280 --- [demo] [nio-8081-exec-2] c.e.p.s.auth.FirebaseIdentityService     : [FirebaseTokenVerify] provider_verified_in_0ms
2026-05-07T20:04:43.974+09:00  INFO 32280 --- [demo] [nio-8081-exec-5] c.e.p.s.auth.FirebaseIdentityService     : [FirebaseTokenVerify] provider_verified_in_0ms
2026-05-07T20:04:43.984+09:00  INFO 32280 --- [demo] [nio-8081-exec-9] c.e.p.s.auth.FirebaseIdentityService     : [FirebaseTokenVerify] provider_verified_in_0ms
2026-05-07T20:04:51.905+09:00  INFO 32280 --- [demo] [nio-8081-exec-4] c.e.p.s.auth.FirebaseIdentityService     : [FirebaseTokenVerify] provider_verified_in_0ms
2026-05-07T20:04:51.969+09:00  INFO 32280 --- [demo] [nio-8081-exec-1] c.e.p.s.auth.FirebaseIdentityService     : [FirebaseTokenVerify] provider_verified_in_0ms
2026-05-07T20:04:51.972+09:00  INFO 32280 --- [demo] [nio-8081-exec-2] c.e.p.s.auth.FirebaseIdentityService     : [FirebaseTokenVerify] provider_verified_in_0ms
2026-05-07T20:04:51.972+09:00  INFO 32280 --- [demo] [nio-8081-exec-5] c.e.p.s.auth.FirebaseIdentityService     : [FirebaseTokenVerify] provider_verified_in_0ms
2026-05-07T20:04:51.995+09:00  INFO 32280 --- [demo] [nio-8081-exec-8] c.e.p.s.auth.FirebaseIdentityService     : [FirebaseTokenVerify] provider_verified_in_2ms
2026-05-07T20:04:59.917+09:00  INFO 32280 --- [demo] [nio-8081-exec-7] c.e.p.s.auth.FirebaseIdentityService     : [FirebaseTokenVerify] provider_verified_in_0ms
2026-05-07T20:04:59.980+09:00  INFO 32280 --- [demo] [nio-8081-exec-9] c.e.p.s.auth.FirebaseIdentityService     : [FirebaseTokenVerify] provider_verified_in_0ms
2026-05-07T20:04:59.982+09:00  INFO 32280 --- [demo] [nio-8081-exec-4] c.e.p.s.auth.FirebaseIdentityService     : [FirebaseTokenVerify] provider_verified_in_2ms
2026-05-07T20:04:59.982+09:00  INFO 32280 --- [demo] [nio-8081-exec-2] c.e.p.s.auth.FirebaseIdentityService     : [FirebaseTokenVerify] provider_verified_in_0ms
2026-05-07T20:04:59.994+09:00  INFO 32280 --- [demo] [nio-8081-exec-5] c.e.p.s.auth.FirebaseIdentityService     : [FirebaseTokenVerify] provider_verified_in_0ms
2026-05-07T20:05:07.916+09:00  INFO 32280 --- [demo] [nio-8081-exec-4] c.e.p.s.auth.FirebaseIdentityService     : [FirebaseTokenVerify] provider_verified_in_0ms
2026-05-07T20:05:07.983+09:00  INFO 32280 --- [demo] [nio-8081-exec-5] c.e.p.s.auth.FirebaseIdentityService     : [FirebaseTokenVerify] provider_verified_in_0ms
2026-05-07T20:05:07.983+09:00  INFO 32280 --- [demo] [nio-8081-exec-7] c.e.p.s.auth.FirebaseIdentityService     : [FirebaseTokenVerify] provider_verified_in_0ms
2026-05-07T20:05:07.983+09:00  INFO 32280 --- [demo] [nio-8081-exec-2] c.e.p.s.auth.FirebaseIdentityService     : [FirebaseTokenVerify] provider_verified_in_0ms
2026-05-07T20:05:07.984+09:00  INFO 32280 --- [demo] [nio-8081-exec-9] c.e.p.s.auth.FirebaseIdentityService     : [FirebaseTokenVerify] provider_verified_in_1ms
2026-05-07T20:05:09.419+09:00  WARN 32280 --- [demo] [ ws-heartbeat-1] c.e.p.s.n.NotificationService            : FCM 발송 실패. tokenId=965b0848-c41e-432d-ae71-4f4720b59d9d, reason=Request had invalid authentication credentials. Expected OAuth 2 access token, login cookie or other valid authentication credential. See https://developers.google.com/identity/sign-in/web/devconsole-project.
2026-05-07T20:05:09.867+09:00  WARN 32280 --- [demo] [ ws-heartbeat-1] c.e.p.s.n.NotificationService            : FCM 발송 실패. tokenId=1bdb2de8-dbae-4835-9fcb-abeae2407cb2, reason=Request had invalid authentication credentials. Expected OAuth 2 access token, login cookie or other valid authentication credential. See https://developers.google.com/identity/sign-in/web/devconsole-project.
2026-05-07T20:05:10.326+09:00  WARN 32280 --- [demo] [ ws-heartbeat-1] c.e.p.s.n.NotificationService            : FCM 발송 실패. tokenId=4c88c7e9-604c-4445-bcf8-3a35c8f9eac1, reason=Request had invalid authentication credentials. Expected OAuth 2 access token, login cookie or other valid authentication credential. See https://developers.google.com/identity/sign-in/web/devconsole-project.
2026-05-07T20:05:10.831+09:00  WARN 32280 --- [demo] [ ws-heartbeat-1] c.e.p.s.n.NotificationService            : FCM 발송 실패. tokenId=4f23c928-9ca7-4c2a-83bb-afab0b62497d, reason=Request had invalid authentication credentials. Expected OAuth 2 access token, login cookie or other valid authentication credential. See https://developers.google.com/identity/sign-in/web/devconsole-project.
2026-05-07T20:05:11.260+09:00  WARN 32280 --- [demo] [ ws-heartbeat-1] c.e.p.s.n.NotificationService            : FCM 발송 실패. tokenId=23cf5924-868b-4615-a978-2b79821f76d8, reason=Request had invalid authentication credentials. Expected OAuth 2 access token, login cookie or other valid authentication credential. See https://developers.google.com/identity/sign-in/web/devconsole-project.
2026-05-07T20:05:11.714+09:00  WARN 32280 --- [demo] [ ws-heartbeat-1] c.e.p.s.n.NotificationService            : FCM 발송 실패. tokenId=bc0be763-9da5-4077-b65b-17b9489a993b, reason=Request had invalid authentication credentials. Expected OAuth 2 access token, login cookie or other valid authentication credential. See https://developers.google.com/identity/sign-in/web/devconsole-project.
2026-05-07T20:05:12.130+09:00  WARN 32280 --- [demo] [ ws-heartbeat-1] c.e.p.s.n.NotificationService            : FCM 발송 실패. tokenId=0b555402-646b-4799-a5af-5ca01188c2cb, reason=Request had invalid authentication credentials. Expected OAuth 2 access token, login cookie or other valid authentication credential. See https://developers.google.com/identity/sign-in/web/devconsole-project.
2026-05-07T20:05:12.545+09:00  WARN 32280 --- [demo] [ ws-heartbeat-1] c.e.p.s.n.NotificationService            : FCM 발송 실패. tokenId=ddcd9d04-389d-4482-8d9f-a7727c9ec329, reason=Request had invalid authentication credentials. Expected OAuth 2 access token, login cookie or other valid authentication credential. See https://developers.google.com/identity/sign-in/web/devconsole-project.
2026-05-07T20:05:12.986+09:00  WARN 32280 --- [demo] [ ws-heartbeat-1] c.e.p.s.n.NotificationService            : FCM 발송 실패. tokenId=99581436-0c94-4850-aa8c-7bbcb53b3140, reason=Request had invalid authentication credentials. Expected OAuth 2 access token, login cookie or other valid authentication credential. See https://developers.google.com/identity/sign-in/web/devconsole-project.
2026-05-07T20:05:13.414+09:00  WARN 32280 --- [demo] [ ws-heartbeat-1] c.e.p.s.n.NotificationService            : FCM 발송 실패. tokenId=96ed9d09-5707-4b79-9cd2-206d239d0897, reason=Request had invalid authentication credentials. Expected OAuth 2 access token, login cookie or other valid authentication credential. See https://developers.google.com/identity/sign-in/web/devconsole-project.
2026-05-07T20:05:13.813+09:00  WARN 32280 --- [demo] [ ws-heartbeat-1] c.e.p.s.n.NotificationService            : FCM 발송 실패. tokenId=dbb7b83d-190b-40b6-bf8a-fe353dc91367, reason=Request had invalid authentication credentials. Expected OAuth 2 access token, login cookie or other valid authentication credential. See https://developers.google.com/identity/sign-in/web/devconsole-project.
2026-05-07T20:05:14.246+09:00  WARN 32280 --- [demo] [ ws-heartbeat-1] c.e.p.s.n.NotificationService            : FCM 발송 실패. tokenId=2da18774-18e9-4241-bfdb-c3ea3065c4dc, reason=Request had invalid authentication credentials. Expected OAuth 2 access token, login cookie or other valid authentication credential. See https://developers.google.com/identity/sign-in/web/devconsole-project.
2026-05-07T20:05:14.657+09:00  WARN 32280 --- [demo] [ ws-heartbeat-1] c.e.p.s.n.NotificationService            : FCM 발송 실패. tokenId=a8d2aad3-0d01-4e9f-9923-3383d0000ee1, reason=Request had invalid authentication credentials. Expected OAuth 2 access token, login cookie or other valid authentication credential. See https://developers.google.com/identity/sign-in/web/devconsole-project.
2026-05-07T20:05:15.077+09:00  WARN 32280 --- [demo] [ ws-heartbeat-1] c.e.p.s.n.NotificationService            : FCM 발송 실패. tokenId=71d92213-74ad-4179-91b5-30a140b76db1, reason=Request had invalid authentication credentials. Expected OAuth 2 access token, login cookie or other valid authentication credential. See https://developers.google.com/identity/sign-in/web/devconsole-project.
2026-05-07T20:05:15.489+09:00  WARN 32280 --- [demo] [ ws-heartbeat-1] c.e.p.s.n.NotificationService            : FCM 발송 실패. tokenId=3605050d-53f9-43ea-b008-5a6c2122acf9, reason=Request had invalid authentication credentials. Expected OAuth 2 access token, login cookie or other valid authentication credential. See https://developers.google.com/identity/sign-in/web/devconsole-project.
2026-05-07T20:05:15.877+09:00  WARN 32280 --- [demo] [ ws-heartbeat-1] c.e.p.s.n.NotificationService            : FCM 발송 실패. tokenId=64916cae-a350-4e53-bc31-0ad45922a234, reason=Request had invalid authentication credentials. Expected OAuth 2 access token, login cookie or other valid authentication credential. See https://developers.google.com/identity/sign-in/web/devconsole-project.
2026-05-07T20:05:15.915+09:00  INFO 32280 --- [demo] [nio-8081-exec-6] c.e.p.s.auth.FirebaseIdentityService     : [FirebaseTokenVerify] provider_verified_in_1ms
2026-05-07T20:05:15.980+09:00  INFO 32280 --- [demo] [nio-8081-exec-3] c.e.p.s.auth.FirebaseIdentityService     : [FirebaseTokenVerify] provider_verified_in_0ms
2026-05-07T20:05:15.980+09:00  INFO 32280 --- [demo] [nio-8081-exec-4] c.e.p.s.auth.FirebaseIdentityService     : [FirebaseTokenVerify] provider_verified_in_0ms
2026-05-07T20:05:15.980+09:00  INFO 32280 --- [demo] [nio-8081-exec-5] c.e.p.s.auth.FirebaseIdentityService     : [FirebaseTokenVerify] provider_verified_in_0ms
2026-05-07T20:05:15.994+09:00  INFO 32280 --- [demo] [nio-8081-exec-2] c.e.p.s.auth.FirebaseIdentityService     : [FirebaseTokenVerify] provider_verified_in_0ms
2026-05-07T20:05:16.304+09:00  WARN 32280 --- [demo] [ ws-heartbeat-1] c.e.p.s.n.NotificationService            : FCM 발송 실패. tokenId=beeb0062-3801-49e4-82b8-af27f253f4df, reason=Request had invalid authentication credentials. Expected OAuth 2 access token, login cookie or other valid authentication credential. See https://developers.google.com/identity/sign-in/web/devconsole-project.
2026-05-07T20:05:16.703+09:00  WARN 32280 --- [demo] [ ws-heartbeat-1] c.e.p.s.n.NotificationService            : FCM 발송 실패. tokenId=3ad990b4-9a7b-49c0-8302-8ecf165ca504, reason=Request had invalid authentication credentials. Expected OAuth 2 access token, login cookie or other valid authentication credential. See https://developers.google.com/identity/sign-in/web/devconsole-project.
2026-05-07T20:05:17.110+09:00  WARN 32280 --- [demo] [ ws-heartbeat-1] c.e.p.s.n.NotificationService            : FCM 발송 실패. tokenId=e29d12f2-62a0-470c-a322-2b561e8f8581, reason=Request had invalid authentication credentials. Expected OAuth 2 access token, login cookie or other valid authentication credential. See https://developers.google.com/identity/sign-in/web/devconsole-project.
2026-05-07T20:05:17.508+09:00  WARN 32280 --- [demo] [ ws-heartbeat-1] c.e.p.s.n.NotificationService            : FCM 발송 실패. tokenId=5a407992-16b0-4db5-be01-5bc6a808e4fc, reason=Request had invalid authentication credentials. Expected OAuth 2 access token, login cookie or other valid authentication credential. See https://developers.google.com/identity/sign-in/web/devconsole-project.
2026-05-07T20:05:23.920+09:00  INFO 32280 --- [demo] [nio-8081-exec-9] c.e.p.s.auth.FirebaseIdentityService     : [FirebaseTokenVerify] provider_verified_in_0ms
2026-05-07T20:05:23.980+09:00  INFO 32280 --- [demo] [nio-8081-exec-2] c.e.p.s.auth.FirebaseIdentityService     : [FirebaseTokenVerify] provider_verified_in_0ms
2026-05-07T20:05:23.980+09:00  INFO 32280 --- [demo] [nio-8081-exec-7] c.e.p.s.auth.FirebaseIdentityService     : [FirebaseTokenVerify] provider_verified_in_0ms
2026-05-07T20:05:23.982+09:00  INFO 32280 --- [demo] [nio-8081-exec-4] c.e.p.s.auth.FirebaseIdentityService     : [FirebaseTokenVerify] provider_verified_in_0ms
2026-05-07T20:05:23.994+09:00  INFO 32280 --- [demo] [nio-8081-exec-6] c.e.p.s.auth.FirebaseIdentityService     : [FirebaseTokenVerify] provider_verified_in_0ms
2026-05-07T20:05:32.442+09:00  INFO 32280 --- [demo] [nio-8081-exec-3] c.e.p.s.auth.FirebaseIdentityService     : [FirebaseTokenVerify] provider_verified_in_0ms
2026-05-07T20:05:32.442+09:00  INFO 32280 --- [demo] [nio-8081-exec-9] c.e.p.s.auth.FirebaseIdentityService     : [FirebaseTokenVerify] provider_verified_in_0ms
2026-05-07T20:05:32.451+09:00  INFO 32280 --- [demo] [nio-8081-exec-2] c.e.p.s.auth.FirebaseIdentityService     : [FirebaseTokenVerify] provider_verified_in_0ms
2026-05-07T20:05:32.451+09:00  INFO 32280 --- [demo] [nio-8081-exec-6] c.e.p.s.auth.FirebaseIdentityService     : [FirebaseTokenVerify] provider_verified_in_0ms
2026-05-07T20:05:32.451+09:00  INFO 32280 --- [demo] [nio-8081-exec-7] c.e.p.s.auth.FirebaseIdentityService     : [FirebaseTokenVerify] provider_verified_in_0ms
2026-05-07T20:05:40.445+09:00  INFO 32280 --- [demo] [nio-8081-exec-4] c.e.p.s.auth.FirebaseIdentityService     : [FirebaseTokenVerify] provider_verified_in_0ms
2026-05-07T20:05:40.446+09:00  INFO 32280 --- [demo] [nio-8081-exec-5] c.e.p.s.auth.FirebaseIdentityService     : [FirebaseTokenVerify] provider_verified_in_1ms
2026-05-07T20:05:40.446+09:00  INFO 32280 --- [demo] [nio-8081-exec-2] c.e.p.s.auth.FirebaseIdentityService     : [FirebaseTokenVerify] provider_verified_in_0ms
2026-05-07T20:05:40.448+09:00  INFO 32280 --- [demo] [nio-8081-exec-6] c.e.p.s.auth.FirebaseIdentityService     : [FirebaseTokenVerify] provider_verified_in_0ms
2026-05-07T20:05:40.448+09:00  INFO 32280 --- [demo] [nio-8081-exec-9] c.e.p.s.auth.FirebaseIdentityService     : [FirebaseTokenVerify] provider_verified_in_0ms
2026-05-07T20:05:48.448+09:00  INFO 32280 --- [demo] [nio-8081-exec-7] c.e.p.s.auth.FirebaseIdentityService     : [FirebaseTokenVerify] provider_verified_in_0ms
2026-05-07T20:05:48.449+09:00  INFO 32280 --- [demo] [nio-8081-exec-3] c.e.p.s.auth.FirebaseIdentityService     : [FirebaseTokenVerify] provider_verified_in_0ms
2026-05-07T20:05:48.450+09:00  INFO 32280 --- [demo] [nio-8081-exec-2] c.e.p.s.auth.FirebaseIdentityService     : [FirebaseTokenVerify] provider_verified_in_0ms
2026-05-07T20:05:48.450+09:00  INFO 32280 --- [demo] [nio-8081-exec-6] c.e.p.s.auth.FirebaseIdentityService     : [FirebaseTokenVerify] provider_verified_in_0ms
2026-05-07T20:05:48.450+09:00  INFO 32280 --- [demo] [nio-8081-exec-4] c.e.p.s.auth.FirebaseIdentityService     : [FirebaseTokenVerify] provider_verified_in_0ms
2026-05-07T20:05:56.443+09:00  INFO 32280 --- [demo] [nio-8081-exec-9] c.e.p.s.auth.FirebaseIdentityService     : [FirebaseTokenVerify] provider_verified_in_0ms
2026-05-07T20:05:56.443+09:00  INFO 32280 --- [demo] [nio-8081-exec-5] c.e.p.s.auth.FirebaseIdentityService     : [FirebaseTokenVerify] provider_verified_in_0ms
2026-05-07T20:05:56.443+09:00  INFO 32280 --- [demo] [nio-8081-exec-6] c.e.p.s.auth.FirebaseIdentityService     : [FirebaseTokenVerify] provider_verified_in_0ms
2026-05-07T20:05:56.443+09:00  INFO 32280 --- [demo] [nio-8081-exec-2] c.e.p.s.auth.FirebaseIdentityService     : [FirebaseTokenVerify] provider_verified_in_0ms
2026-05-07T20:05:56.443+09:00  INFO 32280 --- [demo] [nio-8081-exec-3] c.e.p.s.auth.FirebaseIdentityService     : [FirebaseTokenVerify] provider_verified_in_0ms
2026-05-07T20:06:04.452+09:00  INFO 32280 --- [demo] [nio-8081-exec-7] c.e.p.s.auth.FirebaseIdentityService     : [FirebaseTokenVerify] provider_verified_in_0ms
2026-05-07T20:06:04.452+09:00  INFO 32280 --- [demo] [nio-8081-exec-9] c.e.p.s.auth.FirebaseIdentityService     : [FirebaseTokenVerify] provider_verified_in_0ms
2026-05-07T20:06:04.452+09:00  INFO 32280 --- [demo] [nio-8081-exec-2] c.e.p.s.auth.FirebaseIdentityService     : [FirebaseTokenVerify] provider_verified_in_0ms
2026-05-07T20:06:04.456+09:00  INFO 32280 --- [demo] [nio-8081-exec-6] c.e.p.s.auth.FirebaseIdentityService     : [FirebaseTokenVerify] provider_verified_in_0ms
2026-05-07T20:06:04.457+09:00  INFO 32280 --- [demo] [nio-8081-exec-5] c.e.p.s.auth.FirebaseIdentityService     : [FirebaseTokenVerify] provider_verified_in_0ms
2026-05-07T20:06:12.454+09:00  INFO 32280 --- [demo] [nio-8081-exec-3] c.e.p.s.auth.FirebaseIdentityService     : [FirebaseTokenVerify] provider_verified_in_0ms
2026-05-07T20:06:12.454+09:00  INFO 32280 --- [demo] [nio-8081-exec-4] c.e.p.s.auth.FirebaseIdentityService     : [FirebaseTokenVerify] provider_verified_in_0ms
2026-05-07T20:06:12.454+09:00  INFO 32280 --- [demo] [nio-8081-exec-2] c.e.p.s.auth.FirebaseIdentityService     : [FirebaseTokenVerify] provider_verified_in_0ms
2026-05-07T20:06:12.454+09:00  INFO 32280 --- [demo] [nio-8081-exec-9] c.e.p.s.auth.FirebaseIdentityService     : [FirebaseTokenVerify] provider_verified_in_0ms
2026-05-07T20:06:12.457+09:00  INFO 32280 --- [demo] [nio-8081-exec-7] c.e.p.s.auth.FirebaseIdentityService     : [FirebaseTokenVerify] provider_verified_in_0ms
2026-05-07T20:06:20.448+09:00  INFO 32280 --- [demo] [nio-8081-exec-6] c.e.p.s.auth.FirebaseIdentityService     : [FirebaseTokenVerify] provider_verified_in_0ms
2026-05-07T20:06:20.450+09:00  INFO 32280 --- [demo] [nio-8081-exec-9] c.e.p.s.auth.FirebaseIdentityService     : [FirebaseTokenVerify] provider_verified_in_2ms
2026-05-07T20:06:20.450+09:00  INFO 32280 --- [demo] [nio-8081-exec-2] c.e.p.s.auth.FirebaseIdentityService     : [FirebaseTokenVerify] provider_verified_in_0ms
2026-05-07T20:06:20.450+09:00  INFO 32280 --- [demo] [nio-8081-exec-3] c.e.p.s.auth.FirebaseIdentityService     : [FirebaseTokenVerify] provider_verified_in_0ms
2026-05-07T20:06:20.452+09:00  INFO 32280 --- [demo] [nio-8081-exec-4] c.e.p.s.auth.FirebaseIdentityService     : [FirebaseTokenVerify] provider_verified_in_0ms
2026-05-07T20:06:42.772+09:00  INFO 32280 --- [demo] [pool-5-thread-1] c.e.p.service.user.UserPresenceService   : [presence] stale global session pruned uid=Y8rMFvMRjDEAYSQ84UMqLxoqjmML -> disconnected
2026-05-07T20:06:42.774+09:00  INFO 32280 --- [demo] [pool-5-thread-1] .e.p.s.p.PresenceReconciliationScheduler : [presence] reconciled stale/disconnected uid=Y8rMFvMRjDEAYSQ84UMqLxoqjmML -> broadcast
2026-05-07T20:06:43.165+09:00  INFO 32280 --- [demo] [nio-8081-exec-8] c.e.p.c.NoticeChatWebSocketEventListener : [ws-event] disconnected uid=Y8rMFvMRjDEAYSQ84UMqLxoqjmML sessionId=ef648157-ce72-ac69-d5fb-1f5ad15bdc84 closeStatus=CloseStatus[code=1000, reason=reconnect:focus]
2026-05-07T20:06:43.180+09:00  INFO 32280 --- [demo] [nio-8081-exec-7] c.e.p.s.auth.FirebaseIdentityService     : [FirebaseTokenVerify] provider_verified_in_0ms
2026-05-07T20:06:43.180+09:00  INFO 32280 --- [demo] [nio-8081-exec-1] c.e.p.s.auth.FirebaseIdentityService     : [FirebaseTokenVerify] provider_verified_in_0ms
2026-05-07T20:06:43.180+09:00  INFO 32280 --- [demo] [nio-8081-exec-6] c.e.p.s.auth.FirebaseIdentityService     : [FirebaseTokenVerify] provider_verified_in_0ms
2026-05-07T20:06:43.180+09:00  INFO 32280 --- [demo] [nio-8081-exec-5] c.e.p.s.auth.FirebaseIdentityService     : [FirebaseTokenVerify] provider_verified_in_0ms
2026-05-07T20:06:43.200+09:00  INFO 32280 --- [demo] [nio-8081-exec-9] c.e.p.s.auth.FirebaseIdentityService     : [FirebaseTokenVerify] provider_verified_in_0ms
2026-05-07T20:06:43.200+09:00  INFO 32280 --- [demo] [nio-8081-exec-3] c.e.p.s.auth.FirebaseIdentityService     : [FirebaseTokenVerify] provider_verified_in_0ms
2026-05-07T20:06:43.201+09:00  INFO 32280 --- [demo] [nio-8081-exec-4] c.e.p.s.auth.FirebaseIdentityService     : [FirebaseTokenVerify] provider_verified_in_0ms
2026-05-07T20:06:43.263+09:00  INFO 32280 --- [demo] [nio-8081-exec-8] c.e.p.service.user.UserPresenceService   : [presence] websocket disconnected uid=Y8rMFvMRjDEAYSQ84UMqLxoqjmML sessionId=ef648157-ce72-ac69-d5fb-1f5ad15bdc84 globalConnectionState=disconnected
2026-05-07T20:06:43.586+09:00  INFO 32280 --- [demo] [nio-8081-exec-2] c.e.p.s.auth.FirebaseIdentityService     : [FirebaseTokenVerify] provider_verified_in_1ms
2026-05-07T20:06:44.060+09:00  INFO 32280 --- [demo] [nio-8081-exec-4] c.e.p.s.auth.FirebaseIdentityService     : [FirebaseTokenVerify] provider_verified_in_0ms
2026-05-07T20:06:44.710+09:00  INFO 32280 --- [demo] [nio-8081-exec-7] c.e.p.s.auth.FirebaseIdentityService     : [FirebaseTokenVerify] provider_verified_in_0ms
2026-05-07T20:06:45.633+09:00  INFO 32280 --- [demo] [nio-8081-exec-8] c.e.p.s.auth.FirebaseIdentityService     : [FirebaseTokenVerify] provider_verified_in_0ms
2026-05-07T20:06:46.605+09:00  INFO 32280 --- [demo] [nio-8081-exec-1] c.e.p.s.auth.FirebaseIdentityService     : [FirebaseTokenVerify] provider_verified_in_0ms
2026-05-07T20:06:49.023+09:00  INFO 32280 --- [demo] [nio-8081-exec-2] c.e.p.s.auth.FirebaseIdentityService     : [FirebaseTokenVerify] provider_verified_in_0ms
2026-05-07T20:06:51.919+09:00  INFO 32280 --- [demo] [nio-8081-exec-7] c.e.p.s.auth.FirebaseIdentityService     : [FirebaseTokenVerify] provider_verified_in_0ms
2026-05-07T20:06:51.979+09:00  INFO 32280 --- [demo] [io-8081-exec-10] c.e.p.s.auth.FirebaseIdentityService     : [FirebaseTokenVerify] provider_verified_in_1ms
2026-05-07T20:06:51.978+09:00  INFO 32280 --- [demo] [nio-8081-exec-8] c.e.p.s.auth.FirebaseIdentityService     : [FirebaseTokenVerify] provider_verified_in_0ms
2026-05-07T20:06:51.979+09:00  INFO 32280 --- [demo] [nio-8081-exec-9] c.e.p.s.auth.FirebaseIdentityService     : [FirebaseTokenVerify] provider_verified_in_0ms
2026-05-07T20:06:51.992+09:00  INFO 32280 --- [demo] [nio-8081-exec-1] c.e.p.s.auth.FirebaseIdentityService     : [FirebaseTokenVerify] provider_verified_in_0ms
2026-05-07T20:06:55.104+09:00  INFO 32280 --- [demo] [nio-8081-exec-6] c.e.p.s.auth.FirebaseIdentityService     : [FirebaseTokenVerify] provider_verified_in_0ms
2026-05-07T20:06:59.922+09:00  INFO 32280 --- [demo] [nio-8081-exec-9] c.e.p.s.auth.FirebaseIdentityService     : [FirebaseTokenVerify] provider_verified_in_1ms
2026-05-07T20:06:59.981+09:00  INFO 32280 --- [demo] [nio-8081-exec-8] c.e.p.s.auth.FirebaseIdentityService     : [FirebaseTokenVerify] provider_verified_in_1ms
2026-05-07T20:06:59.981+09:00  INFO 32280 --- [demo] [nio-8081-exec-1] c.e.p.s.auth.FirebaseIdentityService     : [FirebaseTokenVerify] provider_verified_in_1ms
2026-05-07T20:06:59.981+09:00  INFO 32280 --- [demo] [nio-8081-exec-2] c.e.p.s.auth.FirebaseIdentityService     : [FirebaseTokenVerify] provider_verified_in_0ms
2026-05-07T20:06:59.981+09:00  INFO 32280 --- [demo] [nio-8081-exec-5] c.e.p.s.auth.FirebaseIdentityService     : [FirebaseTokenVerify] provider_verified_in_0ms
2026-05-07T20:07:01.647+09:00  INFO 32280 --- [demo] [nio-8081-exec-4] c.e.p.s.auth.FirebaseIdentityService     : [FirebaseTokenVerify] provider_verified_in_0ms
2026-05-07T20:07:07.907+09:00  INFO 32280 --- [demo] [nio-8081-exec-5] c.e.p.s.auth.FirebaseIdentityService     : [FirebaseTokenVerify] provider_verified_in_0ms
2026-05-07T20:07:07.985+09:00  INFO 32280 --- [demo] [nio-8081-exec-3] c.e.p.s.auth.FirebaseIdentityService     : [FirebaseTokenVerify] provider_verified_in_0ms
2026-05-07T20:07:07.985+09:00  INFO 32280 --- [demo] [nio-8081-exec-1] c.e.p.s.auth.FirebaseIdentityService     : [FirebaseTokenVerify] provider_verified_in_0ms
2026-05-07T20:07:07.985+09:00  INFO 32280 --- [demo] [nio-8081-exec-2] c.e.p.s.auth.FirebaseIdentityService     : [FirebaseTokenVerify] provider_verified_in_0ms
2026-05-07T20:07:07.985+09:00  INFO 32280 --- [demo] [nio-8081-exec-8] c.e.p.s.auth.FirebaseIdentityService     : [FirebaseTokenVerify] provider_verified_in_0ms
2026-05-07T20:07:15.906+09:00  INFO 32280 --- [demo] [io-8081-exec-10] c.e.p.s.auth.FirebaseIdentityService     : [FirebaseTokenVerify] provider_verified_in_0ms
2026-05-07T20:07:15.969+09:00  INFO 32280 --- [demo] [nio-8081-exec-5] c.e.p.s.auth.FirebaseIdentityService     : [FirebaseTokenVerify] provider_verified_in_0ms
2026-05-07T20:07:15.973+09:00  INFO 32280 --- [demo] [nio-8081-exec-2] c.e.p.s.auth.FirebaseIdentityService     : [FirebaseTokenVerify] provider_verified_in_0ms
2026-05-07T20:07:15.973+09:00  INFO 32280 --- [demo] [nio-8081-exec-1] c.e.p.s.auth.FirebaseIdentityService     : [FirebaseTokenVerify] provider_verified_in_0ms
2026-05-07T20:07:15.991+09:00  INFO 32280 --- [demo] [nio-8081-exec-8] c.e.p.s.auth.FirebaseIdentityService     : [FirebaseTokenVerify] provider_verified_in_0ms
2026-05-07T20:07:23.921+09:00  INFO 32280 --- [demo] [io-8081-exec-10] c.e.p.s.auth.FirebaseIdentityService     : [FirebaseTokenVerify] provider_verified_in_0ms
2026-05-07T20:07:23.981+09:00  INFO 32280 --- [demo] [nio-8081-exec-5] c.e.p.s.auth.FirebaseIdentityService     : [FirebaseTokenVerify] provider_verified_in_0ms
2026-05-07T20:07:23.982+09:00  INFO 32280 --- [demo] [nio-8081-exec-2] c.e.p.s.auth.FirebaseIdentityService     : [FirebaseTokenVerify] provider_verified_in_0ms
2026-05-07T20:07:23.983+09:00  INFO 32280 --- [demo] [nio-8081-exec-1] c.e.p.s.auth.FirebaseIdentityService     : [FirebaseTokenVerify] provider_verified_in_0ms
2026-05-07T20:07:23.983+09:00  INFO 32280 --- [demo] [nio-8081-exec-8] c.e.p.s.auth.FirebaseIdentityService     : [FirebaseTokenVerify] provider_verified_in_0ms
2026-05-07T20:07:31.920+09:00  INFO 32280 --- [demo] [nio-8081-exec-3] c.e.p.s.auth.FirebaseIdentityService     : [FirebaseTokenVerify] provider_verified_in_0ms
2026-05-07T20:07:31.977+09:00  INFO 32280 --- [demo] [io-8081-exec-10] c.e.p.s.auth.FirebaseIdentityService     : [FirebaseTokenVerify] provider_verified_in_1ms
2026-05-07T20:07:31.977+09:00  INFO 32280 --- [demo] [nio-8081-exec-5] c.e.p.s.auth.FirebaseIdentityService     : [FirebaseTokenVerify] provider_verified_in_0ms
2026-05-07T20:07:31.977+09:00  INFO 32280 --- [demo] [nio-8081-exec-2] c.e.p.s.auth.FirebaseIdentityService     : [FirebaseTokenVerify] provider_verified_in_0ms
2026-05-07T20:07:31.983+09:00  INFO 32280 --- [demo] [nio-8081-exec-1] c.e.p.s.auth.FirebaseIdentityService     : [FirebaseTokenVerify] provider_verified_in_0ms
2026-05-07T20:07:39.914+09:00  INFO 32280 --- [demo] [nio-8081-exec-8] c.e.p.s.auth.FirebaseIdentityService     : [FirebaseTokenVerify] provider_verified_in_1ms
2026-05-07T20:07:39.975+09:00  INFO 32280 --- [demo] [nio-8081-exec-3] c.e.p.s.auth.FirebaseIdentityService     : [FirebaseTokenVerify] provider_verified_in_0ms
2026-05-07T20:07:39.976+09:00  INFO 32280 --- [demo] [nio-8081-exec-5] c.e.p.s.auth.FirebaseIdentityService     : [FirebaseTokenVerify] provider_verified_in_1ms
2026-05-07T20:07:39.977+09:00  INFO 32280 --- [demo] [io-8081-exec-10] c.e.p.s.auth.FirebaseIdentityService     : [FirebaseTokenVerify] provider_verified_in_0ms
2026-05-07T20:07:39.991+09:00  INFO 32280 --- [demo] [nio-8081-exec-2] c.e.p.s.auth.FirebaseIdentityService     : [FirebaseTokenVerify] provider_verified_in_0ms
2026-05-07T20:07:47.917+09:00  INFO 32280 --- [demo] [nio-8081-exec-1] c.e.p.s.auth.FirebaseIdentityService     : [FirebaseTokenVerify] provider_verified_in_0ms
2026-05-07T20:07:47.977+09:00  INFO 32280 --- [demo] [nio-8081-exec-5] c.e.p.s.auth.FirebaseIdentityService     : [FirebaseTokenVerify] provider_verified_in_0ms
2026-05-07T20:07:47.978+09:00  INFO 32280 --- [demo] [io-8081-exec-10] c.e.p.s.auth.FirebaseIdentityService     : [FirebaseTokenVerify] provider_verified_in_0ms
2026-05-07T20:07:47.978+09:00  INFO 32280 --- [demo] [nio-8081-exec-8] c.e.p.s.auth.FirebaseIdentityService     : [FirebaseTokenVerify] provider_verified_in_0ms
2026-05-07T20:07:47.993+09:00  INFO 32280 --- [demo] [nio-8081-exec-2] c.e.p.s.auth.FirebaseIdentityService     : [FirebaseTokenVerify] provider_verified_in_0ms
2026-05-07T20:07:55.920+09:00  INFO 32280 --- [demo] [nio-8081-exec-1] c.e.p.s.auth.FirebaseIdentityService     : [FirebaseTokenVerify] provider_verified_in_0ms
2026-05-07T20:07:55.981+09:00  INFO 32280 --- [demo] [nio-8081-exec-3] c.e.p.s.auth.FirebaseIdentityService     : [FirebaseTokenVerify] provider_verified_in_0ms
2026-05-07T20:07:55.981+09:00  INFO 32280 --- [demo] [io-8081-exec-10] c.e.p.s.auth.FirebaseIdentityService     : [FirebaseTokenVerify] provider_verified_in_0ms
2026-05-07T20:07:55.981+09:00  INFO 32280 --- [demo] [nio-8081-exec-5] c.e.p.s.auth.FirebaseIdentityService     : [FirebaseTokenVerify] provider_verified_in_0ms
2026-05-07T20:07:55.981+09:00  INFO 32280 --- [demo] [nio-8081-exec-2] c.e.p.s.auth.FirebaseIdentityService     : [FirebaseTokenVerify] provider_verified_in_0ms
2026-05-07T20:08:03.914+09:00  INFO 32280 --- [demo] [nio-8081-exec-8] c.e.p.s.auth.FirebaseIdentityService     : [FirebaseTokenVerify] provider_verified_in_0ms
2026-05-07T20:08:03.977+09:00  INFO 32280 --- [demo] [nio-8081-exec-2] c.e.p.s.auth.FirebaseIdentityService     : [FirebaseTokenVerify] provider_verified_in_1ms
2026-05-07T20:08:03.977+09:00  INFO 32280 --- [demo] [io-8081-exec-10] c.e.p.s.auth.FirebaseIdentityService     : [FirebaseTokenVerify] provider_verified_in_0ms
2026-05-07T20:08:03.977+09:00  INFO 32280 --- [demo] [nio-8081-exec-5] c.e.p.s.auth.FirebaseIdentityService     : [FirebaseTokenVerify] provider_verified_in_0ms
2026-05-07T20:08:03.992+09:00  INFO 32280 --- [demo] [nio-8081-exec-1] c.e.p.s.auth.FirebaseIdentityService     : [FirebaseTokenVerify] provider_verified_in_0ms
2026-05-07T20:08:04.062+09:00  INFO 32280 --- [demo] [nio-8081-exec-3] c.e.p.s.auth.FirebaseIdentityService     : [FirebaseTokenVerify] provider_verified_in_1ms
2026-05-07T20:08:04.526+09:00  INFO 32280 --- [demo] [nio-8081-exec-7] c.e.p.s.auth.FirebaseIdentityService     : [FirebaseTokenVerify] provider_verified_in_0ms
2026-05-07T20:08:05.404+09:00  INFO 32280 --- [demo] [nio-8081-exec-9] c.e.p.s.auth.FirebaseIdentityService     : [FirebaseTokenVerify] provider_verified_in_1ms
2026-05-07T20:08:07.799+09:00  INFO 32280 --- [demo] [nio-8081-exec-7] c.e.p.c.NoticeChatWebSocketEventListener : [ws-event] disconnected uid=Y8rMFvMRjDEAYSQ84UMqLxoqjmML sessionId=46c871e9-bda1-49d2-80e6-1a175f086fc4 closeStatus=CloseStatus[code=1001, reason=null]
2026-05-07T20:08:07.815+09:00  INFO 32280 --- [demo] [nio-8081-exec-7] c.e.p.service.user.UserPresenceService   : [presence] websocket disconnected uid=Y8rMFvMRjDEAYSQ84UMqLxoqjmML sessionId=46c871e9-bda1-49d2-80e6-1a175f086fc4 globalConnectionState=connected
2026-05-07T20:08:07.968+09:00  INFO 32280 --- [demo] [nio-8081-exec-5] c.e.p.s.auth.FirebaseIdentityService     : [FirebaseTokenVerify] provider_verified_in_0ms
2026-05-07T20:08:07.970+09:00  INFO 32280 --- [demo] [nio-8081-exec-1] c.e.p.controller.auth.AuthController     : [LOGIN_ENDPOINT] /api/auth/login request received
2026-05-07T20:08:07.984+09:00  INFO 32280 --- [demo] [nio-8081-exec-4] c.e.p.s.auth.FirebaseIdentityService     : [FirebaseTokenVerify] provider_verified_in_0ms
2026-05-07T20:08:07.991+09:00  INFO 32280 --- [demo] [nio-8081-exec-6] c.e.p.controller.auth.AuthController     : [LOGIN_ENDPOINT] /api/auth/login request received
2026-05-07T20:08:07.991+09:00  INFO 32280 --- [demo] [nio-8081-exec-2] c.e.p.controller.auth.AuthController     : [LOGIN_ENDPOINT] /api/auth/login request received
2026-05-07T20:08:08.048+09:00  INFO 32280 --- [demo] [nio-8081-exec-1] c.e.pogun.service.auth.AuthService       : [LOGIN] loginOrSignUp started, token_length=521
2026-05-07T20:08:08.049+09:00  INFO 32280 --- [demo] [nio-8081-exec-1] c.e.p.s.auth.FirebaseIdentityService     : [FirebaseTokenVerify] provider_verified_in_1ms
2026-05-07T20:08:08.049+09:00  INFO 32280 --- [demo] [nio-8081-exec-1] c.e.pogun.service.auth.AuthService       : [LOGIN] Firebase token verified in 1ms
2026-05-07T20:08:08.067+09:00  INFO 32280 --- [demo] [nio-8081-exec-2] c.e.pogun.service.auth.AuthService       : [LOGIN] loginOrSignUp started, token_length=521
2026-05-07T20:08:08.067+09:00  INFO 32280 --- [demo] [nio-8081-exec-2] c.e.p.s.auth.FirebaseIdentityService     : [FirebaseTokenVerify] provider_verified_in_0ms
2026-05-07T20:08:08.067+09:00  INFO 32280 --- [demo] [nio-8081-exec-2] c.e.pogun.service.auth.AuthService       : [LOGIN] Firebase token verified in 0ms
2026-05-07T20:08:08.068+09:00  INFO 32280 --- [demo] [nio-8081-exec-6] c.e.pogun.service.auth.AuthService       : [LOGIN] loginOrSignUp started, token_length=521
2026-05-07T20:08:08.069+09:00  INFO 32280 --- [demo] [nio-8081-exec-6] c.e.p.s.auth.FirebaseIdentityService     : [FirebaseTokenVerify] provider_verified_in_0ms
2026-05-07T20:08:08.069+09:00  INFO 32280 --- [demo] [nio-8081-exec-6] c.e.pogun.service.auth.AuthService       : [LOGIN] Firebase token verified in 0ms
2026-05-07T20:08:08.358+09:00  INFO 32280 --- [demo] [nio-8081-exec-9] c.e.p.s.auth.FirebaseIdentityService     : [FirebaseTokenVerify] provider_verified_in_0ms
2026-05-07T20:08:08.608+09:00  INFO 32280 --- [demo] [nio-8081-exec-2] c.e.p.controller.auth.AuthController     : [LOGIN_ENDPOINT] /api/auth/login completed in 617ms
2026-05-07T20:08:08.612+09:00  INFO 32280 --- [demo] [nio-8081-exec-5] c.e.p.s.auth.FirebaseIdentityService     : [FirebaseTokenVerify] provider_verified_in_0ms
2026-05-07T20:08:08.822+09:00  INFO 32280 --- [demo] [nio-8081-exec-3] c.e.p.s.auth.FirebaseIdentityService     : [FirebaseTokenVerify] provider_verified_in_0ms
2026-05-07T20:08:08.842+09:00  INFO 32280 --- [demo] [nio-8081-exec-1] c.e.p.controller.auth.AuthController     : [LOGIN_ENDPOINT] /api/auth/login completed in 872ms
2026-05-07T20:08:08.844+09:00  INFO 32280 --- [demo] [io-8081-exec-10] c.e.p.s.auth.FirebaseIdentityService     : [FirebaseTokenVerify] provider_verified_in_0ms
2026-05-07T20:08:08.853+09:00  INFO 32280 --- [demo] [nio-8081-exec-8] c.e.p.s.auth.FirebaseIdentityService     : [FirebaseTokenVerify] provider_verified_in_0ms
2026-05-07T20:08:09.076+09:00  INFO 32280 --- [demo] [nio-8081-exec-6] c.e.p.controller.auth.AuthController     : [LOGIN_ENDPOINT] /api/auth/login completed in 1085ms
2026-05-07T20:08:09.079+09:00  INFO 32280 --- [demo] [nio-8081-exec-2] c.e.p.s.auth.FirebaseIdentityService     : [FirebaseTokenVerify] provider_verified_in_0ms
2026-05-07T20:08:09.186+09:00  INFO 32280 --- [demo] [nio-8081-exec-1] c.e.p.s.auth.FirebaseIdentityService     : [FirebaseTokenVerify] provider_verified_in_0ms
2026-05-07T20:08:09.960+09:00  WARN 32280 --- [demo] [ ws-heartbeat-1] org.hibernate.orm.query                  : HHH90003004: firstResult/maxResults specified with collection fetch; applying in memory
2026-05-07T20:08:11.094+09:00  INFO 32280 --- [demo] [nio-8081-exec-5] c.e.p.s.auth.FirebaseIdentityService     : [FirebaseTokenVerify] provider_verified_in_0ms
2026-05-07T20:08:11.103+09:00  INFO 32280 --- [demo] [nio-8081-exec-6] c.e.p.s.auth.FirebaseIdentityService     : [FirebaseTokenVerify] provider_verified_in_0ms
2026-05-07T20:08:11.674+09:00  INFO 32280 --- [demo] [nio-8081-exec-8] c.e.p.s.auth.FirebaseIdentityService     : [FirebaseTokenVerify] provider_verified_in_0ms
2026-05-07T20:08:11.928+09:00  INFO 32280 --- [demo] [nio-8081-exec-9] c.e.p.s.auth.FirebaseIdentityService     : [FirebaseTokenVerify] provider_verified_in_0ms
2026-05-07T20:08:12.262+09:00  INFO 32280 --- [demo] [nio-8081-exec-3] c.e.p.s.auth.FirebaseIdentityService     : [FirebaseTokenVerify] provider_verified_in_0ms
2026-05-07T20:08:12.432+09:00  INFO 32280 --- [demo] [nio-8081-exec-2] c.e.p.c.NoticeChatWebSocketEventListener : [ws-event] disconnected uid=Y8rMFvMRjDEAYSQ84UMqLxoqjmML sessionId=a8b50ecb-2a97-712a-f0ae-9552d801b811 closeStatus=CloseStatus[code=1000, reason=reconnect:focus]
2026-05-07T20:08:12.443+09:00  INFO 32280 --- [demo] [nio-8081-exec-6] c.e.p.s.auth.FirebaseIdentityService     : [FirebaseTokenVerify] provider_verified_in_0ms
2026-05-07T20:08:12.453+09:00  INFO 32280 --- [demo] [nio-8081-exec-2] c.e.p.service.user.UserPresenceService   : [presence] websocket disconnected uid=Y8rMFvMRjDEAYSQ84UMqLxoqjmML sessionId=a8b50ecb-2a97-712a-f0ae-9552d801b811 globalConnectionState=connected
2026-05-07T20:08:12.590+09:00  WARN 32280 --- [demo] [nio-8081-exec-3] org.hibernate.orm.query                  : HHH90003004: firstResult/maxResults specified with collection fetch; applying in memory
2026-05-07T20:08:12.724+09:00  INFO 32280 --- [demo] [io-8081-exec-10] c.e.p.s.auth.FirebaseIdentityService     : [FirebaseTokenVerify] provider_verified_in_1ms
2026-05-07T20:08:12.987+09:00  INFO 32280 --- [demo] [nio-8081-exec-6] c.e.p.s.auth.FirebaseIdentityService     : [FirebaseTokenVerify] provider_verified_in_0ms
2026-05-07T20:08:13.042+09:00  INFO 32280 --- [demo] [nio-8081-exec-1] c.e.p.s.auth.FirebaseIdentityService     : [FirebaseTokenVerify] provider_verified_in_0ms
2026-05-07T20:08:13.881+09:00  INFO 32280 --- [demo] [io-8081-exec-10] c.e.p.s.auth.FirebaseIdentityService     : [FirebaseTokenVerify] provider_verified_in_0ms
2026-05-07T20:08:13.892+09:00  INFO 32280 --- [demo] [nio-8081-exec-3] c.e.p.s.auth.FirebaseIdentityService     : [FirebaseTokenVerify] provider_verified_in_0ms
2026-05-07T20:08:14.487+09:00  INFO 32280 --- [demo] [nio-8081-exec-2] c.e.p.s.auth.FirebaseIdentityService     : [FirebaseTokenVerify] provider_verified_in_0ms
2026-05-07T20:08:14.503+09:00  INFO 32280 --- [demo] [nio-8081-exec-9] c.e.p.s.auth.FirebaseIdentityService     : [FirebaseTokenVerify] provider_verified_in_0ms
2026-05-07T20:08:14.835+09:00  INFO 32280 --- [demo] [nio-8081-exec-1] c.e.p.s.auth.FirebaseIdentityService     : [FirebaseTokenVerify] provider_verified_in_0ms
2026-05-07T20:08:14.858+09:00  INFO 32280 --- [demo] [io-8081-exec-10] c.e.p.s.auth.FirebaseIdentityService     : [FirebaseTokenVerify] provider_verified_in_0ms
2026-05-07T20:08:15.980+09:00  INFO 32280 --- [demo] [nio-8081-exec-3] c.e.p.s.auth.FirebaseIdentityService     : [FirebaseTokenVerify] provider_verified_in_0ms
2026-05-07T20:08:15.996+09:00  INFO 32280 --- [demo] [nio-8081-exec-9] c.e.p.s.auth.FirebaseIdentityService     : [FirebaseTokenVerify] provider_verified_in_0ms
2026-05-07T20:08:15.996+09:00  INFO 32280 --- [demo] [nio-8081-exec-4] c.e.p.s.auth.FirebaseIdentityService     : [FirebaseTokenVerify] provider_verified_in_0ms
2026-05-07T20:08:16.874+09:00  INFO 32280 --- [demo] [io-8081-exec-10] c.e.p.s.auth.FirebaseIdentityService     : [FirebaseTokenVerify] provider_verified_in_0ms
2026-05-07T20:08:17.568+09:00  INFO 32280 --- [demo] [nio-8081-exec-1] c.e.p.s.auth.FirebaseIdentityService     : [FirebaseTokenVerify] provider_verified_in_0ms
2026-05-07T20:08:17.595+09:00  INFO 32280 --- [demo] [nio-8081-exec-6] c.e.p.s.auth.FirebaseIdentityService     : [FirebaseTokenVerify] provider_verified_in_0ms
2026-05-07T20:08:17.722+09:00  INFO 32280 --- [demo] [nio-8081-exec-5] c.e.p.s.auth.FirebaseIdentityService     : [FirebaseTokenVerify] provider_verified_in_0ms
2026-05-07T20:08:18.886+09:00  INFO 32280 --- [demo] [nio-8081-exec-4] c.e.p.s.auth.FirebaseIdentityService     : [FirebaseTokenVerify] provider_verified_in_0ms
2026-05-07T20:08:19.280+09:00  INFO 32280 --- [demo] [nio-8081-exec-3] c.e.p.s.auth.FirebaseIdentityService     : [FirebaseTokenVerify] provider_verified_in_0ms
2026-05-07T20:08:19.744+09:00  INFO 32280 --- [demo] [nio-8081-exec-7] c.e.p.s.auth.FirebaseIdentityService     : [FirebaseTokenVerify] provider_verified_in_0ms
2026-05-07T20:08:24.099+09:00  INFO 32280 --- [demo] [nio-8081-exec-3] c.e.p.s.auth.FirebaseIdentityService     : [FirebaseTokenVerify] provider_verified_in_0ms
2026-05-07T20:08:24.099+09:00  INFO 32280 --- [demo] [nio-8081-exec-1] c.e.p.s.auth.FirebaseIdentityService     : [FirebaseTokenVerify] provider_verified_in_0ms
2026-05-07T20:08:24.099+09:00  INFO 32280 --- [demo] [nio-8081-exec-9] c.e.p.s.auth.FirebaseIdentityService     : [FirebaseTokenVerify] provider_verified_in_0ms
2026-05-07T20:08:24.101+09:00  INFO 32280 --- [demo] [nio-8081-exec-4] c.e.p.s.auth.FirebaseIdentityService     : [FirebaseTokenVerify] provider_verified_in_2ms
2026-05-07T20:08:24.258+09:00  INFO 32280 --- [demo] [nio-8081-exec-7] c.e.p.s.auth.FirebaseIdentityService     : [FirebaseTokenVerify] provider_verified_in_0ms
2026-05-07T20:08:25.686+09:00  INFO 32280 --- [demo] [nio-8081-exec-5] c.e.p.s.auth.FirebaseIdentityService     : [FirebaseTokenVerify] provider_verified_in_0ms
2026-05-07T20:08:31.988+09:00  INFO 32280 --- [demo] [nio-8081-exec-3] c.e.p.s.auth.FirebaseIdentityService     : [FirebaseTokenVerify] provider_verified_in_0ms
2026-05-07T20:08:31.988+09:00  INFO 32280 --- [demo] [nio-8081-exec-4] c.e.p.s.auth.FirebaseIdentityService     : [FirebaseTokenVerify] provider_verified_in_0ms
2026-05-07T20:08:31.990+09:00  INFO 32280 --- [demo] [nio-8081-exec-2] c.e.p.s.auth.FirebaseIdentityService     : [FirebaseTokenVerify] provider_verified_in_2ms
2026-05-07T20:08:31.990+09:00  INFO 32280 --- [demo] [nio-8081-exec-8] c.e.p.s.auth.FirebaseIdentityService     : [FirebaseTokenVerify] provider_verified_in_0ms
2026-05-07T20:08:31.993+09:00  INFO 32280 --- [demo] [nio-8081-exec-5] c.e.p.s.auth.FirebaseIdentityService     : [FirebaseTokenVerify] provider_verified_in_0ms
2026-05-07T20:08:32.376+09:00  INFO 32280 --- [demo] [io-8081-exec-10] c.e.p.s.auth.FirebaseIdentityService     : [FirebaseTokenVerify] provider_verified_in_0ms
2026-05-07T20:08:36.291+09:00  INFO 32280 --- [demo] [nio-8081-exec-7] c.e.p.s.auth.FirebaseIdentityService     : [FirebaseTokenVerify] provider_verified_in_1ms
2026-05-07T20:08:39.973+09:00  INFO 32280 --- [demo] [nio-8081-exec-2] c.e.p.s.auth.FirebaseIdentityService     : [FirebaseTokenVerify] provider_verified_in_0ms
2026-05-07T20:08:39.984+09:00  INFO 32280 --- [demo] [nio-8081-exec-4] c.e.p.s.auth.FirebaseIdentityService     : [FirebaseTokenVerify] provider_verified_in_0ms
2026-05-07T20:08:39.984+09:00  INFO 32280 --- [demo] [nio-8081-exec-8] c.e.p.s.auth.FirebaseIdentityService     : [FirebaseTokenVerify] provider_verified_in_0ms
2026-05-07T20:08:39.987+09:00  INFO 32280 --- [demo] [nio-8081-exec-3] c.e.p.s.auth.FirebaseIdentityService     : [FirebaseTokenVerify] provider_verified_in_0ms
2026-05-07T20:08:40.372+09:00  INFO 32280 --- [demo] [io-8081-exec-10] c.e.p.s.auth.FirebaseIdentityService     : [FirebaseTokenVerify] provider_verified_in_0ms
2026-05-07T20:08:43.160+09:00  INFO 32280 --- [demo] [nio-8081-exec-7] c.e.p.s.auth.FirebaseIdentityService     : [FirebaseTokenVerify] provider_verified_in_0ms
2026-05-07T20:08:43.651+09:00  WARN 32280 --- [demo] [nio-8081-exec-7] c.e.p.c.common.GlobalExceptionHandler    : API exception: status=409 code=DUPLICATE_REPORT message=이미 접수되어 처리 중인 신고입니다.
2026-05-07T20:08:43.654+09:00  WARN 32280 --- [demo] [nio-8081-exec-7] .m.m.a.ExceptionHandlerExceptionResolver : Resolved [com.example.pogun.dto.common.ApiResponse$ApiException: 이미 접수되어 처리 중인 신고입니다.]
2026-05-07T20:08:45.738+09:00  INFO 32280 --- [demo] [nio-8081-exec-9] c.e.p.s.auth.FirebaseIdentityService     : [FirebaseTokenVerify] provider_verified_in_0ms
2026-05-07T20:08:46.136+09:00  WARN 32280 --- [demo] [nio-8081-exec-9] c.e.p.c.common.GlobalExceptionHandler    : API exception: status=409 code=DUPLICATE_REPORT message=이미 접수되어 처리 중인 신고입니다.
2026-05-07T20:08:46.136+09:00  WARN 32280 --- [demo] [nio-8081-exec-9] .m.m.a.ExceptionHandlerExceptionResolver : Resolved [com.example.pogun.dto.common.ApiResponse$ApiException: 이미 접수되어 처리 중인 신고입니다.]
2026-05-07T20:08:47.977+09:00  INFO 32280 --- [demo] [nio-8081-exec-4] c.e.p.s.auth.FirebaseIdentityService     : [FirebaseTokenVerify] provider_verified_in_0ms
2026-05-07T20:08:47.984+09:00  INFO 32280 --- [demo] [nio-8081-exec-8] c.e.p.s.auth.FirebaseIdentityService     : [FirebaseTokenVerify] provider_verified_in_0ms
2026-05-07T20:08:47.985+09:00  INFO 32280 --- [demo] [nio-8081-exec-3] c.e.p.s.auth.FirebaseIdentityService     : [FirebaseTokenVerify] provider_verified_in_0ms
2026-05-07T20:08:47.995+09:00  INFO 32280 --- [demo] [io-8081-exec-10] c.e.p.s.auth.FirebaseIdentityService     : [FirebaseTokenVerify] provider_verified_in_0ms
2026-05-07T20:08:48.369+09:00  INFO 32280 --- [demo] [nio-8081-exec-1] c.e.p.s.auth.FirebaseIdentityService     : [FirebaseTokenVerify] provider_verified_in_0ms
2026-05-07T20:08:50.701+09:00  INFO 32280 --- [demo] [nio-8081-exec-5] c.e.p.s.auth.FirebaseIdentityService     : [FirebaseTokenVerify] provider_verified_in_1ms
2026-05-07T20:08:52.061+09:00  INFO 32280 --- [demo] [nio-8081-exec-2] c.e.p.s.auth.FirebaseIdentityService     : [FirebaseTokenVerify] provider_verified_in_0ms
2026-05-07T20:08:55.972+09:00  INFO 32280 --- [demo] [nio-8081-exec-3] c.e.p.s.auth.FirebaseIdentityService     : [FirebaseTokenVerify] provider_verified_in_0ms
2026-05-07T20:08:55.984+09:00  INFO 32280 --- [demo] [nio-8081-exec-7] c.e.p.s.auth.FirebaseIdentityService     : [FirebaseTokenVerify] provider_verified_in_1ms
2026-05-07T20:08:55.984+09:00  INFO 32280 --- [demo] [nio-8081-exec-1] c.e.p.s.auth.FirebaseIdentityService     : [FirebaseTokenVerify] provider_verified_in_0ms
2026-05-07T20:08:55.987+09:00  INFO 32280 --- [demo] [nio-8081-exec-6] c.e.p.s.auth.FirebaseIdentityService     : [FirebaseTokenVerify] provider_verified_in_0ms
2026-05-07T20:08:56.364+09:00  INFO 32280 --- [demo] [nio-8081-exec-5] c.e.p.s.auth.FirebaseIdentityService     : [FirebaseTokenVerify] provider_verified_in_0ms
2026-05-07T20:08:57.458+09:00  INFO 32280 --- [demo] [io-8081-exec-10] c.e.p.s.auth.FirebaseIdentityService     : [FirebaseTokenVerify] provider_verified_in_0ms
2026-05-07T20:08:57.770+09:00  WARN 32280 --- [demo] [io-8081-exec-10] org.hibernate.orm.query                  : HHH90003004: firstResult/maxResults specified with collection fetch; applying in memory
2026-05-07T20:08:58.005+09:00  WARN 32280 --- [demo] [ ws-heartbeat-1] org.hibernate.orm.query                  : HHH90003004: firstResult/maxResults specified with collection fetch; applying in memory
2026-05-07T20:09:03.260+09:00  INFO 32280 --- [demo] [nio-8081-exec-1] c.e.p.c.NoticeChatWebSocketEventListener : [ws-event] disconnected uid=Y8rMFvMRjDEAYSQ84UMqLxoqjmML sessionId=37e8d5e0-fefc-26db-92f8-063dd198190d closeStatus=CloseStatus[code=1001, reason=null]
2026-05-07T20:09:03.357+09:00  INFO 32280 --- [demo] [nio-8081-exec-1] c.e.p.service.user.UserPresenceService   : [presence] websocket disconnected uid=Y8rMFvMRjDEAYSQ84UMqLxoqjmML sessionId=37e8d5e0-fefc-26db-92f8-063dd198190d globalConnectionState=connected
2026-05-07T20:09:03.366+09:00  INFO 32280 --- [demo] [nio-8081-exec-5] c.e.p.s.auth.FirebaseIdentityService     : [FirebaseTokenVerify] provider_verified_in_0ms
2026-05-07T20:09:03.370+09:00  INFO 32280 --- [demo] [nio-8081-exec-2] c.e.p.s.auth.FirebaseIdentityService     : [FirebaseTokenVerify] provider_verified_in_0ms
2026-05-07T20:09:03.371+09:00  INFO 32280 --- [demo] [nio-8081-exec-9] c.e.p.s.auth.FirebaseIdentityService     : [FirebaseTokenVerify] provider_verified_in_0ms
2026-05-07T20:09:03.373+09:00  INFO 32280 --- [demo] [nio-8081-exec-3] c.e.p.controller.auth.AuthController     : [LOGIN_ENDPOINT] /api/auth/login request received
2026-05-07T20:09:03.378+09:00  INFO 32280 --- [demo] [nio-8081-exec-8] c.e.p.controller.auth.AuthController     : [LOGIN_ENDPOINT] /api/auth/login request received
2026-05-07T20:09:03.450+09:00  INFO 32280 --- [demo] [nio-8081-exec-3] c.e.pogun.service.auth.AuthService       : [LOGIN] loginOrSignUp started, token_length=521
2026-05-07T20:09:03.450+09:00  INFO 32280 --- [demo] [nio-8081-exec-3] c.e.p.s.auth.FirebaseIdentityService     : [FirebaseTokenVerify] provider_verified_in_0ms
2026-05-07T20:09:03.450+09:00  INFO 32280 --- [demo] [nio-8081-exec-3] c.e.pogun.service.auth.AuthService       : [LOGIN] Firebase token verified in 0ms
2026-05-07T20:09:03.460+09:00  INFO 32280 --- [demo] [nio-8081-exec-8] c.e.pogun.service.auth.AuthService       : [LOGIN] loginOrSignUp started, token_length=521
2026-05-07T20:09:03.460+09:00  INFO 32280 --- [demo] [nio-8081-exec-8] c.e.p.s.auth.FirebaseIdentityService     : [FirebaseTokenVerify] provider_verified_in_0ms
2026-05-07T20:09:03.460+09:00  INFO 32280 --- [demo] [nio-8081-exec-8] c.e.pogun.service.auth.AuthService       : [LOGIN] Firebase token verified in 0ms
2026-05-07T20:09:03.469+09:00 ERROR 32280 --- [demo] [nio-8081-exec-6] c.e.p.c.common.GlobalExceptionHandler    : Unhandled exception: 

org.springframework.http.converter.HttpMessageNotWritableException: Could not write JSON: ServletOutputStream failed to write: java.io.IOException: 현재 연결은 사용자의 호스트 시스템의 소프트웨어의 의해 중단되었습니다
	at org.springframework.http.converter.AbstractJacksonHttpMessageConverter.writeInternal(AbstractJacksonHttpMessageConverter.java:444) ~[spring-web-7.0.5.jar:7.0.5]
	at org.springframework.http.converter.AbstractSmartHttpMessageConverter.write(AbstractSmartHttpMessageConverter.java:116) ~[spring-web-7.0.5.jar:7.0.5]
	at org.springframework.web.servlet.mvc.method.annotation.AbstractMessageConverterMethodProcessor.writeWithMessageConverters(AbstractMessageConverterMethodProcessor.java:343) ~[spring-webmvc-7.0.5.jar:7.0.5]
	at org.springframework.web.servlet.mvc.method.annotation.HttpEntityMethodProcessor.handleReturnValue(HttpEntityMethodProcessor.java:261) ~[spring-webmvc-7.0.5.jar:7.0.5]
	at org.springframework.web.servlet.mvc.method.annotation.ResponseEntityReturnValueHandler.handleReturnValue(ResponseEntityReturnValueHandler.java:80) ~[spring-webmvc-7.0.5.jar:7.0.5]
	at org.springframework.web.method.support.HandlerMethodReturnValueHandlerComposite.handleReturnValue(HandlerMethodReturnValueHandlerComposite.java:78) ~[spring-web-7.0.5.jar:7.0.5]
	at org.springframework.web.servlet.mvc.method.annotation.ServletInvocableHandlerMethod.invokeAndHandle(ServletInvocableHandlerMethod.java:135) ~[spring-webmvc-7.0.5.jar:7.0.5]
	at org.springframework.web.servlet.mvc.method.annotation.RequestMappingHandlerAdapter.invokeHandlerMethod(RequestMappingHandlerAdapter.java:934) ~[spring-webmvc-7.0.5.jar:7.0.5]
	at org.springframework.web.servlet.mvc.method.annotation.RequestMappingHandlerAdapter.handleInternal(RequestMappingHandlerAdapter.java:853) ~[spring-webmvc-7.0.5.jar:7.0.5]
	at org.springframework.web.servlet.mvc.method.AbstractHandlerMethodAdapter.handle(AbstractHandlerMethodAdapter.java:86) ~[spring-webmvc-7.0.5.jar:7.0.5]
	at org.springframework.web.servlet.DispatcherServlet.doDispatch(DispatcherServlet.java:963) ~[spring-webmvc-7.0.5.jar:7.0.5]
	at org.springframework.web.servlet.DispatcherServlet.doService(DispatcherServlet.java:866) ~[spring-webmvc-7.0.5.jar:7.0.5]
	at org.springframework.web.servlet.FrameworkServlet.processRequest(FrameworkServlet.java:1000) ~[spring-webmvc-7.0.5.jar:7.0.5]
	at org.springframework.web.servlet.FrameworkServlet.doGet(FrameworkServlet.java:892) ~[spring-webmvc-7.0.5.jar:7.0.5]
	at jakarta.servlet.http.HttpServlet.service(HttpServlet.java:622) ~[tomcat-embed-core-11.0.18.jar:6.1]
	at org.springframework.web.servlet.FrameworkServlet.service(FrameworkServlet.java:874) ~[spring-webmvc-7.0.5.jar:7.0.5]
	at jakarta.servlet.http.HttpServlet.service(HttpServlet.java:710) ~[tomcat-embed-core-11.0.18.jar:6.1]
	at org.apache.catalina.core.ApplicationFilterChain.doFilter(ApplicationFilterChain.java:128) ~[tomcat-embed-core-11.0.18.jar:11.0.18]
	at org.apache.tomcat.websocket.server.WsFilter.doFilter(WsFilter.java:53) ~[tomcat-embed-websocket-11.0.18.jar:11.0.18]
	at org.apache.catalina.core.ApplicationFilterChain.doFilter(ApplicationFilterChain.java:107) ~[tomcat-embed-core-11.0.18.jar:11.0.18]
	at com.example.pogun.config.web.WebMvcConfig$Utf8JsonContentTypeFilter.doFilterInternal(WebMvcConfig.java:52) ~[main/:na]
	at org.springframework.web.filter.OncePerRequestFilter.doFilter(OncePerRequestFilter.java:116) ~[spring-web-7.0.5.jar:7.0.5]
	at org.apache.catalina.core.ApplicationFilterChain.doFilter(ApplicationFilterChain.java:107) ~[tomcat-embed-core-11.0.18.jar:11.0.18]
	at org.springframework.web.filter.OncePerRequestFilter.doFilter(OncePerRequestFilter.java:110) ~[spring-web-7.0.5.jar:7.0.5]
	at org.apache.catalina.core.ApplicationFilterChain.doFilter(ApplicationFilterChain.java:107) ~[tomcat-embed-core-11.0.18.jar:11.0.18]
	at org.springframework.web.filter.OncePerRequestFilter.doFilter(OncePerRequestFilter.java:110) ~[spring-web-7.0.5.jar:7.0.5]
	at org.apache.catalina.core.ApplicationFilterChain.doFilter(ApplicationFilterChain.java:107) ~[tomcat-embed-core-11.0.18.jar:11.0.18]
	at org.springframework.web.filter.OncePerRequestFilter.doFilter(OncePerRequestFilter.java:101) ~[spring-web-7.0.5.jar:7.0.5]
	at org.apache.catalina.core.ApplicationFilterChain.doFilter(ApplicationFilterChain.java:107) ~[tomcat-embed-core-11.0.18.jar:11.0.18]
	at org.springframework.web.filter.CompositeFilter$VirtualFilterChain.doFilter(CompositeFilter.java:108) ~[spring-web-7.0.5.jar:7.0.5]
	at org.springframework.security.web.FilterChainProxy.lambda$doFilterInternal$3(FilterChainProxy.java:235) ~[spring-security-web-7.0.3.jar:7.0.3]
	at org.springframework.security.web.FilterChainProxy$VirtualFilterChain.doFilter(FilterChainProxy.java:371) ~[spring-security-web-7.0.3.jar:7.0.3]
	at org.springframework.security.web.access.intercept.AuthorizationFilter.doFilter(AuthorizationFilter.java:101) ~[spring-security-web-7.0.3.jar:7.0.3]
	at org.springframework.security.web.FilterChainProxy$VirtualFilterChain.doFilter(FilterChainProxy.java:380) ~[spring-security-web-7.0.3.jar:7.0.3]
	at org.springframework.security.web.access.ExceptionTranslationFilter.doFilter(ExceptionTranslationFilter.java:126) ~[spring-security-web-7.0.3.jar:7.0.3]
	at org.springframework.security.web.access.ExceptionTranslationFilter.doFilter(ExceptionTranslationFilter.java:120) ~[spring-security-web-7.0.3.jar:7.0.3]
	at org.springframework.security.web.FilterChainProxy$VirtualFilterChain.doFilter(FilterChainProxy.java:380) ~[spring-security-web-7.0.3.jar:7.0.3]
	at org.springframework.security.web.session.SessionManagementFilter.doFilter(SessionManagementFilter.java:132) ~[spring-security-web-7.0.3.jar:7.0.3]
	at org.springframework.security.web.session.SessionManagementFilter.doFilter(SessionManagementFilter.java:86) ~[spring-security-web-7.0.3.jar:7.0.3]
	at org.springframework.security.web.FilterChainProxy$VirtualFilterChain.doFilter(FilterChainProxy.java:380) ~[spring-security-web-7.0.3.jar:7.0.3]
	at org.springframework.security.web.authentication.AnonymousAuthenticationFilter.doFilter(AnonymousAuthenticationFilter.java:100) ~[spring-security-web-7.0.3.jar:7.0.3]
	at org.springframework.security.web.FilterChainProxy$VirtualFilterChain.doFilter(FilterChainProxy.java:380) ~[spring-security-web-7.0.3.jar:7.0.3]
	at org.springframework.security.web.servletapi.SecurityContextHolderAwareRequestFilter.doFilter(SecurityContextHolderAwareRequestFilter.java:181) ~[spring-security-web-7.0.3.jar:7.0.3]
	at org.springframework.security.web.FilterChainProxy$VirtualFilterChain.doFilter(FilterChainProxy.java:380) ~[spring-security-web-7.0.3.jar:7.0.3]
	at org.springframework.security.web.savedrequest.RequestCacheAwareFilter.doFilter(RequestCacheAwareFilter.java:63) ~[spring-security-web-7.0.3.jar:7.0.3]
	at org.springframework.security.web.FilterChainProxy$VirtualFilterChain.doFilter(FilterChainProxy.java:380) ~[spring-security-web-7.0.3.jar:7.0.3]
	at com.example.pogun.config.FirebaseTokenFilter.doFilterInternal(FirebaseTokenFilter.java:42) ~[main/:na]
	at org.springframework.web.filter.OncePerRequestFilter.doFilter(OncePerRequestFilter.java:116) ~[spring-web-7.0.5.jar:7.0.5]
	at org.springframework.security.web.FilterChainProxy$VirtualFilterChain.doFilter(FilterChainProxy.java:380) ~[spring-security-web-7.0.3.jar:7.0.3]
	at com.example.pogun.config.AdminSessionAuthenticationFilter.doFilterInternal(AdminSessionAuthenticationFilter.java:95) ~[main/:na]
	at org.springframework.web.filter.OncePerRequestFilter.doFilter(OncePerRequestFilter.java:116) ~[spring-web-7.0.5.jar:7.0.5]
	at org.springframework.security.web.FilterChainProxy$VirtualFilterChain.doFilter(FilterChainProxy.java:380) ~[spring-security-web-7.0.3.jar:7.0.3]
	at org.springframework.security.web.authentication.logout.LogoutFilter.doFilter(LogoutFilter.java:110) ~[spring-security-web-7.0.3.jar:7.0.3]
	at org.springframework.security.web.authentication.logout.LogoutFilter.doFilter(LogoutFilter.java:96) ~[spring-security-web-7.0.3.jar:7.0.3]
	at org.springframework.security.web.FilterChainProxy$VirtualFilterChain.doFilter(FilterChainProxy.java:380) ~[spring-security-web-7.0.3.jar:7.0.3]
	at org.springframework.web.filter.CorsFilter.doFilterInternal(CorsFilter.java:91) ~[spring-web-7.0.5.jar:7.0.5]
	at org.springframework.web.filter.OncePerRequestFilter.doFilter(OncePerRequestFilter.java:116) ~[spring-web-7.0.5.jar:7.0.5]
	at org.springframework.security.web.FilterChainProxy$VirtualFilterChain.doFilter(FilterChainProxy.java:380) ~[spring-security-web-7.0.3.jar:7.0.3]
	at org.springframework.security.web.header.HeaderWriterFilter.doHeadersAfter(HeaderWriterFilter.java:90) ~[spring-security-web-7.0.3.jar:7.0.3]
	at org.springframework.security.web.header.HeaderWriterFilter.doFilterInternal(HeaderWriterFilter.java:75) ~[spring-security-web-7.0.3.jar:7.0.3]
	at org.springframework.web.filter.OncePerRequestFilter.doFilter(OncePerRequestFilter.java:116) ~[spring-web-7.0.5.jar:7.0.5]
	at org.springframework.security.web.FilterChainProxy$VirtualFilterChain.doFilter(FilterChainProxy.java:380) ~[spring-security-web-7.0.3.jar:7.0.3]
	at org.springframework.security.web.context.SecurityContextHolderFilter.doFilter(SecurityContextHolderFilter.java:82) ~[spring-security-web-7.0.3.jar:7.0.3]
	at org.springframework.security.web.context.SecurityContextHolderFilter.doFilter(SecurityContextHolderFilter.java:69) ~[spring-security-web-7.0.3.jar:7.0.3]
	at org.springframework.security.web.FilterChainProxy$VirtualFilterChain.doFilter(FilterChainProxy.java:380) ~[spring-security-web-7.0.3.jar:7.0.3]
	at org.springframework.security.web.context.request.async.WebAsyncManagerIntegrationFilter.doFilterInternal(WebAsyncManagerIntegrationFilter.java:62) ~[spring-security-web-7.0.3.jar:7.0.3]
	at org.springframework.web.filter.OncePerRequestFilter.doFilter(OncePerRequestFilter.java:116) ~[spring-web-7.0.5.jar:7.0.5]
	at org.springframework.security.web.FilterChainProxy$VirtualFilterChain.doFilter(FilterChainProxy.java:380) ~[spring-security-web-7.0.3.jar:7.0.3]
	at org.springframework.security.web.session.DisableEncodeUrlFilter.doFilterInternal(DisableEncodeUrlFilter.java:42) ~[spring-security-web-7.0.3.jar:7.0.3]
	at org.springframework.web.filter.OncePerRequestFilter.doFilter(OncePerRequestFilter.java:116) ~[spring-web-7.0.5.jar:7.0.5]
	at org.springframework.security.web.FilterChainProxy$VirtualFilterChain.doFilter(FilterChainProxy.java:380) ~[spring-security-web-7.0.3.jar:7.0.3]
	at org.springframework.security.web.FilterChainProxy.doFilterInternal(FilterChainProxy.java:237) ~[spring-security-web-7.0.3.jar:7.0.3]
	at org.springframework.security.web.FilterChainProxy.doFilter(FilterChainProxy.java:195) ~[spring-security-web-7.0.3.jar:7.0.3]
	at org.springframework.web.filter.CompositeFilter$VirtualFilterChain.doFilter(CompositeFilter.java:113) ~[spring-web-7.0.5.jar:7.0.5]
	at org.springframework.web.filter.ServletRequestPathFilter.doFilter(ServletRequestPathFilter.java:52) ~[spring-web-7.0.5.jar:7.0.5]
	at org.springframework.web.filter.CompositeFilter$VirtualFilterChain.doFilter(CompositeFilter.java:113) ~[spring-web-7.0.5.jar:7.0.5]
	at org.springframework.web.filter.CompositeFilter.doFilter(CompositeFilter.java:74) ~[spring-web-7.0.5.jar:7.0.5]
	at org.springframework.security.config.annotation.web.configuration.WebSecurityConfiguration$CompositeFilterChainProxy.doFilter(WebSecurityConfiguration.java:317) ~[spring-security-config-7.0.3.jar:7.0.3]
	at org.springframework.web.filter.DelegatingFilterProxy.invokeDelegate(DelegatingFilterProxy.java:355) ~[spring-web-7.0.5.jar:7.0.5]
	at org.springframework.web.filter.DelegatingFilterProxy.doFilter(DelegatingFilterProxy.java:272) ~[spring-web-7.0.5.jar:7.0.5]
	at org.apache.catalina.core.ApplicationFilterChain.doFilter(ApplicationFilterChain.java:107) ~[tomcat-embed-core-11.0.18.jar:11.0.18]
	at org.springframework.web.filter.RequestContextFilter.doFilterInternal(RequestContextFilter.java:100) ~[spring-web-7.0.5.jar:7.0.5]
	at org.springframework.web.filter.OncePerRequestFilter.doFilter(OncePerRequestFilter.java:116) ~[spring-web-7.0.5.jar:7.0.5]
	at org.apache.catalina.core.ApplicationFilterChain.doFilter(ApplicationFilterChain.java:107) ~[tomcat-embed-core-11.0.18.jar:11.0.18]
	at org.springframework.web.filter.FormContentFilter.doFilterInternal(FormContentFilter.java:93) ~[spring-web-7.0.5.jar:7.0.5]
	at org.springframework.web.filter.OncePerRequestFilter.doFilter(OncePerRequestFilter.java:116) ~[spring-web-7.0.5.jar:7.0.5]
	at org.apache.catalina.core.ApplicationFilterChain.doFilter(ApplicationFilterChain.java:107) ~[tomcat-embed-core-11.0.18.jar:11.0.18]
	at org.springframework.web.filter.CharacterEncodingFilter.doFilterInternal(CharacterEncodingFilter.java:199) ~[spring-web-7.0.5.jar:7.0.5]
	at org.springframework.web.filter.OncePerRequestFilter.doFilter(OncePerRequestFilter.java:116) ~[spring-web-7.0.5.jar:7.0.5]
	at org.apache.catalina.core.ApplicationFilterChain.doFilter(ApplicationFilterChain.java:107) ~[tomcat-embed-core-11.0.18.jar:11.0.18]
	at org.apache.catalina.core.StandardWrapperValve.invoke(StandardWrapperValve.java:165) ~[tomcat-embed-core-11.0.18.jar:11.0.18]
	at org.apache.catalina.core.StandardContextValve.invoke(StandardContextValve.java:77) ~[tomcat-embed-core-11.0.18.jar:11.0.18]
	at org.apache.catalina.authenticator.AuthenticatorBase.invoke(AuthenticatorBase.java:492) ~[tomcat-embed-core-11.0.18.jar:11.0.18]
	at org.apache.catalina.core.StandardHostValve.invoke(StandardHostValve.java:113) ~[tomcat-embed-core-11.0.18.jar:11.0.18]
	at org.apache.catalina.valves.ErrorReportValve.invoke(ErrorReportValve.java:83) ~[tomcat-embed-core-11.0.18.jar:11.0.18]
	at org.apache.catalina.core.StandardEngineValve.invoke(StandardEngineValve.java:72) ~[tomcat-embed-core-11.0.18.jar:11.0.18]
	at org.apache.catalina.connector.CoyoteAdapter.service(CoyoteAdapter.java:341) ~[tomcat-embed-core-11.0.18.jar:11.0.18]
	at org.apache.coyote.http11.Http11Processor.service(Http11Processor.java:397) ~[tomcat-embed-core-11.0.18.jar:11.0.18]
	at org.apache.coyote.AbstractProcessorLight.process(AbstractProcessorLight.java:63) ~[tomcat-embed-core-11.0.18.jar:11.0.18]
	at org.apache.coyote.AbstractProtocol$ConnectionHandler.process(AbstractProtocol.java:903) ~[tomcat-embed-core-11.0.18.jar:11.0.18]
	at org.apache.tomcat.util.net.NioEndpoint$SocketProcessor.doRun(NioEndpoint.java:1779) ~[tomcat-embed-core-11.0.18.jar:11.0.18]
	at org.apache.tomcat.util.net.SocketProcessorBase.run(SocketProcessorBase.java:52) ~[tomcat-embed-core-11.0.18.jar:11.0.18]
	at org.apache.tomcat.util.threads.ThreadPoolExecutor.runWorker(ThreadPoolExecutor.java:946) ~[tomcat-embed-core-11.0.18.jar:11.0.18]
	at org.apache.tomcat.util.threads.ThreadPoolExecutor$Worker.run(ThreadPoolExecutor.java:480) ~[tomcat-embed-core-11.0.18.jar:11.0.18]
	at org.apache.tomcat.util.threads.TaskThread$WrappingRunnable.run(TaskThread.java:57) ~[tomcat-embed-core-11.0.18.jar:11.0.18]
	at java.base/java.lang.Thread.run(Thread.java:842) ~[na:na]
Caused by: tools.jackson.core.exc.JacksonIOException: ServletOutputStream failed to write: java.io.IOException: 현재 연결은 사용자의 호스트 시스템의 소프트웨어의 의해 중단되었습니다
 at [No location information]
	at tools.jackson.core.exc.JacksonIOException.construct(JacksonIOException.java:39) ~[jackson-core-3.0.4.jar:3.0.4]
	at tools.jackson.core.JsonGenerator._wrapIOFailure(JsonGenerator.java:2476) ~[jackson-core-3.0.4.jar:3.0.4]
	at tools.jackson.core.json.UTF8JsonGenerator._flushBuffer(UTF8JsonGenerator.java:2343) ~[jackson-core-3.0.4.jar:3.0.4]
	at tools.jackson.core.json.UTF8JsonGenerator.flush(UTF8JsonGenerator.java:1235) ~[jackson-core-3.0.4.jar:3.0.4]
	at tools.jackson.databind.ObjectWriter.writeValue(ObjectWriter.java:975) ~[jackson-databind-3.0.4.jar:3.0.4]
	at org.springframework.http.converter.AbstractJacksonHttpMessageConverter.writeInternal(AbstractJacksonHttpMessageConverter.java:436) ~[spring-web-7.0.5.jar:7.0.5]
	... 105 common frames omitted
Caused by: org.springframework.web.context.request.async.AsyncRequestNotUsableException: ServletOutputStream failed to write: java.io.IOException: 현재 연결은 사용자의 호스트 시스템의 소프트웨어의 의해 중단되었습니다
	at org.springframework.web.context.request.async.StandardServletAsyncWebRequest$LifecycleHttpServletResponse.handleIOException(StandardServletAsyncWebRequest.java:340) ~[spring-web-7.0.5.jar:7.0.5]
	at org.springframework.web.context.request.async.StandardServletAsyncWebRequest$LifecycleServletOutputStream.write(StandardServletAsyncWebRequest.java:399) ~[spring-web-7.0.5.jar:7.0.5]
	at org.springframework.util.StreamUtils$NonClosingOutputStream.write(StreamUtils.java:284) ~[spring-core-7.0.5.jar:7.0.5]
	at tools.jackson.core.json.UTF8JsonGenerator._flushBuffer(UTF8JsonGenerator.java:2341) ~[jackson-core-3.0.4.jar:3.0.4]
	... 108 common frames omitted
Caused by: org.apache.catalina.connector.ClientAbortException: java.io.IOException: 현재 연결은 사용자의 호스트 시스템의 소프트웨어의 의해 중단되었습니다
	at org.apache.catalina.connector.OutputBuffer.realWriteBytes(OutputBuffer.java:328) ~[tomcat-embed-core-11.0.18.jar:11.0.18]
	at org.apache.catalina.connector.OutputBuffer.flushByteBuffer(OutputBuffer.java:764) ~[tomcat-embed-core-11.0.18.jar:11.0.18]
	at org.apache.catalina.connector.OutputBuffer.append(OutputBuffer.java:661) ~[tomcat-embed-core-11.0.18.jar:11.0.18]
	at org.apache.catalina.connector.OutputBuffer.writeBytes(OutputBuffer.java:363) ~[tomcat-embed-core-11.0.18.jar:11.0.18]
	at org.apache.catalina.connector.OutputBuffer.write(OutputBuffer.java:341) ~[tomcat-embed-core-11.0.18.jar:11.0.18]
	at org.apache.catalina.connector.CoyoteOutputStream.write(CoyoteOutputStream.java:99) ~[tomcat-embed-core-11.0.18.jar:11.0.18]
	at org.springframework.security.web.util.OnCommittedResponseWrapper$SaveContextServletOutputStream.write(OnCommittedResponseWrapper.java:639) ~[spring-security-web-7.0.3.jar:7.0.3]
	at org.springframework.web.context.request.async.StandardServletAsyncWebRequest$LifecycleServletOutputStream.write(StandardServletAsyncWebRequest.java:396) ~[spring-web-7.0.5.jar:7.0.5]
	... 110 common frames omitted
Caused by: java.io.IOException: 현재 연결은 사용자의 호스트 시스템의 소프트웨어의 의해 중단되었습니다
	at java.base/sun.nio.ch.SocketDispatcher.write0(Native Method) ~[na:na]
	at java.base/sun.nio.ch.SocketDispatcher.write(SocketDispatcher.java:54) ~[na:na]
	at java.base/sun.nio.ch.IOUtil.writeFromNativeBuffer(IOUtil.java:132) ~[na:na]
	at java.base/sun.nio.ch.IOUtil.write(IOUtil.java:97) ~[na:na]
	at java.base/sun.nio.ch.IOUtil.write(IOUtil.java:53) ~[na:na]
	at java.base/sun.nio.ch.SocketChannelImpl.write(SocketChannelImpl.java:532) ~[na:na]
	at org.apache.tomcat.util.net.NioChannel.write(NioChannel.java:129) ~[tomcat-embed-core-11.0.18.jar:11.0.18]
	at org.apache.tomcat.util.net.NioEndpoint$NioSocketWrapper.doWrite(NioEndpoint.java:1419) ~[tomcat-embed-core-11.0.18.jar:11.0.18]
	at org.apache.tomcat.util.net.SocketWrapperBase.doWrite(SocketWrapperBase.java:747) ~[tomcat-embed-core-11.0.18.jar:11.0.18]
	at org.apache.tomcat.util.net.SocketWrapperBase.writeBlocking(SocketWrapperBase.java:587) ~[tomcat-embed-core-11.0.18.jar:11.0.18]
	at org.apache.tomcat.util.net.SocketWrapperBase.write(SocketWrapperBase.java:535) ~[tomcat-embed-core-11.0.18.jar:11.0.18]
	at org.apache.coyote.http11.Http11OutputBuffer$SocketOutputBuffer.doWrite(Http11OutputBuffer.java:537) ~[tomcat-embed-core-11.0.18.jar:11.0.18]
	at org.apache.coyote.http11.filters.ChunkedOutputFilter.doWrite(ChunkedOutputFilter.java:109) ~[tomcat-embed-core-11.0.18.jar:11.0.18]
	at org.apache.coyote.http11.Http11OutputBuffer.doWrite(Http11OutputBuffer.java:193) ~[tomcat-embed-core-11.0.18.jar:11.0.18]
	at org.apache.coyote.Response.doWrite(Response.java:633) ~[tomcat-embed-core-11.0.18.jar:11.0.18]
	at org.apache.catalina.connector.OutputBuffer.realWriteBytes(OutputBuffer.java:316) ~[tomcat-embed-core-11.0.18.jar:11.0.18]
	... 117 common frames omitted

2026-05-07T20:09:03.691+09:00  INFO 32280 --- [demo] [io-8081-exec-10] c.e.p.s.auth.FirebaseIdentityService     : [FirebaseTokenVerify] provider_verified_in_0ms
2026-05-07T20:09:04.004+09:00  INFO 32280 --- [demo] [nio-8081-exec-3] c.e.p.controller.auth.AuthController     : [LOGIN_ENDPOINT] /api/auth/login completed in 631ms
2026-05-07T20:09:04.009+09:00  INFO 32280 --- [demo] [nio-8081-exec-6] c.e.p.controller.auth.AuthController     : [LOGIN_ENDPOINT] /api/auth/login request received
2026-05-07T20:09:04.010+09:00  INFO 32280 --- [demo] [nio-8081-exec-6] c.e.pogun.service.auth.AuthService       : [LOGIN] loginOrSignUp started, token_length=521
2026-05-07T20:09:04.011+09:00  INFO 32280 --- [demo] [nio-8081-exec-6] c.e.p.s.auth.FirebaseIdentityService     : [FirebaseTokenVerify] provider_verified_in_1ms
2026-05-07T20:09:04.011+09:00  INFO 32280 --- [demo] [nio-8081-exec-6] c.e.pogun.service.auth.AuthService       : [LOGIN] Firebase token verified in 1ms
2026-05-07T20:09:04.018+09:00  INFO 32280 --- [demo] [nio-8081-exec-7] c.e.p.s.auth.FirebaseIdentityService     : [FirebaseTokenVerify] provider_verified_in_0ms
2026-05-07T20:09:04.227+09:00  INFO 32280 --- [demo] [nio-8081-exec-2] c.e.p.s.auth.FirebaseIdentityService     : [FirebaseTokenVerify] provider_verified_in_1ms
2026-05-07T20:09:04.233+09:00  INFO 32280 --- [demo] [nio-8081-exec-8] c.e.p.controller.auth.AuthController     : [LOGIN_ENDPOINT] /api/auth/login completed in 855ms
2026-05-07T20:09:04.235+09:00  INFO 32280 --- [demo] [nio-8081-exec-7] c.e.p.s.auth.FirebaseIdentityService     : [FirebaseTokenVerify] provider_verified_in_0ms
2026-05-07T20:09:04.594+09:00  INFO 32280 --- [demo] [nio-8081-exec-6] c.e.p.controller.auth.AuthController     : [LOGIN_ENDPOINT] /api/auth/login completed in 585ms
2026-05-07T20:09:04.597+09:00  INFO 32280 --- [demo] [nio-8081-exec-8] c.e.p.s.auth.FirebaseIdentityService     : [FirebaseTokenVerify] provider_verified_in_0ms
2026-05-07T20:09:04.605+09:00  INFO 32280 --- [demo] [nio-8081-exec-1] c.e.p.s.auth.FirebaseIdentityService     : [FirebaseTokenVerify] provider_verified_in_1ms
2026-05-07T20:09:04.900+09:00  INFO 32280 --- [demo] [nio-8081-exec-7] c.e.p.s.auth.FirebaseIdentityService     : [FirebaseTokenVerify] provider_verified_in_0ms
2026-05-07T20:09:05.446+09:00  WARN 32280 --- [demo] [ ws-heartbeat-1] org.hibernate.orm.query                  : HHH90003004: firstResult/maxResults specified with collection fetch; applying in memory
2026-05-07T20:09:06.631+09:00  INFO 32280 --- [demo] [nio-8081-exec-7] c.e.p.s.auth.FirebaseIdentityService     : [FirebaseTokenVerify] provider_verified_in_0ms
2026-05-07T20:09:06.632+09:00  INFO 32280 --- [demo] [nio-8081-exec-2] c.e.p.s.auth.FirebaseIdentityService     : [FirebaseTokenVerify] provider_verified_in_0ms
2026-05-07T20:09:07.026+09:00  INFO 32280 --- [demo] [nio-8081-exec-4] c.e.p.s.auth.FirebaseIdentityService     : [FirebaseTokenVerify] provider_verified_in_0ms
2026-05-07T20:09:07.131+09:00  INFO 32280 --- [demo] [io-8081-exec-10] c.e.p.s.auth.FirebaseIdentityService     : [FirebaseTokenVerify] provider_verified_in_0ms
2026-05-07T20:09:07.388+09:00  WARN 32280 --- [demo] [io-8081-exec-10] org.hibernate.orm.query                  : HHH90003004: firstResult/maxResults specified with collection fetch; applying in memory
2026-05-07T20:09:07.562+09:00  INFO 32280 --- [demo] [nio-8081-exec-6] c.e.p.c.NoticeChatWebSocketEventListener : [ws-event] disconnected uid=Y8rMFvMRjDEAYSQ84UMqLxoqjmML sessionId=691f2469-a939-967e-0d63-610d08a56985 closeStatus=CloseStatus[code=1000, reason=reconnect:focus]
2026-05-07T20:09:07.568+09:00  INFO 32280 --- [demo] [nio-8081-exec-2] c.e.p.s.auth.FirebaseIdentityService     : [FirebaseTokenVerify] provider_verified_in_0ms
2026-05-07T20:09:07.657+09:00  INFO 32280 --- [demo] [nio-8081-exec-6] c.e.p.service.user.UserPresenceService   : [presence] websocket disconnected uid=Y8rMFvMRjDEAYSQ84UMqLxoqjmML sessionId=691f2469-a939-967e-0d63-610d08a56985 globalConnectionState=connected
2026-05-07T20:09:08.173+09:00  INFO 32280 --- [demo] [nio-8081-exec-2] c.e.p.s.auth.FirebaseIdentityService     : [FirebaseTokenVerify] provider_verified_in_1ms
2026-05-07T20:09:08.462+09:00  INFO 32280 --- [demo] [nio-8081-exec-3] c.e.p.s.auth.FirebaseIdentityService     : [FirebaseTokenVerify] provider_verified_in_0ms
2026-05-07T20:09:08.492+09:00  INFO 32280 --- [demo] [io-8081-exec-10] c.e.p.s.auth.FirebaseIdentityService     : [FirebaseTokenVerify] provider_verified_in_0ms
2026-05-07T20:09:09.512+09:00  INFO 32280 --- [demo] [nio-8081-exec-8] c.e.p.s.auth.FirebaseIdentityService     : [FirebaseTokenVerify] provider_verified_in_0ms
2026-05-07T20:09:09.929+09:00  INFO 32280 --- [demo] [nio-8081-exec-2] c.e.p.s.auth.FirebaseIdentityService     : [FirebaseTokenVerify] provider_verified_in_1ms
2026-05-07T20:09:09.980+09:00  INFO 32280 --- [demo] [nio-8081-exec-6] c.e.p.s.auth.FirebaseIdentityService     : [FirebaseTokenVerify] provider_verified_in_0ms
2026-05-07T20:09:10.337+09:00  INFO 32280 --- [demo] [nio-8081-exec-9] c.e.p.s.auth.FirebaseIdentityService     : [FirebaseTokenVerify] provider_verified_in_0ms
2026-05-07T20:09:10.456+09:00  INFO 32280 --- [demo] [nio-8081-exec-8] c.e.p.s.auth.FirebaseIdentityService     : [FirebaseTokenVerify] provider_verified_in_0ms
2026-05-07T20:09:10.490+09:00  INFO 32280 --- [demo] [nio-8081-exec-3] c.e.p.s.auth.FirebaseIdentityService     : [FirebaseTokenVerify] provider_verified_in_0ms
2026-05-07T20:09:10.686+09:00  INFO 32280 --- [demo] [nio-8081-exec-7] c.e.p.s.auth.FirebaseIdentityService     : [FirebaseTokenVerify] provider_verified_in_1ms
2026-05-07T20:09:10.794+09:00  INFO 32280 --- [demo] [nio-8081-exec-2] c.e.p.s.auth.FirebaseIdentityService     : [FirebaseTokenVerify] provider_verified_in_0ms
2026-05-07T20:09:10.982+09:00  INFO 32280 --- [demo] [nio-8081-exec-1] c.e.p.s.auth.FirebaseIdentityService     : [FirebaseTokenVerify] provider_verified_in_0ms
2026-05-07T20:09:11.368+09:00  INFO 32280 --- [demo] [io-8081-exec-10] c.e.p.s.auth.FirebaseIdentityService     : [FirebaseTokenVerify] provider_verified_in_0ms
2026-05-07T20:09:11.435+09:00  INFO 32280 --- [demo] [nio-8081-exec-8] c.e.p.s.auth.FirebaseIdentityService     : [FirebaseTokenVerify] provider_verified_in_0ms
2026-05-07T20:09:11.671+09:00  INFO 32280 --- [demo] [nio-8081-exec-3] c.e.p.s.auth.FirebaseIdentityService     : [FirebaseTokenVerify] provider_verified_in_0ms
2026-05-07T20:09:11.936+09:00  INFO 32280 --- [demo] [nio-8081-exec-1] c.e.p.s.auth.FirebaseIdentityService     : [FirebaseTokenVerify] provider_verified_in_0ms
2026-05-07T20:09:12.907+09:00  INFO 32280 --- [demo] [nio-8081-exec-9] c.e.p.s.auth.FirebaseIdentityService     : [FirebaseTokenVerify] provider_verified_in_0ms
2026-05-07T20:09:12.940+09:00  INFO 32280 --- [demo] [nio-8081-exec-2] c.e.p.s.auth.FirebaseIdentityService     : [FirebaseTokenVerify] provider_verified_in_0ms
2026-05-07T20:09:13.352+09:00  WARN 32280 --- [demo] [ ws-heartbeat-1] org.hibernate.orm.query                  : HHH90003004: firstResult/maxResults specified with collection fetch; applying in memory
2026-05-07T20:09:13.380+09:00  INFO 32280 --- [demo] [io-8081-exec-10] c.e.p.s.auth.FirebaseIdentityService     : [FirebaseTokenVerify] provider_verified_in_0ms
2026-05-07T20:09:13.611+09:00  WARN 32280 --- [demo] [io-8081-exec-10] org.hibernate.orm.query                  : HHH90003004: firstResult/maxResults specified with collection fetch; applying in memory
2026-05-07T20:09:16.375+09:00  INFO 32280 --- [demo] [nio-8081-exec-9] c.e.p.s.auth.FirebaseIdentityService     : [FirebaseTokenVerify] provider_verified_in_0ms
2026-05-07T20:09:19.363+09:00  INFO 32280 --- [demo] [nio-8081-exec-5] c.e.p.s.auth.FirebaseIdentityService     : [FirebaseTokenVerify] provider_verified_in_0ms
2026-05-07T20:09:19.379+09:00  INFO 32280 --- [demo] [nio-8081-exec-2] c.e.p.s.auth.FirebaseIdentityService     : [FirebaseTokenVerify] provider_verified_in_1ms
2026-05-07T20:09:19.379+09:00  INFO 32280 --- [demo] [nio-8081-exec-8] c.e.p.s.auth.FirebaseIdentityService     : [FirebaseTokenVerify] provider_verified_in_0ms
2026-05-07T20:09:19.379+09:00  INFO 32280 --- [demo] [io-8081-exec-10] c.e.p.s.auth.FirebaseIdentityService     : [FirebaseTokenVerify] provider_verified_in_0ms
2026-05-07T20:09:19.696+09:00  INFO 32280 --- [demo] [nio-8081-exec-4] c.e.p.s.auth.FirebaseIdentityService     : [FirebaseTokenVerify] provider_verified_in_0ms
2026-05-07T20:09:21.315+09:00  INFO 32280 --- [demo] [nio-8081-exec-7] c.e.p.c.NoticeChatWebSocketEventListener : [ws-event] disconnected uid=Y8rMFvMRjDEAYSQ84UMqLxoqjmML sessionId=ebe9a216-32ab-4d87-cba9-88879588d077 closeStatus=CloseStatus[code=1001, reason=null]
2026-05-07T20:09:21.409+09:00  INFO 32280 --- [demo] [nio-8081-exec-7] c.e.p.service.user.UserPresenceService   : [presence] websocket disconnected uid=Y8rMFvMRjDEAYSQ84UMqLxoqjmML sessionId=ebe9a216-32ab-4d87-cba9-88879588d077 globalConnectionState=connected
2026-05-07T20:09:21.713+09:00 ERROR 32280 --- [demo] [nio-8081-exec-6] c.e.p.c.common.GlobalExceptionHandler    : Unhandled exception: 

org.springframework.http.converter.HttpMessageNotWritableException: Could not write JSON: ServletOutputStream failed to write: java.io.IOException: 현재 연결은 사용자의 호스트 시스템의 소프트웨어의 의해 중단되었습니다
	at org.springframework.http.converter.AbstractJacksonHttpMessageConverter.writeInternal(AbstractJacksonHttpMessageConverter.java:444) ~[spring-web-7.0.5.jar:7.0.5]
	at org.springframework.http.converter.AbstractSmartHttpMessageConverter.write(AbstractSmartHttpMessageConverter.java:116) ~[spring-web-7.0.5.jar:7.0.5]
	at org.springframework.web.servlet.mvc.method.annotation.AbstractMessageConverterMethodProcessor.writeWithMessageConverters(AbstractMessageConverterMethodProcessor.java:343) ~[spring-webmvc-7.0.5.jar:7.0.5]
	at org.springframework.web.servlet.mvc.method.annotation.HttpEntityMethodProcessor.handleReturnValue(HttpEntityMethodProcessor.java:261) ~[spring-webmvc-7.0.5.jar:7.0.5]
	at org.springframework.web.servlet.mvc.method.annotation.ResponseEntityReturnValueHandler.handleReturnValue(ResponseEntityReturnValueHandler.java:80) ~[spring-webmvc-7.0.5.jar:7.0.5]
	at org.springframework.web.method.support.HandlerMethodReturnValueHandlerComposite.handleReturnValue(HandlerMethodReturnValueHandlerComposite.java:78) ~[spring-web-7.0.5.jar:7.0.5]
	at org.springframework.web.servlet.mvc.method.annotation.ServletInvocableHandlerMethod.invokeAndHandle(ServletInvocableHandlerMethod.java:135) ~[spring-webmvc-7.0.5.jar:7.0.5]
	at org.springframework.web.servlet.mvc.method.annotation.RequestMappingHandlerAdapter.invokeHandlerMethod(RequestMappingHandlerAdapter.java:934) ~[spring-webmvc-7.0.5.jar:7.0.5]
	at org.springframework.web.servlet.mvc.method.annotation.RequestMappingHandlerAdapter.handleInternal(RequestMappingHandlerAdapter.java:853) ~[spring-webmvc-7.0.5.jar:7.0.5]
	at org.springframework.web.servlet.mvc.method.AbstractHandlerMethodAdapter.handle(AbstractHandlerMethodAdapter.java:86) ~[spring-webmvc-7.0.5.jar:7.0.5]
	at org.springframework.web.servlet.DispatcherServlet.doDispatch(DispatcherServlet.java:963) ~[spring-webmvc-7.0.5.jar:7.0.5]
	at org.springframework.web.servlet.DispatcherServlet.doService(DispatcherServlet.java:866) ~[spring-webmvc-7.0.5.jar:7.0.5]
	at org.springframework.web.servlet.FrameworkServlet.processRequest(FrameworkServlet.java:1000) ~[spring-webmvc-7.0.5.jar:7.0.5]
	at org.springframework.web.servlet.FrameworkServlet.doGet(FrameworkServlet.java:892) ~[spring-webmvc-7.0.5.jar:7.0.5]
	at jakarta.servlet.http.HttpServlet.service(HttpServlet.java:622) ~[tomcat-embed-core-11.0.18.jar:6.1]
	at org.springframework.web.servlet.FrameworkServlet.service(FrameworkServlet.java:874) ~[spring-webmvc-7.0.5.jar:7.0.5]
	at jakarta.servlet.http.HttpServlet.service(HttpServlet.java:710) ~[tomcat-embed-core-11.0.18.jar:6.1]
	at org.apache.catalina.core.ApplicationFilterChain.doFilter(ApplicationFilterChain.java:128) ~[tomcat-embed-core-11.0.18.jar:11.0.18]
	at org.apache.tomcat.websocket.server.WsFilter.doFilter(WsFilter.java:53) ~[tomcat-embed-websocket-11.0.18.jar:11.0.18]
	at org.apache.catalina.core.ApplicationFilterChain.doFilter(ApplicationFilterChain.java:107) ~[tomcat-embed-core-11.0.18.jar:11.0.18]
	at com.example.pogun.config.web.WebMvcConfig$Utf8JsonContentTypeFilter.doFilterInternal(WebMvcConfig.java:52) ~[main/:na]
	at org.springframework.web.filter.OncePerRequestFilter.doFilter(OncePerRequestFilter.java:116) ~[spring-web-7.0.5.jar:7.0.5]
	at org.apache.catalina.core.ApplicationFilterChain.doFilter(ApplicationFilterChain.java:107) ~[tomcat-embed-core-11.0.18.jar:11.0.18]
	at org.springframework.web.filter.OncePerRequestFilter.doFilter(OncePerRequestFilter.java:110) ~[spring-web-7.0.5.jar:7.0.5]
	at org.apache.catalina.core.ApplicationFilterChain.doFilter(ApplicationFilterChain.java:107) ~[tomcat-embed-core-11.0.18.jar:11.0.18]
	at org.springframework.web.filter.OncePerRequestFilter.doFilter(OncePerRequestFilter.java:110) ~[spring-web-7.0.5.jar:7.0.5]
	at org.apache.catalina.core.ApplicationFilterChain.doFilter(ApplicationFilterChain.java:107) ~[tomcat-embed-core-11.0.18.jar:11.0.18]
	at org.springframework.web.filter.OncePerRequestFilter.doFilter(OncePerRequestFilter.java:101) ~[spring-web-7.0.5.jar:7.0.5]
	at org.apache.catalina.core.ApplicationFilterChain.doFilter(ApplicationFilterChain.java:107) ~[tomcat-embed-core-11.0.18.jar:11.0.18]
	at org.springframework.web.filter.CompositeFilter$VirtualFilterChain.doFilter(CompositeFilter.java:108) ~[spring-web-7.0.5.jar:7.0.5]
	at org.springframework.security.web.FilterChainProxy.lambda$doFilterInternal$3(FilterChainProxy.java:235) ~[spring-security-web-7.0.3.jar:7.0.3]
	at org.springframework.security.web.FilterChainProxy$VirtualFilterChain.doFilter(FilterChainProxy.java:371) ~[spring-security-web-7.0.3.jar:7.0.3]
	at org.springframework.security.web.access.intercept.AuthorizationFilter.doFilter(AuthorizationFilter.java:101) ~[spring-security-web-7.0.3.jar:7.0.3]
	at org.springframework.security.web.FilterChainProxy$VirtualFilterChain.doFilter(FilterChainProxy.java:380) ~[spring-security-web-7.0.3.jar:7.0.3]
	at org.springframework.security.web.access.ExceptionTranslationFilter.doFilter(ExceptionTranslationFilter.java:126) ~[spring-security-web-7.0.3.jar:7.0.3]
	at org.springframework.security.web.access.ExceptionTranslationFilter.doFilter(ExceptionTranslationFilter.java:120) ~[spring-security-web-7.0.3.jar:7.0.3]
	at org.springframework.security.web.FilterChainProxy$VirtualFilterChain.doFilter(FilterChainProxy.java:380) ~[spring-security-web-7.0.3.jar:7.0.3]
	at org.springframework.security.web.session.SessionManagementFilter.doFilter(SessionManagementFilter.java:132) ~[spring-security-web-7.0.3.jar:7.0.3]
	at org.springframework.security.web.session.SessionManagementFilter.doFilter(SessionManagementFilter.java:86) ~[spring-security-web-7.0.3.jar:7.0.3]
	at org.springframework.security.web.FilterChainProxy$VirtualFilterChain.doFilter(FilterChainProxy.java:380) ~[spring-security-web-7.0.3.jar:7.0.3]
	at org.springframework.security.web.authentication.AnonymousAuthenticationFilter.doFilter(AnonymousAuthenticationFilter.java:100) ~[spring-security-web-7.0.3.jar:7.0.3]
	at org.springframework.security.web.FilterChainProxy$VirtualFilterChain.doFilter(FilterChainProxy.java:380) ~[spring-security-web-7.0.3.jar:7.0.3]
	at org.springframework.security.web.servletapi.SecurityContextHolderAwareRequestFilter.doFilter(SecurityContextHolderAwareRequestFilter.java:181) ~[spring-security-web-7.0.3.jar:7.0.3]
	at org.springframework.security.web.FilterChainProxy$VirtualFilterChain.doFilter(FilterChainProxy.java:380) ~[spring-security-web-7.0.3.jar:7.0.3]
	at org.springframework.security.web.savedrequest.RequestCacheAwareFilter.doFilter(RequestCacheAwareFilter.java:63) ~[spring-security-web-7.0.3.jar:7.0.3]
	at org.springframework.security.web.FilterChainProxy$VirtualFilterChain.doFilter(FilterChainProxy.java:380) ~[spring-security-web-7.0.3.jar:7.0.3]
	at com.example.pogun.config.FirebaseTokenFilter.doFilterInternal(FirebaseTokenFilter.java:42) ~[main/:na]
	at org.springframework.web.filter.OncePerRequestFilter.doFilter(OncePerRequestFilter.java:116) ~[spring-web-7.0.5.jar:7.0.5]
	at org.springframework.security.web.FilterChainProxy$VirtualFilterChain.doFilter(FilterChainProxy.java:380) ~[spring-security-web-7.0.3.jar:7.0.3]
	at com.example.pogun.config.AdminSessionAuthenticationFilter.doFilterInternal(AdminSessionAuthenticationFilter.java:95) ~[main/:na]
	at org.springframework.web.filter.OncePerRequestFilter.doFilter(OncePerRequestFilter.java:116) ~[spring-web-7.0.5.jar:7.0.5]
	at org.springframework.security.web.FilterChainProxy$VirtualFilterChain.doFilter(FilterChainProxy.java:380) ~[spring-security-web-7.0.3.jar:7.0.3]
	at org.springframework.security.web.authentication.logout.LogoutFilter.doFilter(LogoutFilter.java:110) ~[spring-security-web-7.0.3.jar:7.0.3]
	at org.springframework.security.web.authentication.logout.LogoutFilter.doFilter(LogoutFilter.java:96) ~[spring-security-web-7.0.3.jar:7.0.3]
	at org.springframework.security.web.FilterChainProxy$VirtualFilterChain.doFilter(FilterChainProxy.java:380) ~[spring-security-web-7.0.3.jar:7.0.3]
	at org.springframework.web.filter.CorsFilter.doFilterInternal(CorsFilter.java:91) ~[spring-web-7.0.5.jar:7.0.5]
	at org.springframework.web.filter.OncePerRequestFilter.doFilter(OncePerRequestFilter.java:116) ~[spring-web-7.0.5.jar:7.0.5]
	at org.springframework.security.web.FilterChainProxy$VirtualFilterChain.doFilter(FilterChainProxy.java:380) ~[spring-security-web-7.0.3.jar:7.0.3]
	at org.springframework.security.web.header.HeaderWriterFilter.doHeadersAfter(HeaderWriterFilter.java:90) ~[spring-security-web-7.0.3.jar:7.0.3]
	at org.springframework.security.web.header.HeaderWriterFilter.doFilterInternal(HeaderWriterFilter.java:75) ~[spring-security-web-7.0.3.jar:7.0.3]
	at org.springframework.web.filter.OncePerRequestFilter.doFilter(OncePerRequestFilter.java:116) ~[spring-web-7.0.5.jar:7.0.5]
	at org.springframework.security.web.FilterChainProxy$VirtualFilterChain.doFilter(FilterChainProxy.java:380) ~[spring-security-web-7.0.3.jar:7.0.3]
	at org.springframework.security.web.context.SecurityContextHolderFilter.doFilter(SecurityContextHolderFilter.java:82) ~[spring-security-web-7.0.3.jar:7.0.3]
	at org.springframework.security.web.context.SecurityContextHolderFilter.doFilter(SecurityContextHolderFilter.java:69) ~[spring-security-web-7.0.3.jar:7.0.3]
	at org.springframework.security.web.FilterChainProxy$VirtualFilterChain.doFilter(FilterChainProxy.java:380) ~[spring-security-web-7.0.3.jar:7.0.3]
	at org.springframework.security.web.context.request.async.WebAsyncManagerIntegrationFilter.doFilterInternal(WebAsyncManagerIntegrationFilter.java:62) ~[spring-security-web-7.0.3.jar:7.0.3]
	at org.springframework.web.filter.OncePerRequestFilter.doFilter(OncePerRequestFilter.java:116) ~[spring-web-7.0.5.jar:7.0.5]
	at org.springframework.security.web.FilterChainProxy$VirtualFilterChain.doFilter(FilterChainProxy.java:380) ~[spring-security-web-7.0.3.jar:7.0.3]
	at org.springframework.security.web.session.DisableEncodeUrlFilter.doFilterInternal(DisableEncodeUrlFilter.java:42) ~[spring-security-web-7.0.3.jar:7.0.3]
	at org.springframework.web.filter.OncePerRequestFilter.doFilter(OncePerRequestFilter.java:116) ~[spring-web-7.0.5.jar:7.0.5]
	at org.springframework.security.web.FilterChainProxy$VirtualFilterChain.doFilter(FilterChainProxy.java:380) ~[spring-security-web-7.0.3.jar:7.0.3]
	at org.springframework.security.web.FilterChainProxy.doFilterInternal(FilterChainProxy.java:237) ~[spring-security-web-7.0.3.jar:7.0.3]
	at org.springframework.security.web.FilterChainProxy.doFilter(FilterChainProxy.java:195) ~[spring-security-web-7.0.3.jar:7.0.3]
	at org.springframework.web.filter.CompositeFilter$VirtualFilterChain.doFilter(CompositeFilter.java:113) ~[spring-web-7.0.5.jar:7.0.5]
	at org.springframework.web.filter.ServletRequestPathFilter.doFilter(ServletRequestPathFilter.java:52) ~[spring-web-7.0.5.jar:7.0.5]
	at org.springframework.web.filter.CompositeFilter$VirtualFilterChain.doFilter(CompositeFilter.java:113) ~[spring-web-7.0.5.jar:7.0.5]
	at org.springframework.web.filter.CompositeFilter.doFilter(CompositeFilter.java:74) ~[spring-web-7.0.5.jar:7.0.5]
	at org.springframework.security.config.annotation.web.configuration.WebSecurityConfiguration$CompositeFilterChainProxy.doFilter(WebSecurityConfiguration.java:317) ~[spring-security-config-7.0.3.jar:7.0.3]
	at org.springframework.web.filter.DelegatingFilterProxy.invokeDelegate(DelegatingFilterProxy.java:355) ~[spring-web-7.0.5.jar:7.0.5]
	at org.springframework.web.filter.DelegatingFilterProxy.doFilter(DelegatingFilterProxy.java:272) ~[spring-web-7.0.5.jar:7.0.5]
	at org.apache.catalina.core.ApplicationFilterChain.doFilter(ApplicationFilterChain.java:107) ~[tomcat-embed-core-11.0.18.jar:11.0.18]
	at org.springframework.web.filter.RequestContextFilter.doFilterInternal(RequestContextFilter.java:100) ~[spring-web-7.0.5.jar:7.0.5]
	at org.springframework.web.filter.OncePerRequestFilter.doFilter(OncePerRequestFilter.java:116) ~[spring-web-7.0.5.jar:7.0.5]
	at org.apache.catalina.core.ApplicationFilterChain.doFilter(ApplicationFilterChain.java:107) ~[tomcat-embed-core-11.0.18.jar:11.0.18]
	at org.springframework.web.filter.FormContentFilter.doFilterInternal(FormContentFilter.java:93) ~[spring-web-7.0.5.jar:7.0.5]
	at org.springframework.web.filter.OncePerRequestFilter.doFilter(OncePerRequestFilter.java:116) ~[spring-web-7.0.5.jar:7.0.5]
	at org.apache.catalina.core.ApplicationFilterChain.doFilter(ApplicationFilterChain.java:107) ~[tomcat-embed-core-11.0.18.jar:11.0.18]
	at org.springframework.web.filter.CharacterEncodingFilter.doFilterInternal(CharacterEncodingFilter.java:199) ~[spring-web-7.0.5.jar:7.0.5]
	at org.springframework.web.filter.OncePerRequestFilter.doFilter(OncePerRequestFilter.java:116) ~[spring-web-7.0.5.jar:7.0.5]
	at org.apache.catalina.core.ApplicationFilterChain.doFilter(ApplicationFilterChain.java:107) ~[tomcat-embed-core-11.0.18.jar:11.0.18]
	at org.apache.catalina.core.StandardWrapperValve.invoke(StandardWrapperValve.java:165) ~[tomcat-embed-core-11.0.18.jar:11.0.18]
	at org.apache.catalina.core.StandardContextValve.invoke(StandardContextValve.java:77) ~[tomcat-embed-core-11.0.18.jar:11.0.18]
	at org.apache.catalina.authenticator.AuthenticatorBase.invoke(AuthenticatorBase.java:492) ~[tomcat-embed-core-11.0.18.jar:11.0.18]
	at org.apache.catalina.core.StandardHostValve.invoke(StandardHostValve.java:113) ~[tomcat-embed-core-11.0.18.jar:11.0.18]
	at org.apache.catalina.valves.ErrorReportValve.invoke(ErrorReportValve.java:83) ~[tomcat-embed-core-11.0.18.jar:11.0.18]
	at org.apache.catalina.core.StandardEngineValve.invoke(StandardEngineValve.java:72) ~[tomcat-embed-core-11.0.18.jar:11.0.18]
	at org.apache.catalina.connector.CoyoteAdapter.service(CoyoteAdapter.java:341) ~[tomcat-embed-core-11.0.18.jar:11.0.18]
	at org.apache.coyote.http11.Http11Processor.service(Http11Processor.java:397) ~[tomcat-embed-core-11.0.18.jar:11.0.18]
	at org.apache.coyote.AbstractProcessorLight.process(AbstractProcessorLight.java:63) ~[tomcat-embed-core-11.0.18.jar:11.0.18]
	at org.apache.coyote.AbstractProtocol$ConnectionHandler.process(AbstractProtocol.java:903) ~[tomcat-embed-core-11.0.18.jar:11.0.18]
	at org.apache.tomcat.util.net.NioEndpoint$SocketProcessor.doRun(NioEndpoint.java:1779) ~[tomcat-embed-core-11.0.18.jar:11.0.18]
	at org.apache.tomcat.util.net.SocketProcessorBase.run(SocketProcessorBase.java:52) ~[tomcat-embed-core-11.0.18.jar:11.0.18]
	at org.apache.tomcat.util.threads.ThreadPoolExecutor.runWorker(ThreadPoolExecutor.java:946) ~[tomcat-embed-core-11.0.18.jar:11.0.18]
	at org.apache.tomcat.util.threads.ThreadPoolExecutor$Worker.run(ThreadPoolExecutor.java:480) ~[tomcat-embed-core-11.0.18.jar:11.0.18]
	at org.apache.tomcat.util.threads.TaskThread$WrappingRunnable.run(TaskThread.java:57) ~[tomcat-embed-core-11.0.18.jar:11.0.18]
	at java.base/java.lang.Thread.run(Thread.java:842) ~[na:na]
Caused by: tools.jackson.core.exc.JacksonIOException: ServletOutputStream failed to write: java.io.IOException: 현재 연결은 사용자의 호스트 시스템의 소프트웨어의 의해 중단되었습니다
 at [No location information]
	at tools.jackson.core.exc.JacksonIOException.construct(JacksonIOException.java:39) ~[jackson-core-3.0.4.jar:3.0.4]
	at tools.jackson.core.JsonGenerator._wrapIOFailure(JsonGenerator.java:2476) ~[jackson-core-3.0.4.jar:3.0.4]
	at tools.jackson.core.json.UTF8JsonGenerator._flushBuffer(UTF8JsonGenerator.java:2343) ~[jackson-core-3.0.4.jar:3.0.4]
	at tools.jackson.core.json.UTF8JsonGenerator.flush(UTF8JsonGenerator.java:1235) ~[jackson-core-3.0.4.jar:3.0.4]
	at tools.jackson.databind.ObjectWriter.writeValue(ObjectWriter.java:975) ~[jackson-databind-3.0.4.jar:3.0.4]
	at org.springframework.http.converter.AbstractJacksonHttpMessageConverter.writeInternal(AbstractJacksonHttpMessageConverter.java:436) ~[spring-web-7.0.5.jar:7.0.5]
	... 105 common frames omitted
Caused by: org.springframework.web.context.request.async.AsyncRequestNotUsableException: ServletOutputStream failed to write: java.io.IOException: 현재 연결은 사용자의 호스트 시스템의 소프트웨어의 의해 중단되었습니다
	at org.springframework.web.context.request.async.StandardServletAsyncWebRequest$LifecycleHttpServletResponse.handleIOException(StandardServletAsyncWebRequest.java:340) ~[spring-web-7.0.5.jar:7.0.5]
	at org.springframework.web.context.request.async.StandardServletAsyncWebRequest$LifecycleServletOutputStream.write(StandardServletAsyncWebRequest.java:399) ~[spring-web-7.0.5.jar:7.0.5]
	at org.springframework.util.StreamUtils$NonClosingOutputStream.write(StreamUtils.java:284) ~[spring-core-7.0.5.jar:7.0.5]
	at tools.jackson.core.json.UTF8JsonGenerator._flushBuffer(UTF8JsonGenerator.java:2341) ~[jackson-core-3.0.4.jar:3.0.4]
	... 108 common frames omitted
Caused by: org.apache.catalina.connector.ClientAbortException: java.io.IOException: 현재 연결은 사용자의 호스트 시스템의 소프트웨어의 의해 중단되었습니다
	at org.apache.catalina.connector.OutputBuffer.realWriteBytes(OutputBuffer.java:328) ~[tomcat-embed-core-11.0.18.jar:11.0.18]
	at org.apache.catalina.connector.OutputBuffer.flushByteBuffer(OutputBuffer.java:764) ~[tomcat-embed-core-11.0.18.jar:11.0.18]
	at org.apache.catalina.connector.OutputBuffer.append(OutputBuffer.java:661) ~[tomcat-embed-core-11.0.18.jar:11.0.18]
	at org.apache.catalina.connector.OutputBuffer.writeBytes(OutputBuffer.java:363) ~[tomcat-embed-core-11.0.18.jar:11.0.18]
	at org.apache.catalina.connector.OutputBuffer.write(OutputBuffer.java:341) ~[tomcat-embed-core-11.0.18.jar:11.0.18]
	at org.apache.catalina.connector.CoyoteOutputStream.write(CoyoteOutputStream.java:99) ~[tomcat-embed-core-11.0.18.jar:11.0.18]
	at org.springframework.security.web.util.OnCommittedResponseWrapper$SaveContextServletOutputStream.write(OnCommittedResponseWrapper.java:639) ~[spring-security-web-7.0.3.jar:7.0.3]
	at org.springframework.web.context.request.async.StandardServletAsyncWebRequest$LifecycleServletOutputStream.write(StandardServletAsyncWebRequest.java:396) ~[spring-web-7.0.5.jar:7.0.5]
	... 110 common frames omitted
Caused by: java.io.IOException: 현재 연결은 사용자의 호스트 시스템의 소프트웨어의 의해 중단되었습니다
	at java.base/sun.nio.ch.SocketDispatcher.write0(Native Method) ~[na:na]
	at java.base/sun.nio.ch.SocketDispatcher.write(SocketDispatcher.java:54) ~[na:na]
	at java.base/sun.nio.ch.IOUtil.writeFromNativeBuffer(IOUtil.java:132) ~[na:na]
	at java.base/sun.nio.ch.IOUtil.write(IOUtil.java:97) ~[na:na]
	at java.base/sun.nio.ch.IOUtil.write(IOUtil.java:53) ~[na:na]
	at java.base/sun.nio.ch.SocketChannelImpl.write(SocketChannelImpl.java:532) ~[na:na]
	at org.apache.tomcat.util.net.NioChannel.write(NioChannel.java:129) ~[tomcat-embed-core-11.0.18.jar:11.0.18]
	at org.apache.tomcat.util.net.NioEndpoint$NioSocketWrapper.doWrite(NioEndpoint.java:1419) ~[tomcat-embed-core-11.0.18.jar:11.0.18]
	at org.apache.tomcat.util.net.SocketWrapperBase.doWrite(SocketWrapperBase.java:747) ~[tomcat-embed-core-11.0.18.jar:11.0.18]
	at org.apache.tomcat.util.net.SocketWrapperBase.writeBlocking(SocketWrapperBase.java:587) ~[tomcat-embed-core-11.0.18.jar:11.0.18]
	at org.apache.tomcat.util.net.SocketWrapperBase.write(SocketWrapperBase.java:535) ~[tomcat-embed-core-11.0.18.jar:11.0.18]
	at org.apache.coyote.http11.Http11OutputBuffer$SocketOutputBuffer.doWrite(Http11OutputBuffer.java:537) ~[tomcat-embed-core-11.0.18.jar:11.0.18]
	at org.apache.coyote.http11.filters.ChunkedOutputFilter.doWrite(ChunkedOutputFilter.java:109) ~[tomcat-embed-core-11.0.18.jar:11.0.18]
	at org.apache.coyote.http11.Http11OutputBuffer.doWrite(Http11OutputBuffer.java:193) ~[tomcat-embed-core-11.0.18.jar:11.0.18]
	at org.apache.coyote.Response.doWrite(Response.java:633) ~[tomcat-embed-core-11.0.18.jar:11.0.18]
	at org.apache.catalina.connector.OutputBuffer.realWriteBytes(OutputBuffer.java:316) ~[tomcat-embed-core-11.0.18.jar:11.0.18]
	... 117 common frames omitted

2026-05-07T20:09:22.255+09:00 ERROR 32280 --- [demo] [nio-8081-exec-9] c.e.p.c.common.GlobalExceptionHandler    : Unhandled exception: 

org.springframework.http.converter.HttpMessageNotWritableException: Could not write JSON: ServletOutputStream failed to write: java.io.IOException: 현재 연결은 사용자의 호스트 시스템의 소프트웨어의 의해 중단되었습니다
	at org.springframework.http.converter.AbstractJacksonHttpMessageConverter.writeInternal(AbstractJacksonHttpMessageConverter.java:444) ~[spring-web-7.0.5.jar:7.0.5]
	at org.springframework.http.converter.AbstractSmartHttpMessageConverter.write(AbstractSmartHttpMessageConverter.java:116) ~[spring-web-7.0.5.jar:7.0.5]
	at org.springframework.web.servlet.mvc.method.annotation.AbstractMessageConverterMethodProcessor.writeWithMessageConverters(AbstractMessageConverterMethodProcessor.java:343) ~[spring-webmvc-7.0.5.jar:7.0.5]
	at org.springframework.web.servlet.mvc.method.annotation.HttpEntityMethodProcessor.handleReturnValue(HttpEntityMethodProcessor.java:261) ~[spring-webmvc-7.0.5.jar:7.0.5]
	at org.springframework.web.servlet.mvc.method.annotation.ResponseEntityReturnValueHandler.handleReturnValue(ResponseEntityReturnValueHandler.java:80) ~[spring-webmvc-7.0.5.jar:7.0.5]
	at org.springframework.web.method.support.HandlerMethodReturnValueHandlerComposite.handleReturnValue(HandlerMethodReturnValueHandlerComposite.java:78) ~[spring-web-7.0.5.jar:7.0.5]
	at org.springframework.web.servlet.mvc.method.annotation.ServletInvocableHandlerMethod.invokeAndHandle(ServletInvocableHandlerMethod.java:135) ~[spring-webmvc-7.0.5.jar:7.0.5]
	at org.springframework.web.servlet.mvc.method.annotation.RequestMappingHandlerAdapter.invokeHandlerMethod(RequestMappingHandlerAdapter.java:934) ~[spring-webmvc-7.0.5.jar:7.0.5]
	at org.springframework.web.servlet.mvc.method.annotation.RequestMappingHandlerAdapter.handleInternal(RequestMappingHandlerAdapter.java:853) ~[spring-webmvc-7.0.5.jar:7.0.5]
	at org.springframework.web.servlet.mvc.method.AbstractHandlerMethodAdapter.handle(AbstractHandlerMethodAdapter.java:86) ~[spring-webmvc-7.0.5.jar:7.0.5]
	at org.springframework.web.servlet.DispatcherServlet.doDispatch(DispatcherServlet.java:963) ~[spring-webmvc-7.0.5.jar:7.0.5]
	at org.springframework.web.servlet.DispatcherServlet.doService(DispatcherServlet.java:866) ~[spring-webmvc-7.0.5.jar:7.0.5]
	at org.springframework.web.servlet.FrameworkServlet.processRequest(FrameworkServlet.java:1000) ~[spring-webmvc-7.0.5.jar:7.0.5]
	at org.springframework.web.servlet.FrameworkServlet.doGet(FrameworkServlet.java:892) ~[spring-webmvc-7.0.5.jar:7.0.5]
	at jakarta.servlet.http.HttpServlet.service(HttpServlet.java:622) ~[tomcat-embed-core-11.0.18.jar:6.1]
	at org.springframework.web.servlet.FrameworkServlet.service(FrameworkServlet.java:874) ~[spring-webmvc-7.0.5.jar:7.0.5]
	at jakarta.servlet.http.HttpServlet.service(HttpServlet.java:710) ~[tomcat-embed-core-11.0.18.jar:6.1]
	at org.apache.catalina.core.ApplicationFilterChain.doFilter(ApplicationFilterChain.java:128) ~[tomcat-embed-core-11.0.18.jar:11.0.18]
	at org.apache.tomcat.websocket.server.WsFilter.doFilter(WsFilter.java:53) ~[tomcat-embed-websocket-11.0.18.jar:11.0.18]
	at org.apache.catalina.core.ApplicationFilterChain.doFilter(ApplicationFilterChain.java:107) ~[tomcat-embed-core-11.0.18.jar:11.0.18]
	at com.example.pogun.config.web.WebMvcConfig$Utf8JsonContentTypeFilter.doFilterInternal(WebMvcConfig.java:52) ~[main/:na]
	at org.springframework.web.filter.OncePerRequestFilter.doFilter(OncePerRequestFilter.java:116) ~[spring-web-7.0.5.jar:7.0.5]
	at org.apache.catalina.core.ApplicationFilterChain.doFilter(ApplicationFilterChain.java:107) ~[tomcat-embed-core-11.0.18.jar:11.0.18]
	at org.springframework.web.filter.OncePerRequestFilter.doFilter(OncePerRequestFilter.java:110) ~[spring-web-7.0.5.jar:7.0.5]
	at org.apache.catalina.core.ApplicationFilterChain.doFilter(ApplicationFilterChain.java:107) ~[tomcat-embed-core-11.0.18.jar:11.0.18]
	at org.springframework.web.filter.OncePerRequestFilter.doFilter(OncePerRequestFilter.java:101) ~[spring-web-7.0.5.jar:7.0.5]
	at org.apache.catalina.core.ApplicationFilterChain.doFilter(ApplicationFilterChain.java:107) ~[tomcat-embed-core-11.0.18.jar:11.0.18]
	at com.example.pogun.config.web.AdminTrafficLogFilter.doFilterInternal(AdminTrafficLogFilter.java:33) ~[main/:na]
	at org.springframework.web.filter.OncePerRequestFilter.doFilter(OncePerRequestFilter.java:116) ~[spring-web-7.0.5.jar:7.0.5]
	at org.apache.catalina.core.ApplicationFilterChain.doFilter(ApplicationFilterChain.java:107) ~[tomcat-embed-core-11.0.18.jar:11.0.18]
	at org.springframework.web.filter.CompositeFilter$VirtualFilterChain.doFilter(CompositeFilter.java:108) ~[spring-web-7.0.5.jar:7.0.5]
	at org.springframework.security.web.FilterChainProxy.lambda$doFilterInternal$3(FilterChainProxy.java:235) ~[spring-security-web-7.0.3.jar:7.0.3]
	at org.springframework.security.web.FilterChainProxy$VirtualFilterChain.doFilter(FilterChainProxy.java:371) ~[spring-security-web-7.0.3.jar:7.0.3]
	at org.springframework.security.web.access.intercept.AuthorizationFilter.doFilter(AuthorizationFilter.java:101) ~[spring-security-web-7.0.3.jar:7.0.3]
	at org.springframework.security.web.FilterChainProxy$VirtualFilterChain.doFilter(FilterChainProxy.java:380) ~[spring-security-web-7.0.3.jar:7.0.3]
	at org.springframework.security.web.access.ExceptionTranslationFilter.doFilter(ExceptionTranslationFilter.java:126) ~[spring-security-web-7.0.3.jar:7.0.3]
	at org.springframework.security.web.access.ExceptionTranslationFilter.doFilter(ExceptionTranslationFilter.java:120) ~[spring-security-web-7.0.3.jar:7.0.3]
	at org.springframework.security.web.FilterChainProxy$VirtualFilterChain.doFilter(FilterChainProxy.java:380) ~[spring-security-web-7.0.3.jar:7.0.3]
	at org.springframework.security.web.session.SessionManagementFilter.doFilter(SessionManagementFilter.java:132) ~[spring-security-web-7.0.3.jar:7.0.3]
	at org.springframework.security.web.session.SessionManagementFilter.doFilter(SessionManagementFilter.java:86) ~[spring-security-web-7.0.3.jar:7.0.3]
	at org.springframework.security.web.FilterChainProxy$VirtualFilterChain.doFilter(FilterChainProxy.java:380) ~[spring-security-web-7.0.3.jar:7.0.3]
	at org.springframework.security.web.authentication.AnonymousAuthenticationFilter.doFilter(AnonymousAuthenticationFilter.java:100) ~[spring-security-web-7.0.3.jar:7.0.3]
	at org.springframework.security.web.FilterChainProxy$VirtualFilterChain.doFilter(FilterChainProxy.java:380) ~[spring-security-web-7.0.3.jar:7.0.3]
	at org.springframework.security.web.servletapi.SecurityContextHolderAwareRequestFilter.doFilter(SecurityContextHolderAwareRequestFilter.java:181) ~[spring-security-web-7.0.3.jar:7.0.3]
	at org.springframework.security.web.FilterChainProxy$VirtualFilterChain.doFilter(FilterChainProxy.java:380) ~[spring-security-web-7.0.3.jar:7.0.3]
	at org.springframework.security.web.savedrequest.RequestCacheAwareFilter.doFilter(RequestCacheAwareFilter.java:63) ~[spring-security-web-7.0.3.jar:7.0.3]
	at org.springframework.security.web.FilterChainProxy$VirtualFilterChain.doFilter(FilterChainProxy.java:380) ~[spring-security-web-7.0.3.jar:7.0.3]
	at com.example.pogun.config.FirebaseTokenFilter.doFilterInternal(FirebaseTokenFilter.java:101) ~[main/:na]
	at org.springframework.web.filter.OncePerRequestFilter.doFilter(OncePerRequestFilter.java:116) ~[spring-web-7.0.5.jar:7.0.5]
	at org.springframework.security.web.FilterChainProxy$VirtualFilterChain.doFilter(FilterChainProxy.java:380) ~[spring-security-web-7.0.3.jar:7.0.3]
	at org.springframework.web.filter.OncePerRequestFilter.doFilter(OncePerRequestFilter.java:101) ~[spring-web-7.0.5.jar:7.0.5]
	at org.springframework.security.web.FilterChainProxy$VirtualFilterChain.doFilter(FilterChainProxy.java:380) ~[spring-security-web-7.0.3.jar:7.0.3]
	at org.springframework.security.web.authentication.logout.LogoutFilter.doFilter(LogoutFilter.java:110) ~[spring-security-web-7.0.3.jar:7.0.3]
	at org.springframework.security.web.authentication.logout.LogoutFilter.doFilter(LogoutFilter.java:96) ~[spring-security-web-7.0.3.jar:7.0.3]
	at org.springframework.security.web.FilterChainProxy$VirtualFilterChain.doFilter(FilterChainProxy.java:380) ~[spring-security-web-7.0.3.jar:7.0.3]
	at org.springframework.web.filter.CorsFilter.doFilterInternal(CorsFilter.java:91) ~[spring-web-7.0.5.jar:7.0.5]
	at org.springframework.web.filter.OncePerRequestFilter.doFilter(OncePerRequestFilter.java:116) ~[spring-web-7.0.5.jar:7.0.5]
	at org.springframework.security.web.FilterChainProxy$VirtualFilterChain.doFilter(FilterChainProxy.java:380) ~[spring-security-web-7.0.3.jar:7.0.3]
	at org.springframework.security.web.header.HeaderWriterFilter.doHeadersAfter(HeaderWriterFilter.java:90) ~[spring-security-web-7.0.3.jar:7.0.3]
	at org.springframework.security.web.header.HeaderWriterFilter.doFilterInternal(HeaderWriterFilter.java:75) ~[spring-security-web-7.0.3.jar:7.0.3]
	at org.springframework.web.filter.OncePerRequestFilter.doFilter(OncePerRequestFilter.java:116) ~[spring-web-7.0.5.jar:7.0.5]
	at org.springframework.security.web.FilterChainProxy$VirtualFilterChain.doFilter(FilterChainProxy.java:380) ~[spring-security-web-7.0.3.jar:7.0.3]
	at org.springframework.security.web.context.SecurityContextHolderFilter.doFilter(SecurityContextHolderFilter.java:82) ~[spring-security-web-7.0.3.jar:7.0.3]
	at org.springframework.security.web.context.SecurityContextHolderFilter.doFilter(SecurityContextHolderFilter.java:69) ~[spring-security-web-7.0.3.jar:7.0.3]
	at org.springframework.security.web.FilterChainProxy$VirtualFilterChain.doFilter(FilterChainProxy.java:380) ~[spring-security-web-7.0.3.jar:7.0.3]
	at org.springframework.security.web.context.request.async.WebAsyncManagerIntegrationFilter.doFilterInternal(WebAsyncManagerIntegrationFilter.java:62) ~[spring-security-web-7.0.3.jar:7.0.3]
	at org.springframework.web.filter.OncePerRequestFilter.doFilter(OncePerRequestFilter.java:116) ~[spring-web-7.0.5.jar:7.0.5]
	at org.springframework.security.web.FilterChainProxy$VirtualFilterChain.doFilter(FilterChainProxy.java:380) ~[spring-security-web-7.0.3.jar:7.0.3]
	at org.springframework.security.web.session.DisableEncodeUrlFilter.doFilterInternal(DisableEncodeUrlFilter.java:42) ~[spring-security-web-7.0.3.jar:7.0.3]
	at org.springframework.web.filter.OncePerRequestFilter.doFilter(OncePerRequestFilter.java:116) ~[spring-web-7.0.5.jar:7.0.5]
	at org.springframework.security.web.FilterChainProxy$VirtualFilterChain.doFilter(FilterChainProxy.java:380) ~[spring-security-web-7.0.3.jar:7.0.3]
	at org.springframework.security.web.FilterChainProxy.doFilterInternal(FilterChainProxy.java:237) ~[spring-security-web-7.0.3.jar:7.0.3]
	at org.springframework.security.web.FilterChainProxy.doFilter(FilterChainProxy.java:195) ~[spring-security-web-7.0.3.jar:7.0.3]
	at org.springframework.web.filter.CompositeFilter$VirtualFilterChain.doFilter(CompositeFilter.java:113) ~[spring-web-7.0.5.jar:7.0.5]
	at org.springframework.web.filter.ServletRequestPathFilter.doFilter(ServletRequestPathFilter.java:52) ~[spring-web-7.0.5.jar:7.0.5]
	at org.springframework.web.filter.CompositeFilter$VirtualFilterChain.doFilter(CompositeFilter.java:113) ~[spring-web-7.0.5.jar:7.0.5]
	at org.springframework.web.filter.CompositeFilter.doFilter(CompositeFilter.java:74) ~[spring-web-7.0.5.jar:7.0.5]
	at org.springframework.security.config.annotation.web.configuration.WebSecurityConfiguration$CompositeFilterChainProxy.doFilter(WebSecurityConfiguration.java:317) ~[spring-security-config-7.0.3.jar:7.0.3]
	at org.springframework.web.filter.DelegatingFilterProxy.invokeDelegate(DelegatingFilterProxy.java:355) ~[spring-web-7.0.5.jar:7.0.5]
	at org.springframework.web.filter.DelegatingFilterProxy.doFilter(DelegatingFilterProxy.java:272) ~[spring-web-7.0.5.jar:7.0.5]
	at org.apache.catalina.core.ApplicationFilterChain.doFilter(ApplicationFilterChain.java:107) ~[tomcat-embed-core-11.0.18.jar:11.0.18]
	at org.springframework.web.filter.RequestContextFilter.doFilterInternal(RequestContextFilter.java:100) ~[spring-web-7.0.5.jar:7.0.5]
	at org.springframework.web.filter.OncePerRequestFilter.doFilter(OncePerRequestFilter.java:116) ~[spring-web-7.0.5.jar:7.0.5]
	at org.apache.catalina.core.ApplicationFilterChain.doFilter(ApplicationFilterChain.java:107) ~[tomcat-embed-core-11.0.18.jar:11.0.18]
	at org.springframework.web.filter.FormContentFilter.doFilterInternal(FormContentFilter.java:93) ~[spring-web-7.0.5.jar:7.0.5]
	at org.springframework.web.filter.OncePerRequestFilter.doFilter(OncePerRequestFilter.java:116) ~[spring-web-7.0.5.jar:7.0.5]
	at org.apache.catalina.core.ApplicationFilterChain.doFilter(ApplicationFilterChain.java:107) ~[tomcat-embed-core-11.0.18.jar:11.0.18]
	at org.springframework.web.filter.CharacterEncodingFilter.doFilterInternal(CharacterEncodingFilter.java:199) ~[spring-web-7.0.5.jar:7.0.5]
	at org.springframework.web.filter.OncePerRequestFilter.doFilter(OncePerRequestFilter.java:116) ~[spring-web-7.0.5.jar:7.0.5]
	at org.apache.catalina.core.ApplicationFilterChain.doFilter(ApplicationFilterChain.java:107) ~[tomcat-embed-core-11.0.18.jar:11.0.18]
	at org.apache.catalina.core.StandardWrapperValve.invoke(StandardWrapperValve.java:165) ~[tomcat-embed-core-11.0.18.jar:11.0.18]
	at org.apache.catalina.core.StandardContextValve.invoke(StandardContextValve.java:77) ~[tomcat-embed-core-11.0.18.jar:11.0.18]
	at org.apache.catalina.authenticator.AuthenticatorBase.invoke(AuthenticatorBase.java:492) ~[tomcat-embed-core-11.0.18.jar:11.0.18]
	at org.apache.catalina.core.StandardHostValve.invoke(StandardHostValve.java:113) ~[tomcat-embed-core-11.0.18.jar:11.0.18]
	at org.apache.catalina.valves.ErrorReportValve.invoke(ErrorReportValve.java:83) ~[tomcat-embed-core-11.0.18.jar:11.0.18]
	at org.apache.catalina.core.StandardEngineValve.invoke(StandardEngineValve.java:72) ~[tomcat-embed-core-11.0.18.jar:11.0.18]
	at org.apache.catalina.connector.CoyoteAdapter.service(CoyoteAdapter.java:341) ~[tomcat-embed-core-11.0.18.jar:11.0.18]
	at org.apache.coyote.http11.Http11Processor.service(Http11Processor.java:397) ~[tomcat-embed-core-11.0.18.jar:11.0.18]
	at org.apache.coyote.AbstractProcessorLight.process(AbstractProcessorLight.java:63) ~[tomcat-embed-core-11.0.18.jar:11.0.18]
	at org.apache.coyote.AbstractProtocol$ConnectionHandler.process(AbstractProtocol.java:903) ~[tomcat-embed-core-11.0.18.jar:11.0.18]
	at org.apache.tomcat.util.net.NioEndpoint$SocketProcessor.doRun(NioEndpoint.java:1779) ~[tomcat-embed-core-11.0.18.jar:11.0.18]
	at org.apache.tomcat.util.net.SocketProcessorBase.run(SocketProcessorBase.java:52) ~[tomcat-embed-core-11.0.18.jar:11.0.18]
	at org.apache.tomcat.util.threads.ThreadPoolExecutor.runWorker(ThreadPoolExecutor.java:946) ~[tomcat-embed-core-11.0.18.jar:11.0.18]
	at org.apache.tomcat.util.threads.ThreadPoolExecutor$Worker.run(ThreadPoolExecutor.java:480) ~[tomcat-embed-core-11.0.18.jar:11.0.18]
	at org.apache.tomcat.util.threads.TaskThread$WrappingRunnable.run(TaskThread.java:57) ~[tomcat-embed-core-11.0.18.jar:11.0.18]
	at java.base/java.lang.Thread.run(Thread.java:842) ~[na:na]
Caused by: tools.jackson.core.exc.JacksonIOException: ServletOutputStream failed to write: java.io.IOException: 현재 연결은 사용자의 호스트 시스템의 소프트웨어의 의해 중단되었습니다
 at [No location information]
	at tools.jackson.core.exc.JacksonIOException.construct(JacksonIOException.java:39) ~[jackson-core-3.0.4.jar:3.0.4]
	at tools.jackson.core.JsonGenerator._wrapIOFailure(JsonGenerator.java:2476) ~[jackson-core-3.0.4.jar:3.0.4]
	at tools.jackson.core.json.UTF8JsonGenerator._flushBuffer(UTF8JsonGenerator.java:2343) ~[jackson-core-3.0.4.jar:3.0.4]
	at tools.jackson.core.json.UTF8JsonGenerator.flush(UTF8JsonGenerator.java:1235) ~[jackson-core-3.0.4.jar:3.0.4]
	at tools.jackson.databind.ObjectWriter.writeValue(ObjectWriter.java:975) ~[jackson-databind-3.0.4.jar:3.0.4]
	at org.springframework.http.converter.AbstractJacksonHttpMessageConverter.writeInternal(AbstractJacksonHttpMessageConverter.java:436) ~[spring-web-7.0.5.jar:7.0.5]
	... 105 common frames omitted
Caused by: org.springframework.web.context.request.async.AsyncRequestNotUsableException: ServletOutputStream failed to write: java.io.IOException: 현재 연결은 사용자의 호스트 시스템의 소프트웨어의 의해 중단되었습니다
	at org.springframework.web.context.request.async.StandardServletAsyncWebRequest$LifecycleHttpServletResponse.handleIOException(StandardServletAsyncWebRequest.java:340) ~[spring-web-7.0.5.jar:7.0.5]
	at org.springframework.web.context.request.async.StandardServletAsyncWebRequest$LifecycleServletOutputStream.write(StandardServletAsyncWebRequest.java:399) ~[spring-web-7.0.5.jar:7.0.5]
	at org.springframework.util.StreamUtils$NonClosingOutputStream.write(StreamUtils.java:284) ~[spring-core-7.0.5.jar:7.0.5]
	at tools.jackson.core.json.UTF8JsonGenerator._flushBuffer(UTF8JsonGenerator.java:2341) ~[jackson-core-3.0.4.jar:3.0.4]
	... 108 common frames omitted
Caused by: org.apache.catalina.connector.ClientAbortException: java.io.IOException: 현재 연결은 사용자의 호스트 시스템의 소프트웨어의 의해 중단되었습니다
	at org.apache.catalina.connector.OutputBuffer.realWriteBytes(OutputBuffer.java:328) ~[tomcat-embed-core-11.0.18.jar:11.0.18]
	at org.apache.catalina.connector.OutputBuffer.flushByteBuffer(OutputBuffer.java:764) ~[tomcat-embed-core-11.0.18.jar:11.0.18]
	at org.apache.catalina.connector.OutputBuffer.append(OutputBuffer.java:661) ~[tomcat-embed-core-11.0.18.jar:11.0.18]
	at org.apache.catalina.connector.OutputBuffer.writeBytes(OutputBuffer.java:363) ~[tomcat-embed-core-11.0.18.jar:11.0.18]
	at org.apache.catalina.connector.OutputBuffer.write(OutputBuffer.java:341) ~[tomcat-embed-core-11.0.18.jar:11.0.18]
	at org.apache.catalina.connector.CoyoteOutputStream.write(CoyoteOutputStream.java:99) ~[tomcat-embed-core-11.0.18.jar:11.0.18]
	at org.springframework.security.web.util.OnCommittedResponseWrapper$SaveContextServletOutputStream.write(OnCommittedResponseWrapper.java:639) ~[spring-security-web-7.0.3.jar:7.0.3]
	at org.springframework.web.context.request.async.StandardServletAsyncWebRequest$LifecycleServletOutputStream.write(StandardServletAsyncWebRequest.java:396) ~[spring-web-7.0.5.jar:7.0.5]
	... 110 common frames omitted
Caused by: java.io.IOException: 현재 연결은 사용자의 호스트 시스템의 소프트웨어의 의해 중단되었습니다
	at java.base/sun.nio.ch.SocketDispatcher.write0(Native Method) ~[na:na]
	at java.base/sun.nio.ch.SocketDispatcher.write(SocketDispatcher.java:54) ~[na:na]
	at java.base/sun.nio.ch.IOUtil.writeFromNativeBuffer(IOUtil.java:132) ~[na:na]
	at java.base/sun.nio.ch.IOUtil.write(IOUtil.java:97) ~[na:na]
	at java.base/sun.nio.ch.IOUtil.write(IOUtil.java:53) ~[na:na]
	at java.base/sun.nio.ch.SocketChannelImpl.write(SocketChannelImpl.java:532) ~[na:na]
	at org.apache.tomcat.util.net.NioChannel.write(NioChannel.java:129) ~[tomcat-embed-core-11.0.18.jar:11.0.18]
	at org.apache.tomcat.util.net.NioEndpoint$NioSocketWrapper.doWrite(NioEndpoint.java:1419) ~[tomcat-embed-core-11.0.18.jar:11.0.18]
	at org.apache.tomcat.util.net.SocketWrapperBase.doWrite(SocketWrapperBase.java:747) ~[tomcat-embed-core-11.0.18.jar:11.0.18]
	at org.apache.tomcat.util.net.SocketWrapperBase.writeBlocking(SocketWrapperBase.java:587) ~[tomcat-embed-core-11.0.18.jar:11.0.18]
	at org.apache.tomcat.util.net.SocketWrapperBase.write(SocketWrapperBase.java:535) ~[tomcat-embed-core-11.0.18.jar:11.0.18]
	at org.apache.coyote.http11.Http11OutputBuffer$SocketOutputBuffer.doWrite(Http11OutputBuffer.java:537) ~[tomcat-embed-core-11.0.18.jar:11.0.18]
	at org.apache.coyote.http11.filters.ChunkedOutputFilter.doWrite(ChunkedOutputFilter.java:109) ~[tomcat-embed-core-11.0.18.jar:11.0.18]
	at org.apache.coyote.http11.Http11OutputBuffer.doWrite(Http11OutputBuffer.java:193) ~[tomcat-embed-core-11.0.18.jar:11.0.18]
	at org.apache.coyote.Response.doWrite(Response.java:633) ~[tomcat-embed-core-11.0.18.jar:11.0.18]
	at org.apache.catalina.connector.OutputBuffer.realWriteBytes(OutputBuffer.java:316) ~[tomcat-embed-core-11.0.18.jar:11.0.18]
	... 117 common frames omitted

2026-05-07T20:09:40.257+09:00  INFO 32280 --- [demo] [pool-5-thread-1] c.e.p.service.user.UserPresenceService   : [presence] stale global session pruned uid=Y8rMFvMRjDEAYSQ84UMqLxoqjmML -> disconnected
2026-05-07T20:09:40.258+09:00  INFO 32280 --- [demo] [pool-5-thread-1] .e.p.s.p.PresenceReconciliationScheduler : [presence] reconciled stale/disconnected uid=Y8rMFvMRjDEAYSQ84UMqLxoqjmML -> broadcast
thread 30: client disconnection detected, canceling the build

FAILURE: Build failed with an exception.

* What went wrong:
Execution failed for task ':bootRun'.
> Build cancelled while executing task ':bootRun'

* Try:
> Run with --stacktrace option to get the stack trace.
> Run with --info or --debug option to get more log output.
> Run with --scan to get full insights.
> Get more help at https://help.gradle.org.

BUILD FAILED in 18m 33s
4 actionable tasks: 3 executed, 1 up-to-date
2026-05-07T20:15:38.377+0900 [DEBUG] [org.gradle.launcher.daemon.server.exec.ExecuteBuild] The daemon has finished executing the build.
2026-05-07T20:15:38.394+0900 [DEBUG] [org.gradle.launcher.daemon.server.DaemonStateCoordinator] Cancel: daemon is busy, sleeping until state changes.
2026-05-07T20:15:38.395+0900 [DEBUG] [org.gradle.launcher.daemon.server.DaemonStateCoordinator] Command execution: finished waiting for DaemonCommandExecution[command = Build{id=1e0a1e19-d0bd-41d2-98c4-8aeb6fb3fa68, currentDir=D:\Codes\Pogun_Back}, connection = DefaultDaemonConnection: socket connection from /127.0.0.1:60726 to /127.0.0.1:60727]. Result org.gradle.launcher.daemon.server.DaemonStateCoordinator@61bf6152 with state Canceled
2026-05-07T20:15:38.395+0900 [DEBUG] [org.gradle.launcher.daemon.server.DaemonStateCoordinator] Command execution: completed DaemonCommandExecution[command = Build{id=1e0a1e19-d0bd-41d2-98c4-8aeb6fb3fa68, currentDir=D:\Codes\Pogun_Back}, connection = DefaultDaemonConnection: socket connection from /127.0.0.1:60726 to /127.0.0.1:60727]
2026-05-07T20:15:38.396+0900 [DEBUG] [org.gradle.launcher.daemon.server.DaemonStateCoordinator] resetting idle timer
2026-05-07T20:15:38.396+0900 [INFO] [org.gradle.launcher.daemon.server.DaemonRegistryUpdater] Marking the daemon as idle, address: [2d2e04c4-409f-4478-b61d-78f10f300b0c port:60726, addresses:[localhost/127.0.0.1]]
2026-05-07T20:15:38.397+0900 [DEBUG] [org.gradle.launcher.daemon.registry.PersistentDaemonRegistry] Marking busy by address: [2d2e04c4-409f-4478-b61d-78f10f300b0c port:60726, addresses:[localhost/127.0.0.1]]
2026-05-07T20:15:38.399+0900 [DEBUG] [org.gradle.cache.internal.DefaultFileLockManager] Waiting to acquire exclusive lock on daemon addresses registry.
2026-05-07T20:15:38.401+0900 [DEBUG] [org.gradle.cache.internal.DefaultFileLockManager] Lock acquired on daemon addresses registry.
2026-05-07T20:15:38.404+0900 [DEBUG] [org.gradle.cache.internal.DefaultFileLockManager] Releasing lock on daemon addresses registry.
2026-05-07T20:15:38.405+0900 [DEBUG] [org.gradle.launcher.daemon.server.DaemonStateCoordinator] Cancel: daemon is idle now.
2026-05-07T20:15:38.405+0900 [DEBUG] [org.gradle.launcher.daemon.server.DaemonStateCoordinator] daemon is running. Sleeping until state changes.
2026-05-07T20:15:38.405+0900 [DEBUG] [org.gradle.launcher.daemon.server.exec.ReturnResult] Daemon is dispatching the build result: Success[value=org.gradle.launcher.exec.BuildActionResult@5c3392ad]
2026-05-07T20:15:38.406+0900 [DEBUG] [org.gradle.launcher.daemon.server.SynchronizedDispatchConnection] thread 29: dispatching Success[value=org.gradle.launcher.exec.BuildActionResult@5c3392ad]
2026-05-07T20:15:38.448+0900 [DEBUG] [org.gradle.launcher.daemon.server.exec.CleanUpVirtualFileSystemAfterBuild] Cleaning virtual file system after build finished
2026-05-07T20:15:38.449+0900 [WARN] [org.gradle.launcher.daemon.server.DefaultIncomingConnectionHandler] Unable to execute command Build{id=1e0a1e19-d0bd-41d2-98c4-8aeb6fb3fa68, currentDir=D:\Codes\Pogun_Back} from socket connection from /127.0.0.1:60726 to /127.0.0.1:60727. Dispatching the failure to the daemon client
org.gradle.internal.remote.internal.MessageIOException: Could not write message Success[value=org.gradle.launcher.exec.BuildActionResult@5c3392ad] to '/127.0.0.1:60727'.
	at org.gradle.internal.remote.internal.inet.SocketConnection.dispatch(SocketConnection.java:132)
	at org.gradle.launcher.daemon.server.SynchronizedDispatchConnection.dispatchAndFlush(SynchronizedDispatchConnection.java:56)
	at org.gradle.launcher.daemon.server.DefaultDaemonConnection.completed(DefaultDaemonConnection.java:150)
	at org.gradle.launcher.daemon.server.exec.ReturnResult.execute(ReturnResult.java:41)
	at org.gradle.launcher.daemon.server.api.DaemonCommandExecution.proceed(DaemonCommandExecution.java:104)
	at org.gradle.launcher.daemon.server.exec.CleanUpVirtualFileSystemAfterBuild.doBuild(CleanUpVirtualFileSystemAfterBuild.java:58)
	at org.gradle.launcher.daemon.server.exec.BuildCommandOnly.execute(BuildCommandOnly.java:37)
	at org.gradle.launcher.daemon.server.api.DaemonCommandExecution.proceed(DaemonCommandExecution.java:104)
	at org.gradle.launcher.daemon.server.api.HandleReportStatus.execute(HandleReportStatus.java:35)
	at org.gradle.launcher.daemon.server.api.DaemonCommandExecution.proceed(DaemonCommandExecution.java:104)
	at org.gradle.launcher.daemon.server.exec.HandleCancel.execute(HandleCancel.java:39)
	at org.gradle.launcher.daemon.server.api.DaemonCommandExecution.proceed(DaemonCommandExecution.java:104)
	at org.gradle.launcher.daemon.server.api.HandleInvalidateVirtualFileSystem.execute(HandleInvalidateVirtualFileSystem.java:46)
	at org.gradle.launcher.daemon.server.api.DaemonCommandExecution.proceed(DaemonCommandExecution.java:104)
	at org.gradle.launcher.daemon.server.api.HandleStop.execute(HandleStop.java:46)
	at org.gradle.launcher.daemon.server.api.DaemonCommandExecution.proceed(DaemonCommandExecution.java:104)
	at org.gradle.launcher.daemon.server.exec.DaemonCommandExecuter.executeCommand(DaemonCommandExecuter.java:55)
	at org.gradle.launcher.daemon.server.DefaultIncomingConnectionHandler$ConnectionWorker.handleCommand(DefaultIncomingConnectionHandler.java:161)
	at org.gradle.launcher.daemon.server.DefaultIncomingConnectionHandler$ConnectionWorker.receiveAndHandleCommand(DefaultIncomingConnectionHandler.java:134)
	at org.gradle.launcher.daemon.server.DefaultIncomingConnectionHandler$ConnectionWorker.run(DefaultIncomingConnectionHandler.java:122)
	at org.gradle.internal.concurrent.ExecutorPolicy$CatchAndRecordFailures.onExecute(ExecutorPolicy.java:64)
	at org.gradle.internal.concurrent.AbstractManagedExecutor$1.run(AbstractManagedExecutor.java:48)
	at java.base/java.util.concurrent.ThreadPoolExecutor.runWorker(ThreadPoolExecutor.java:1136)
	at java.base/java.util.concurrent.ThreadPoolExecutor$Worker.run(ThreadPoolExecutor.java:635)
	at java.base/java.lang.Thread.run(Thread.java:842)
Caused by: com.esotericsoftware.kryo.KryoException: java.io.IOException: Connection reset by peer
	at com.esotericsoftware.kryo.io.Output.flush(Output.java:165)
	at com.esotericsoftware.kryo.io.Output.require(Output.java:142)
	at com.esotericsoftware.kryo.io.Output.writeBytes(Output.java:228)
	at org.gradle.internal.serialize.kryo.KryoBackedEncoder.writeBytes(KryoBackedEncoder.java:49)
	at org.gradle.internal.serialize.AbstractEncoder$EncoderStream.write(AbstractEncoder.java:93)
	at java.base/java.io.ObjectOutputStream$BlockDataOutputStream.drain(ObjectOutputStream.java:1896)
	at java.base/java.io.ObjectOutputStream$BlockDataOutputStream.setBlockDataMode(ObjectOutputStream.java:1805)
	at java.base/java.io.ObjectOutputStream.writeObject0(ObjectOutputStream.java:1202)
	at java.base/java.io.ObjectOutputStream.writeObject(ObjectOutputStream.java:354)
	at org.gradle.internal.serialize.DefaultSerializer.write(DefaultSerializer.java:56)
	at org.gradle.tooling.internal.provider.serialization.SerializedPayloadSerializer.write(SerializedPayloadSerializer.java:32)
	at org.gradle.tooling.internal.provider.serialization.SerializedPayloadSerializer.write(SerializedPayloadSerializer.java:27)
	at org.gradle.launcher.daemon.protocol.DaemonMessageSerializer$SuccessSerializer.write(DaemonMessageSerializer.java:149)
	at org.gradle.launcher.daemon.protocol.DaemonMessageSerializer$SuccessSerializer.write(DaemonMessageSerializer.java:125)
	at org.gradle.internal.serialize.DefaultSerializerRegistry$TaggedTypeSerializer.write(DefaultSerializerRegistry.java:171)
	at org.gradle.internal.serialize.Serializers$StatefulSerializerAdapter$2.write(Serializers.java:46)
	at org.gradle.internal.remote.internal.inet.SocketConnection.dispatch(SocketConnection.java:124)
	... 24 more
Caused by: java.io.IOException: Connection reset by peer
	at java.base/sun.nio.ch.SocketDispatcher.write0(Native Method)
	at java.base/sun.nio.ch.SocketDispatcher.write(SocketDispatcher.java:54)
	at java.base/sun.nio.ch.IOUtil.writeFromNativeBuffer(IOUtil.java:132)
	at java.base/sun.nio.ch.IOUtil.write(IOUtil.java:76)
	at java.base/sun.nio.ch.IOUtil.write(IOUtil.java:53)
	at java.base/sun.nio.ch.SocketChannelImpl.write(SocketChannelImpl.java:532)
	at org.gradle.internal.remote.internal.inet.SocketConnection$SocketOutputStream.writeWithNonBlockingRetry(SocketConnection.java:282)
	at org.gradle.internal.remote.internal.inet.SocketConnection$SocketOutputStream.writeBufferToChannel(SocketConnection.java:269)
	at org.gradle.internal.remote.internal.inet.SocketConnection$SocketOutputStream.write(SocketConnection.java:255)
	at com.esotericsoftware.kryo.io.Output.flush(Output.java:163)
	... 40 more
2026-05-07T20:15:38.455+0900 [DEBUG] [org.gradle.launcher.daemon.server.SynchronizedDispatchConnection] thread 29: dispatching Failure[value=org.gradle.internal.remote.internal.MessageIOException: Could not write message Success[value=org.gradle.launcher.exec.BuildActionResult@5c3392ad] to '/127.0.0.1:60727'.]
2026-05-07T20:15:38.456+0900 [DEBUG] [org.gradle.launcher.daemon.server.DefaultIncomingConnectionHandler] Finishing executing command: Build{id=1e0a1e19-d0bd-41d2-98c4-8aeb6fb3fa68, currentDir=D:\Codes\Pogun_Back}
2026-05-07T20:15:38.456+0900 [DEBUG] [org.gradle.launcher.daemon.server.SynchronizedDispatchConnection] thread 29: stopping connection
2026-05-07T20:15:38.465+0900 [DEBUG] [org.gradle.launcher.daemon.server.SynchronizedDispatchConnection] thread 29: stopping connection
2026-05-07T20:15:41.677+0900 [DEBUG] [org.gradle.cache.internal.DefaultFileLockManager] Waiting to acquire shared lock on daemon addresses registry.
2026-05-07T20:15:41.678+0900 [DEBUG] [org.gradle.cache.internal.DefaultFileLockManager] Lock acquired on daemon addresses registry.
2026-05-07T20:15:41.679+0900 [DEBUG] [org.gradle.cache.internal.DefaultFileLockManager] Releasing lock on daemon addresses registry.
2026-05-07T20:15:41.686+0900 [DEBUG] [org.gradle.cache.internal.DefaultFileLockManager] Waiting to acquire shared lock on daemon addresses registry.
2026-05-07T20:15:41.687+0900 [DEBUG] [org.gradle.cache.internal.DefaultFileLockManager] Lock acquired on daemon addresses registry.
2026-05-07T20:15:41.687+0900 [DEBUG] [org.gradle.cache.internal.DefaultFileLockManager] Releasing lock on daemon addresses registry.
2026-05-07T20:15:51.663+0900 [DEBUG] [org.gradle.cache.internal.DefaultFileLockManager] Waiting to acquire shared lock on daemon addresses registry.
2026-05-07T20:15:51.663+0900 [DEBUG] [org.gradle.cache.internal.DefaultFileLockManager] Lock acquired on daemon addresses registry.
2026-05-07T20:15:51.665+0900 [DEBUG] [org.gradle.cache.internal.DefaultFileLockManager] Releasing lock on daemon addresses registry.
2026-05-07T20:15:51.668+0900 [DEBUG] [org.gradle.cache.internal.DefaultFileLockManager] Waiting to acquire shared lock on daemon addresses registry.
2026-05-07T20:15:51.669+0900 [DEBUG] [org.gradle.cache.internal.DefaultFileLockManager] Lock acquired on daemon addresses registry.
2026-05-07T20:15:51.670+0900 [DEBUG] [org.gradle.cache.internal.DefaultFileLockManager] Releasing lock on daemon addresses registry.
2026-05-07T20:15:51.672+0900 [DEBUG] [org.gradle.cache.internal.DefaultFileLockManager] Waiting to acquire shared lock on daemon addresses registry.
2026-05-07T20:15:51.673+0900 [DEBUG] [org.gradle.cache.internal.DefaultFileLockManager] Lock acquired on daemon addresses registry.
2026-05-07T20:15:51.674+0900 [DEBUG] [org.gradle.cache.internal.DefaultFileLockManager] Releasing lock on daemon addresses registry.
2026-05-07T20:16:01.662+0900 [DEBUG] [org.gradle.cache.internal.DefaultFileLockManager] Waiting to acquire shared lock on daemon addresses registry.
2026-05-07T20:16:01.663+0900 [DEBUG] [org.gradle.cache.internal.DefaultFileLockManager] Lock acquired on daemon addresses registry.
2026-05-07T20:16:01.663+0900 [DEBUG] [org.gradle.cache.internal.DefaultFileLockManager] Releasing lock on daemon addresses registry.
2026-05-07T20:16:01.665+0900 [DEBUG] [org.gradle.cache.internal.DefaultFileLockManager] Waiting to acquire shared lock on daemon addresses registry.
2026-05-07T20:16:01.665+0900 [DEBUG] [org.gradle.cache.internal.DefaultFileLockManager] Lock acquired on daemon addresses registry.
2026-05-07T20:16:01.666+0900 [DEBUG] [org.gradle.cache.internal.DefaultFileLockManager] Releasing lock on daemon addresses registry.
2026-05-07T20:16:01.668+0900 [DEBUG] [org.gradle.cache.internal.DefaultFileLockManager] Waiting to acquire shared lock on daemon addresses registry.
2026-05-07T20:16:01.669+0900 [DEBUG] [org.gradle.cache.internal.DefaultFileLockManager] Lock acquired on daemon addresses registry.
2026-05-07T20:16:01.669+0900 [DEBUG] [org.gradle.cache.internal.DefaultFileLockManager] Releasing lock on daemon addresses registry.
2026-05-07T20:16:11.667+0900 [DEBUG] [org.gradle.cache.internal.DefaultFileLockManager] Waiting to acquire shared lock on daemon addresses registry.
2026-05-07T20:16:11.668+0900 [DEBUG] [org.gradle.cache.internal.DefaultFileLockManager] Lock acquired on daemon addresses registry.
2026-05-07T20:16:11.669+0900 [DEBUG] [org.gradle.cache.internal.DefaultFileLockManager] Releasing lock on daemon addresses registry.
2026-05-07T20:16:11.671+0900 [DEBUG] [org.gradle.cache.internal.DefaultFileLockManager] Waiting to acquire shared lock on daemon addresses registry.
2026-05-07T20:16:11.671+0900 [DEBUG] [org.gradle.cache.internal.DefaultFileLockManager] Lock acquired on daemon addresses registry.
2026-05-07T20:16:11.673+0900 [DEBUG] [org.gradle.cache.internal.DefaultFileLockManager] Releasing lock on daemon addresses registry.
2026-05-07T20:16:11.675+0900 [DEBUG] [org.gradle.cache.internal.DefaultFileLockManager] Waiting to acquire shared lock on daemon addresses registry.
2026-05-07T20:16:11.675+0900 [DEBUG] [org.gradle.cache.internal.DefaultFileLockManager] Lock acquired on daemon addresses registry.
2026-05-07T20:16:11.676+0900 [DEBUG] [org.gradle.cache.internal.DefaultFileLockManager] Releasing lock on daemon addresses registry.
2026-05-07T20:16:21.671+0900 [DEBUG] [org.gradle.cache.internal.DefaultFileLockManager] Waiting to acquire shared lock on daemon addresses registry.
2026-05-07T20:16:21.671+0900 [DEBUG] [org.gradle.cache.internal.DefaultFileLockManager] Lock acquired on daemon addresses registry.
2026-05-07T20:16:21.672+0900 [DEBUG] [org.gradle.cache.internal.DefaultFileLockManager] Releasing lock on daemon addresses registry.
2026-05-07T20:16:21.674+0900 [DEBUG] [org.gradle.cache.internal.DefaultFileLockManager] Waiting to acquire shared lock on daemon addresses registry.
2026-05-07T20:16:21.674+0900 [DEBUG] [org.gradle.cache.internal.DefaultFileLockManager] Lock acquired on daemon addresses registry.
2026-05-07T20:16:21.675+0900 [DEBUG] [org.gradle.cache.internal.DefaultFileLockManager] Releasing lock on daemon addresses registry.
2026-05-07T20:16:21.677+0900 [DEBUG] [org.gradle.cache.internal.DefaultFileLockManager] Waiting to acquire shared lock on daemon addresses registry.
2026-05-07T20:16:21.678+0900 [DEBUG] [org.gradle.cache.internal.DefaultFileLockManager] Lock acquired on daemon addresses registry.
2026-05-07T20:16:21.678+0900 [DEBUG] [org.gradle.cache.internal.DefaultFileLockManager] Releasing lock on daemon addresses registry.
2026-05-07T20:16:31.677+0900 [DEBUG] [org.gradle.cache.internal.DefaultFileLockManager] Waiting to acquire shared lock on daemon addresses registry.
2026-05-07T20:16:31.678+0900 [DEBUG] [org.gradle.cache.internal.DefaultFileLockManager] Lock acquired on daemon addresses registry.
2026-05-07T20:16:31.679+0900 [DEBUG] [org.gradle.cache.internal.DefaultFileLockManager] Releasing lock on daemon addresses registry.
2026-05-07T20:16:31.683+0900 [DEBUG] [org.gradle.cache.internal.DefaultFileLockManager] Waiting to acquire shared lock on daemon addresses registry.
2026-05-07T20:16:31.684+0900 [DEBUG] [org.gradle.cache.internal.DefaultFileLockManager] Lock acquired on daemon addresses registry.
2026-05-07T20:16:31.685+0900 [DEBUG] [org.gradle.cache.internal.DefaultFileLockManager] Releasing lock on daemon addresses registry.
2026-05-07T20:16:31.686+0900 [DEBUG] [org.gradle.cache.internal.DefaultFileLockManager] Waiting to acquire shared lock on daemon addresses registry.
2026-05-07T20:16:31.686+0900 [DEBUG] [org.gradle.cache.internal.DefaultFileLockManager] Lock acquired on daemon addresses registry.
2026-05-07T20:16:31.687+0900 [DEBUG] [org.gradle.cache.internal.DefaultFileLockManager] Releasing lock on daemon addresses registry.
2026-05-07T20:16:41.664+0900 [DEBUG] [org.gradle.cache.internal.DefaultFileLockManager] Waiting to acquire shared lock on daemon addresses registry.
2026-05-07T20:16:41.664+0900 [DEBUG] [org.gradle.cache.internal.DefaultFileLockManager] Lock acquired on daemon addresses registry.
2026-05-07T20:16:41.665+0900 [DEBUG] [org.gradle.cache.internal.DefaultFileLockManager] Releasing lock on daemon addresses registry.
2026-05-07T20:16:41.667+0900 [DEBUG] [org.gradle.cache.internal.DefaultFileLockManager] Waiting to acquire shared lock on daemon addresses registry.
2026-05-07T20:16:41.668+0900 [DEBUG] [org.gradle.cache.internal.DefaultFileLockManager] Lock acquired on daemon addresses registry.
2026-05-07T20:16:41.668+0900 [DEBUG] [org.gradle.cache.internal.DefaultFileLockManager] Releasing lock on daemon addresses registry.
2026-05-07T20:16:41.670+0900 [DEBUG] [org.gradle.cache.internal.DefaultFileLockManager] Waiting to acquire shared lock on daemon addresses registry.
2026-05-07T20:16:41.670+0900 [DEBUG] [org.gradle.cache.internal.DefaultFileLockManager] Lock acquired on daemon addresses registry.
2026-05-07T20:16:41.671+0900 [DEBUG] [org.gradle.cache.internal.DefaultFileLockManager] Releasing lock on daemon addresses registry.
2026-05-07T20:16:51.670+0900 [DEBUG] [org.gradle.cache.internal.DefaultFileLockManager] Waiting to acquire shared lock on daemon addresses registry.
2026-05-07T20:16:51.671+0900 [DEBUG] [org.gradle.cache.internal.DefaultFileLockManager] Lock acquired on daemon addresses registry.
2026-05-07T20:16:51.672+0900 [DEBUG] [org.gradle.cache.internal.DefaultFileLockManager] Releasing lock on daemon addresses registry.
2026-05-07T20:16:51.674+0900 [DEBUG] [org.gradle.cache.internal.DefaultFileLockManager] Waiting to acquire shared lock on daemon addresses registry.
2026-05-07T20:16:51.676+0900 [DEBUG] [org.gradle.cache.internal.DefaultFileLockManager] Lock acquired on daemon addresses registry.
2026-05-07T20:16:51.677+0900 [DEBUG] [org.gradle.cache.internal.DefaultFileLockManager] Releasing lock on daemon addresses registry.
2026-05-07T20:16:51.679+0900 [DEBUG] [org.gradle.cache.internal.DefaultFileLockManager] Waiting to acquire shared lock on daemon addresses registry.
2026-05-07T20:16:51.680+0900 [DEBUG] [org.gradle.cache.internal.DefaultFileLockManager] Lock acquired on daemon addresses registry.
2026-05-07T20:16:51.681+0900 [DEBUG] [org.gradle.cache.internal.DefaultFileLockManager] Releasing lock on daemon addresses registry.
2026-05-07T20:17:01.664+0900 [DEBUG] [org.gradle.cache.internal.DefaultFileLockManager] Waiting to acquire shared lock on daemon addresses registry.
2026-05-07T20:17:01.665+0900 [DEBUG] [org.gradle.cache.internal.DefaultFileLockManager] Lock acquired on daemon addresses registry.
2026-05-07T20:17:01.666+0900 [DEBUG] [org.gradle.cache.internal.DefaultFileLockManager] Releasing lock on daemon addresses registry.
2026-05-07T20:17:01.668+0900 [DEBUG] [org.gradle.cache.internal.DefaultFileLockManager] Waiting to acquire shared lock on daemon addresses registry.
2026-05-07T20:17:01.668+0900 [DEBUG] [org.gradle.cache.internal.DefaultFileLockManager] Lock acquired on daemon addresses registry.
2026-05-07T20:17:01.669+0900 [DEBUG] [org.gradle.cache.internal.DefaultFileLockManager] Releasing lock on daemon addresses registry.
2026-05-07T20:17:01.670+0900 [DEBUG] [org.gradle.cache.internal.DefaultFileLockManager] Waiting to acquire shared lock on daemon addresses registry.
2026-05-07T20:17:01.671+0900 [DEBUG] [org.gradle.cache.internal.DefaultFileLockManager] Lock acquired on daemon addresses registry.
2026-05-07T20:17:01.671+0900 [DEBUG] [org.gradle.cache.internal.DefaultFileLockManager] Releasing lock on daemon addresses registry.
2026-05-07T20:17:11.678+0900 [DEBUG] [org.gradle.cache.internal.DefaultFileLockManager] Waiting to acquire shared lock on daemon addresses registry.
2026-05-07T20:17:11.679+0900 [DEBUG] [org.gradle.cache.internal.DefaultFileLockManager] Lock acquired on daemon addresses registry.
2026-05-07T20:17:11.682+0900 [DEBUG] [org.gradle.cache.internal.DefaultFileLockManager] Releasing lock on daemon addresses registry.
2026-05-07T20:17:11.684+0900 [DEBUG] [org.gradle.cache.internal.DefaultFileLockManager] Waiting to acquire shared lock on daemon addresses registry.
2026-05-07T20:17:11.685+0900 [DEBUG] [org.gradle.cache.internal.DefaultFileLockManager] Lock acquired on daemon addresses registry.
2026-05-07T20:17:11.686+0900 [DEBUG] [org.gradle.cache.internal.DefaultFileLockManager] Releasing lock on daemon addresses registry.
2026-05-07T20:17:11.687+0900 [DEBUG] [org.gradle.cache.internal.DefaultFileLockManager] Waiting to acquire shared lock on daemon addresses registry.
2026-05-07T20:17:11.688+0900 [DEBUG] [org.gradle.cache.internal.DefaultFileLockManager] Lock acquired on daemon addresses registry.
2026-05-07T20:17:11.688+0900 [DEBUG] [org.gradle.cache.internal.DefaultFileLockManager] Releasing lock on daemon addresses registry.
2026-05-07T20:17:21.662+0900 [DEBUG] [org.gradle.cache.internal.DefaultFileLockManager] Waiting to acquire shared lock on daemon addresses registry.
2026-05-07T20:17:21.663+0900 [DEBUG] [org.gradle.cache.internal.DefaultFileLockManager] Lock acquired on daemon addresses registry.
2026-05-07T20:17:21.664+0900 [DEBUG] [org.gradle.cache.internal.DefaultFileLockManager] Releasing lock on daemon addresses registry.
2026-05-07T20:17:21.665+0900 [DEBUG] [org.gradle.cache.internal.DefaultFileLockManager] Waiting to acquire shared lock on daemon addresses registry.
2026-05-07T20:17:21.666+0900 [DEBUG] [org.gradle.cache.internal.DefaultFileLockManager] Lock acquired on daemon addresses registry.
2026-05-07T20:17:21.667+0900 [DEBUG] [org.gradle.cache.internal.DefaultFileLockManager] Releasing lock on daemon addresses registry.
2026-05-07T20:17:21.668+0900 [DEBUG] [org.gradle.cache.internal.DefaultFileLockManager] Waiting to acquire shared lock on daemon addresses registry.
2026-05-07T20:17:21.669+0900 [DEBUG] [org.gradle.cache.internal.DefaultFileLockManager] Lock acquired on daemon addresses registry.
2026-05-07T20:17:21.669+0900 [DEBUG] [org.gradle.cache.internal.DefaultFileLockManager] Releasing lock on daemon addresses registry.
2026-05-07T20:17:31.678+0900 [DEBUG] [org.gradle.cache.internal.DefaultFileLockManager] Waiting to acquire shared lock on daemon addresses registry.
2026-05-07T20:17:31.678+0900 [DEBUG] [org.gradle.cache.internal.DefaultFileLockManager] Lock acquired on daemon addresses registry.
2026-05-07T20:17:31.679+0900 [DEBUG] [org.gradle.cache.internal.DefaultFileLockManager] Releasing lock on daemon addresses registry.
2026-05-07T20:17:31.683+0900 [DEBUG] [org.gradle.cache.internal.DefaultFileLockManager] Waiting to acquire shared lock on daemon addresses registry.
2026-05-07T20:17:31.684+0900 [DEBUG] [org.gradle.cache.internal.DefaultFileLockManager] Lock acquired on daemon addresses registry.
2026-05-07T20:17:31.684+0900 [DEBUG] [org.gradle.cache.internal.DefaultFileLockManager] Releasing lock on daemon addresses registry.
2026-05-07T20:17:31.686+0900 [DEBUG] [org.gradle.cache.internal.DefaultFileLockManager] Waiting to acquire shared lock on daemon addresses registry.
2026-05-07T20:17:31.686+0900 [DEBUG] [org.gradle.cache.internal.DefaultFileLockManager] Lock acquired on daemon addresses registry.
2026-05-07T20:17:31.687+0900 [DEBUG] [org.gradle.cache.internal.DefaultFileLockManager] Releasing lock on daemon addresses registry.
2026-05-07T20:17:41.672+0900 [DEBUG] [org.gradle.cache.internal.DefaultFileLockManager] Waiting to acquire shared lock on daemon addresses registry.
2026-05-07T20:17:41.672+0900 [DEBUG] [org.gradle.cache.internal.DefaultFileLockManager] Lock acquired on daemon addresses registry.
2026-05-07T20:17:41.673+0900 [DEBUG] [org.gradle.cache.internal.DefaultFileLockManager] Releasing lock on daemon addresses registry.
2026-05-07T20:17:41.676+0900 [DEBUG] [org.gradle.cache.internal.DefaultFileLockManager] Waiting to acquire shared lock on daemon addresses registry.
2026-05-07T20:17:41.676+0900 [DEBUG] [org.gradle.cache.internal.DefaultFileLockManager] Lock acquired on daemon addresses registry.
2026-05-07T20:17:41.677+0900 [DEBUG] [org.gradle.cache.internal.DefaultFileLockManager] Releasing lock on daemon addresses registry.
2026-05-07T20:17:41.678+0900 [DEBUG] [org.gradle.cache.internal.DefaultFileLockManager] Waiting to acquire shared lock on daemon addresses registry.
2026-05-07T20:17:41.679+0900 [DEBUG] [org.gradle.cache.internal.DefaultFileLockManager] Lock acquired on daemon addresses registry.
2026-05-07T20:17:41.679+0900 [DEBUG] [org.gradle.cache.internal.DefaultFileLockManager] Releasing lock on daemon addresses registry.
2026-05-07T20:17:51.671+0900 [DEBUG] [org.gradle.cache.internal.DefaultFileLockManager] Waiting to acquire shared lock on daemon addresses registry.
2026-05-07T20:17:51.672+0900 [DEBUG] [org.gradle.cache.internal.DefaultFileLockManager] Lock acquired on daemon addresses registry.
2026-05-07T20:17:51.673+0900 [DEBUG] [org.gradle.cache.internal.DefaultFileLockManager] Releasing lock on daemon addresses registry.
2026-05-07T20:17:51.675+0900 [DEBUG] [org.gradle.cache.internal.DefaultFileLockManager] Waiting to acquire shared lock on daemon addresses registry.
2026-05-07T20:17:51.675+0900 [DEBUG] [org.gradle.cache.internal.DefaultFileLockManager] Lock acquired on daemon addresses registry.
2026-05-07T20:17:51.676+0900 [DEBUG] [org.gradle.cache.internal.DefaultFileLockManager] Releasing lock on daemon addresses registry.
2026-05-07T20:17:51.677+0900 [DEBUG] [org.gradle.cache.internal.DefaultFileLockManager] Waiting to acquire shared lock on daemon addresses registry.
2026-05-07T20:17:51.678+0900 [DEBUG] [org.gradle.cache.internal.DefaultFileLockManager] Lock acquired on daemon addresses registry.
2026-05-07T20:17:51.678+0900 [DEBUG] [org.gradle.cache.internal.DefaultFileLockManager] Releasing lock on daemon addresses registry.
2026-05-07T20:18:01.679+0900 [DEBUG] [org.gradle.cache.internal.DefaultFileLockManager] Waiting to acquire shared lock on daemon addresses registry.
2026-05-07T20:18:01.679+0900 [DEBUG] [org.gradle.cache.internal.DefaultFileLockManager] Lock acquired on daemon addresses registry.
2026-05-07T20:18:01.680+0900 [DEBUG] [org.gradle.cache.internal.DefaultFileLockManager] Releasing lock on daemon addresses registry.
2026-05-07T20:18:01.682+0900 [DEBUG] [org.gradle.cache.internal.DefaultFileLockManager] Waiting to acquire shared lock on daemon addresses registry.
2026-05-07T20:18:01.682+0900 [DEBUG] [org.gradle.cache.internal.DefaultFileLockManager] Lock acquired on daemon addresses registry.
2026-05-07T20:18:01.682+0900 [DEBUG] [org.gradle.cache.internal.DefaultFileLockManager] Releasing lock on daemon addresses registry.
2026-05-07T20:18:01.686+0900 [DEBUG] [org.gradle.cache.internal.DefaultFileLockManager] Waiting to acquire shared lock on daemon addresses registry.
2026-05-07T20:18:01.686+0900 [DEBUG] [org.gradle.cache.internal.DefaultFileLockManager] Lock acquired on daemon addresses registry.
2026-05-07T20:18:01.687+0900 [DEBUG] [org.gradle.cache.internal.DefaultFileLockManager] Releasing lock on daemon addresses registry.
2026-05-07T20:18:07.217+0900 [DEBUG] [org.gradle.process.internal.health.memory.DefaultMemoryManager] 818327142 physical memory requested, 423124992 free
2026-05-07T20:18:07.218+0900 [DEBUG] [org.gradle.workers.internal.WorkerDaemonExpiration] Will attempt to release 780 of memory
2026-05-07T20:18:07.219+0900 [DEBUG] [org.gradle.process.internal.health.memory.DefaultMemoryManager] 818327142 physical memory requested, 0 released, 423124992 free
2026-05-07T20:18:11.667+0900 [DEBUG] [org.gradle.cache.internal.DefaultFileLockManager] Waiting to acquire shared lock on daemon addresses registry.
2026-05-07T20:18:11.668+0900 [DEBUG] [org.gradle.cache.internal.DefaultFileLockManager] Lock acquired on daemon addresses registry.
2026-05-07T20:18:11.668+0900 [DEBUG] [org.gradle.cache.internal.DefaultFileLockManager] Releasing lock on daemon addresses registry.
2026-05-07T20:18:11.669+0900 [DEBUG] [org.gradle.cache.internal.DefaultFileLockManager] Waiting to acquire shared lock on daemon addresses registry.
2026-05-07T20:18:11.669+0900 [DEBUG] [org.gradle.cache.internal.DefaultFileLockManager] Lock acquired on daemon addresses registry.
2026-05-07T20:18:11.670+0900 [DEBUG] [org.gradle.cache.internal.DefaultFileLockManager] Releasing lock on daemon addresses registry.
2026-05-07T20:18:11.673+0900 [DEBUG] [org.gradle.cache.internal.DefaultFileLockManager] Waiting to acquire shared lock on daemon addresses registry.
2026-05-07T20:18:11.673+0900 [DEBUG] [org.gradle.cache.internal.DefaultFileLockManager] Lock acquired on daemon addresses registry.
2026-05-07T20:18:11.674+0900 [DEBUG] [org.gradle.cache.internal.DefaultFileLockManager] Releasing lock on daemon addresses registry.
2026-05-07T20:18:12.218+0900 [DEBUG] [org.gradle.process.internal.health.memory.DefaultMemoryManager] 818327142 physical memory requested, 772096000 free
2026-05-07T20:18:12.218+0900 [DEBUG] [org.gradle.workers.internal.WorkerDaemonExpiration] Will attempt to release 780 of memory
2026-05-07T20:18:12.218+0900 [DEBUG] [org.gradle.process.internal.health.memory.DefaultMemoryManager] 818327142 physical memory requested, 0 released, 772096000 free
2026-05-07T20:18:17.207+0900 [DEBUG] [org.gradle.process.internal.health.memory.DefaultMemoryManager] 818327142 physical memory requested, 535113728 free
2026-05-07T20:18:17.207+0900 [DEBUG] [org.gradle.workers.internal.WorkerDaemonExpiration] Will attempt to release 780 of memory
2026-05-07T20:18:17.208+0900 [DEBUG] [org.gradle.process.internal.health.memory.DefaultMemoryManager] 818327142 physical memory requested, 0 released, 535113728 free
2026-05-07T20:18:21.673+0900 [DEBUG] [org.gradle.cache.internal.DefaultFileLockManager] Waiting to acquire shared lock on daemon addresses registry.
2026-05-07T20:18:21.673+0900 [DEBUG] [org.gradle.cache.internal.DefaultFileLockManager] Lock acquired on daemon addresses registry.
2026-05-07T20:18:21.674+0900 [DEBUG] [org.gradle.cache.internal.DefaultFileLockManager] Releasing lock on daemon addresses registry.
2026-05-07T20:18:21.676+0900 [DEBUG] [org.gradle.cache.internal.DefaultFileLockManager] Waiting to acquire shared lock on daemon addresses registry.
2026-05-07T20:18:21.677+0900 [DEBUG] [org.gradle.cache.internal.DefaultFileLockManager] Lock acquired on daemon addresses registry.
2026-05-07T20:18:21.677+0900 [DEBUG] [org.gradle.cache.internal.DefaultFileLockManager] Releasing lock on daemon addresses registry.
2026-05-07T20:18:21.679+0900 [DEBUG] [org.gradle.cache.internal.DefaultFileLockManager] Waiting to acquire shared lock on daemon addresses registry.
2026-05-07T20:18:21.680+0900 [DEBUG] [org.gradle.cache.internal.DefaultFileLockManager] Lock acquired on daemon addresses registry.
2026-05-07T20:18:21.680+0900 [DEBUG] [org.gradle.cache.internal.DefaultFileLockManager] Releasing lock on daemon addresses registry.
2026-05-07T20:18:31.666+0900 [DEBUG] [org.gradle.cache.internal.DefaultFileLockManager] Waiting to acquire shared lock on daemon addresses registry.
2026-05-07T20:18:31.666+0900 [DEBUG] [org.gradle.cache.internal.DefaultFileLockManager] Lock acquired on daemon addresses registry.
2026-05-07T20:18:31.667+0900 [DEBUG] [org.gradle.cache.internal.DefaultFileLockManager] Releasing lock on daemon addresses registry.
2026-05-07T20:18:31.670+0900 [DEBUG] [org.gradle.cache.internal.DefaultFileLockManager] Waiting to acquire shared lock on daemon addresses registry.
2026-05-07T20:18:31.670+0900 [DEBUG] [org.gradle.cache.internal.DefaultFileLockManager] Lock acquired on daemon addresses registry.
2026-05-07T20:18:31.671+0900 [DEBUG] [org.gradle.cache.internal.DefaultFileLockManager] Releasing lock on daemon addresses registry.
2026-05-07T20:18:31.673+0900 [DEBUG] [org.gradle.cache.internal.DefaultFileLockManager] Waiting to acquire shared lock on daemon addresses registry.
2026-05-07T20:18:31.674+0900 [DEBUG] [org.gradle.cache.internal.DefaultFileLockManager] Lock acquired on daemon addresses registry.
2026-05-07T20:18:31.675+0900 [DEBUG] [org.gradle.cache.internal.DefaultFileLockManager] Releasing lock on daemon addresses registry.
2026-05-07T20:18:41.664+0900 [DEBUG] [org.gradle.cache.internal.DefaultFileLockManager] Waiting to acquire shared lock on daemon addresses registry.
2026-05-07T20:18:41.665+0900 [DEBUG] [org.gradle.cache.internal.DefaultFileLockManager] Lock acquired on daemon addresses registry.
2026-05-07T20:18:41.667+0900 [DEBUG] [org.gradle.cache.internal.DefaultFileLockManager] Releasing lock on daemon addresses registry.
2026-05-07T20:18:41.669+0900 [DEBUG] [org.gradle.cache.internal.DefaultFileLockManager] Waiting to acquire shared lock on daemon addresses registry.
2026-05-07T20:18:41.669+0900 [DEBUG] [org.gradle.cache.internal.DefaultFileLockManager] Lock acquired on daemon addresses registry.
2026-05-07T20:18:41.670+0900 [DEBUG] [org.gradle.cache.internal.DefaultFileLockManager] Releasing lock on daemon addresses registry.
2026-05-07T20:18:41.671+0900 [DEBUG] [org.gradle.cache.internal.DefaultFileLockManager] Waiting to acquire shared lock on daemon addresses registry.
2026-05-07T20:18:41.671+0900 [DEBUG] [org.gradle.cache.internal.DefaultFileLockManager] Lock acquired on daemon addresses registry.
2026-05-07T20:18:41.672+0900 [DEBUG] [org.gradle.cache.internal.DefaultFileLockManager] Releasing lock on daemon addresses registry.
2026-05-07T20:18:42.222+0900 [DEBUG] [org.gradle.process.internal.health.memory.DefaultMemoryManager] 818327142 physical memory requested, 663863296 free
2026-05-07T20:18:42.223+0900 [DEBUG] [org.gradle.workers.internal.WorkerDaemonExpiration] Will attempt to release 780 of memory
2026-05-07T20:18:42.223+0900 [DEBUG] [org.gradle.process.internal.health.memory.DefaultMemoryManager] 818327142 physical memory requested, 0 released, 663863296 free
2026-05-07T20:18:47.212+0900 [DEBUG] [org.gradle.process.internal.health.memory.DefaultMemoryManager] 818327142 physical memory requested, 558579712 free
2026-05-07T20:18:47.212+0900 [DEBUG] [org.gradle.workers.internal.WorkerDaemonExpiration] Will attempt to release 780 of memory
2026-05-07T20:18:47.212+0900 [DEBUG] [org.gradle.process.internal.health.memory.DefaultMemoryManager] 818327142 physical memory requested, 0 released, 558579712 free
2026-05-07T20:18:51.675+0900 [DEBUG] [org.gradle.cache.internal.DefaultFileLockManager] Waiting to acquire shared lock on daemon addresses registry.
2026-05-07T20:18:51.676+0900 [DEBUG] [org.gradle.cache.internal.DefaultFileLockManager] Lock acquired on daemon addresses registry.
2026-05-07T20:18:51.677+0900 [DEBUG] [org.gradle.cache.internal.DefaultFileLockManager] Releasing lock on daemon addresses registry.
2026-05-07T20:18:51.682+0900 [DEBUG] [org.gradle.cache.internal.DefaultFileLockManager] Waiting to acquire shared lock on daemon addresses registry.
2026-05-07T20:18:51.682+0900 [DEBUG] [org.gradle.cache.internal.DefaultFileLockManager] Lock acquired on daemon addresses registry.
2026-05-07T20:18:51.683+0900 [DEBUG] [org.gradle.cache.internal.DefaultFileLockManager] Releasing lock on daemon addresses registry.
2026-05-07T20:18:51.684+0900 [DEBUG] [org.gradle.cache.internal.DefaultFileLockManager] Waiting to acquire shared lock on daemon addresses registry.
2026-05-07T20:18:51.684+0900 [DEBUG] [org.gradle.cache.internal.DefaultFileLockManager] Lock acquired on daemon addresses registry.
2026-05-07T20:18:51.685+0900 [DEBUG] [org.gradle.cache.internal.DefaultFileLockManager] Releasing lock on daemon addresses registry.
2026-05-07T20:18:52.222+0900 [DEBUG] [org.gradle.process.internal.health.memory.DefaultMemoryManager] 818327142 physical memory requested, 729743360 free
2026-05-07T20:18:52.222+0900 [DEBUG] [org.gradle.workers.internal.WorkerDaemonExpiration] Will attempt to release 780 of memory
2026-05-07T20:18:52.222+0900 [DEBUG] [org.gradle.process.internal.health.memory.DefaultMemoryManager] 818327142 physical memory requested, 0 released, 729743360 free
2026-05-07T20:18:57.216+0900 [DEBUG] [org.gradle.process.internal.health.memory.DefaultMemoryManager] 818327142 physical memory requested, 560996352 free
2026-05-07T20:18:57.216+0900 [DEBUG] [org.gradle.workers.internal.WorkerDaemonExpiration] Will attempt to release 780 of memory
2026-05-07T20:18:57.216+0900 [DEBUG] [org.gradle.process.internal.health.memory.DefaultMemoryManager] 818327142 physical memory requested, 0 released, 560996352 free
2026-05-07T20:19:01.671+0900 [DEBUG] [org.gradle.cache.internal.DefaultFileLockManager] Waiting to acquire shared lock on daemon addresses registry.
2026-05-07T20:19:01.672+0900 [DEBUG] [org.gradle.cache.internal.DefaultFileLockManager] Lock acquired on daemon addresses registry.
2026-05-07T20:19:01.672+0900 [DEBUG] [org.gradle.cache.internal.DefaultFileLockManager] Releasing lock on daemon addresses registry.
2026-05-07T20:19:01.675+0900 [DEBUG] [org.gradle.cache.internal.DefaultFileLockManager] Waiting to acquire shared lock on daemon addresses registry.
2026-05-07T20:19:01.675+0900 [DEBUG] [org.gradle.cache.internal.DefaultFileLockManager] Lock acquired on daemon addresses registry.
2026-05-07T20:19:01.676+0900 [DEBUG] [org.gradle.cache.internal.DefaultFileLockManager] Releasing lock on daemon addresses registry.
2026-05-07T20:19:01.677+0900 [DEBUG] [org.gradle.cache.internal.DefaultFileLockManager] Waiting to acquire shared lock on daemon addresses registry.
2026-05-07T20:19:01.677+0900 [DEBUG] [org.gradle.cache.internal.DefaultFileLockManager] Lock acquired on daemon addresses registry.
2026-05-07T20:19:01.678+0900 [DEBUG] [org.gradle.cache.internal.DefaultFileLockManager] Releasing lock on daemon addresses registry.
2026-05-07T20:19:02.217+0900 [DEBUG] [org.gradle.process.internal.health.memory.DefaultMemoryManager] 818327142 physical memory requested, 790978560 free
2026-05-07T20:19:02.217+0900 [DEBUG] [org.gradle.workers.internal.WorkerDaemonExpiration] Will attempt to release 780 of memory
2026-05-07T20:19:02.217+0900 [DEBUG] [org.gradle.process.internal.health.memory.DefaultMemoryManager] 818327142 physical memory requested, 0 released, 790978560 free
2026-05-07T20:19:11.664+0900 [DEBUG] [org.gradle.cache.internal.DefaultFileLockManager] Waiting to acquire shared lock on daemon addresses registry.
2026-05-07T20:19:11.665+0900 [DEBUG] [org.gradle.cache.internal.DefaultFileLockManager] Lock acquired on daemon addresses registry.
2026-05-07T20:19:11.665+0900 [DEBUG] [org.gradle.cache.internal.DefaultFileLockManager] Releasing lock on daemon addresses registry.
2026-05-07T20:19:11.667+0900 [DEBUG] [org.gradle.cache.internal.DefaultFileLockManager] Waiting to acquire shared lock on daemon addresses registry.
2026-05-07T20:19:11.668+0900 [DEBUG] [org.gradle.cache.internal.DefaultFileLockManager] Lock acquired on daemon addresses registry.
2026-05-07T20:19:11.668+0900 [DEBUG] [org.gradle.cache.internal.DefaultFileLockManager] Releasing lock on daemon addresses registry.
2026-05-07T20:19:11.670+0900 [DEBUG] [org.gradle.cache.internal.DefaultFileLockManager] Waiting to acquire shared lock on daemon addresses registry.
2026-05-07T20:19:11.670+0900 [DEBUG] [org.gradle.cache.internal.DefaultFileLockManager] Lock acquired on daemon addresses registry.
2026-05-07T20:19:11.671+0900 [DEBUG] [org.gradle.cache.internal.DefaultFileLockManager] Releasing lock on daemon addresses registry.
2026-05-07T20:19:21.664+0900 [DEBUG] [org.gradle.cache.internal.DefaultFileLockManager] Waiting to acquire shared lock on daemon addresses registry.
2026-05-07T20:19:21.665+0900 [DEBUG] [org.gradle.cache.internal.DefaultFileLockManager] Lock acquired on daemon addresses registry.
2026-05-07T20:19:21.665+0900 [DEBUG] [org.gradle.cache.internal.DefaultFileLockManager] Releasing lock on daemon addresses registry.
2026-05-07T20:19:21.667+0900 [DEBUG] [org.gradle.cache.internal.DefaultFileLockManager] Waiting to acquire shared lock on daemon addresses registry.
2026-05-07T20:19:21.667+0900 [DEBUG] [org.gradle.cache.internal.DefaultFileLockManager] Lock acquired on daemon addresses registry.
2026-05-07T20:19:21.668+0900 [DEBUG] [org.gradle.cache.internal.DefaultFileLockManager] Releasing lock on daemon addresses registry.
2026-05-07T20:19:21.669+0900 [DEBUG] [org.gradle.cache.internal.DefaultFileLockManager] Waiting to acquire shared lock on daemon addresses registry.
2026-05-07T20:19:21.670+0900 [DEBUG] [org.gradle.cache.internal.DefaultFileLockManager] Lock acquired on daemon addresses registry.
2026-05-07T20:19:21.670+0900 [DEBUG] [org.gradle.cache.internal.DefaultFileLockManager] Releasing lock on daemon addresses registry.
2026-05-07T20:19:31.665+0900 [DEBUG] [org.gradle.cache.internal.DefaultFileLockManager] Waiting to acquire shared lock on daemon addresses registry.
2026-05-07T20:19:31.665+0900 [DEBUG] [org.gradle.cache.internal.DefaultFileLockManager] Lock acquired on daemon addresses registry.
2026-05-07T20:19:31.669+0900 [DEBUG] [org.gradle.cache.internal.DefaultFileLockManager] Releasing lock on daemon addresses registry.
2026-05-07T20:19:31.671+0900 [DEBUG] [org.gradle.cache.internal.DefaultFileLockManager] Waiting to acquire shared lock on daemon addresses registry.
2026-05-07T20:19:31.671+0900 [DEBUG] [org.gradle.cache.internal.DefaultFileLockManager] Lock acquired on daemon addresses registry.
2026-05-07T20:19:31.672+0900 [DEBUG] [org.gradle.cache.internal.DefaultFileLockManager] Releasing lock on daemon addresses registry.
2026-05-07T20:19:31.673+0900 [DEBUG] [org.gradle.cache.internal.DefaultFileLockManager] Waiting to acquire shared lock on daemon addresses registry.
2026-05-07T20:19:31.675+0900 [DEBUG] [org.gradle.cache.internal.DefaultFileLockManager] Lock acquired on daemon addresses registry.
2026-05-07T20:19:31.676+0900 [DEBUG] [org.gradle.cache.internal.DefaultFileLockManager] Releasing lock on daemon addresses registry.
2026-05-07T20:19:32.210+0900 [DEBUG] [org.gradle.process.internal.health.memory.DefaultMemoryManager] 818327142 physical memory requested, 800804864 free
2026-05-07T20:19:32.211+0900 [DEBUG] [org.gradle.workers.internal.WorkerDaemonExpiration] Will attempt to release 780 of memory
2026-05-07T20:19:32.212+0900 [DEBUG] [org.gradle.process.internal.health.memory.DefaultMemoryManager] 818327142 physical memory requested, 0 released, 800804864 free
2026-05-07T20:19:37.217+0900 [DEBUG] [org.gradle.process.internal.health.memory.DefaultMemoryManager] 818327142 physical memory requested, 764473344 free
2026-05-07T20:19:37.217+0900 [DEBUG] [org.gradle.workers.internal.WorkerDaemonExpiration] Will attempt to release 780 of memory
2026-05-07T20:19:37.217+0900 [DEBUG] [org.gradle.process.internal.health.memory.DefaultMemoryManager] 818327142 physical memory requested, 0 released, 764473344 free
2026-05-07T20:19:41.673+0900 [DEBUG] [org.gradle.cache.internal.DefaultFileLockManager] Waiting to acquire shared lock on daemon addresses registry.
2026-05-07T20:19:41.674+0900 [DEBUG] [org.gradle.cache.internal.DefaultFileLockManager] Lock acquired on daemon addresses registry.
2026-05-07T20:19:41.675+0900 [DEBUG] [org.gradle.cache.internal.DefaultFileLockManager] Releasing lock on daemon addresses registry.
2026-05-07T20:19:41.677+0900 [DEBUG] [org.gradle.cache.internal.DefaultFileLockManager] Waiting to acquire shared lock on daemon addresses registry.
2026-05-07T20:19:41.677+0900 [DEBUG] [org.gradle.cache.internal.DefaultFileLockManager] Lock acquired on daemon addresses registry.
2026-05-07T20:19:41.678+0900 [DEBUG] [org.gradle.cache.internal.DefaultFileLockManager] Releasing lock on daemon addresses registry.
2026-05-07T20:19:41.680+0900 [DEBUG] [org.gradle.cache.internal.DefaultFileLockManager] Waiting to acquire shared lock on daemon addresses registry.
2026-05-07T20:19:41.680+0900 [DEBUG] [org.gradle.cache.internal.DefaultFileLockManager] Lock acquired on daemon addresses registry.
2026-05-07T20:19:41.681+0900 [DEBUG] [org.gradle.cache.internal.DefaultFileLockManager] Releasing lock on daemon addresses registry.
2026-05-07T20:19:42.215+0900 [DEBUG] [org.gradle.process.internal.health.memory.DefaultMemoryManager] 818327142 physical memory requested, 724160512 free
2026-05-07T20:19:42.216+0900 [DEBUG] [org.gradle.workers.internal.WorkerDaemonExpiration] Will attempt to release 780 of memory
2026-05-07T20:19:42.216+0900 [DEBUG] [org.gradle.process.internal.health.memory.DefaultMemoryManager] 818327142 physical memory requested, 0 released, 724160512 free
2026-05-07T20:19:47.218+0900 [DEBUG] [org.gradle.process.internal.health.memory.DefaultMemoryManager] 818327142 physical memory requested, 733306880 free
2026-05-07T20:19:47.218+0900 [DEBUG] [org.gradle.workers.internal.WorkerDaemonExpiration] Will attempt to release 780 of memory
2026-05-07T20:19:47.219+0900 [DEBUG] [org.gradle.process.internal.health.memory.DefaultMemoryManager] 818327142 physical memory requested, 0 released, 733306880 free
2026-05-07T20:19:51.663+0900 [DEBUG] [org.gradle.cache.internal.DefaultFileLockManager] Waiting to acquire shared lock on daemon addresses registry.
2026-05-07T20:19:51.663+0900 [DEBUG] [org.gradle.cache.internal.DefaultFileLockManager] Lock acquired on daemon addresses registry.
2026-05-07T20:19:51.664+0900 [DEBUG] [org.gradle.cache.internal.DefaultFileLockManager] Releasing lock on daemon addresses registry.
2026-05-07T20:19:51.667+0900 [DEBUG] [org.gradle.cache.internal.DefaultFileLockManager] Waiting to acquire shared lock on daemon addresses registry.
2026-05-07T20:19:51.667+0900 [DEBUG] [org.gradle.cache.internal.DefaultFileLockManager] Lock acquired on daemon addresses registry.
2026-05-07T20:19:51.668+0900 [DEBUG] [org.gradle.cache.internal.DefaultFileLockManager] Releasing lock on daemon addresses registry.
2026-05-07T20:19:51.669+0900 [DEBUG] [org.gradle.cache.internal.DefaultFileLockManager] Waiting to acquire shared lock on daemon addresses registry.
2026-05-07T20:19:51.669+0900 [DEBUG] [org.gradle.cache.internal.DefaultFileLockManager] Lock acquired on daemon addresses registry.
2026-05-07T20:19:51.670+0900 [DEBUG] [org.gradle.cache.internal.DefaultFileLockManager] Releasing lock on daemon addresses registry.
2026-05-07T20:19:57.207+0900 [DEBUG] [org.gradle.process.internal.health.memory.DefaultMemoryManager] 818327142 physical memory requested, 784117760 free
2026-05-07T20:19:57.209+0900 [DEBUG] [org.gradle.workers.internal.WorkerDaemonExpiration] Will attempt to release 780 of memory
2026-05-07T20:19:57.210+0900 [DEBUG] [org.gradle.process.internal.health.memory.DefaultMemoryManager] 818327142 physical memory requested, 0 released, 784117760 free
2026-05-07T20:20:01.675+0900 [DEBUG] [org.gradle.cache.internal.DefaultFileLockManager] Waiting to acquire shared lock on daemon addresses registry.
2026-05-07T20:20:01.675+0900 [DEBUG] [org.gradle.cache.internal.DefaultFileLockManager] Lock acquired on daemon addresses registry.
2026-05-07T20:20:01.678+0900 [DEBUG] [org.gradle.cache.internal.DefaultFileLockManager] Releasing lock on daemon addresses registry.
2026-05-07T20:20:01.680+0900 [DEBUG] [org.gradle.cache.internal.DefaultFileLockManager] Waiting to acquire shared lock on daemon addresses registry.
2026-05-07T20:20:01.680+0900 [DEBUG] [org.gradle.cache.internal.DefaultFileLockManager] Lock acquired on daemon addresses registry.
2026-05-07T20:20:01.681+0900 [DEBUG] [org.gradle.cache.internal.DefaultFileLockManager] Releasing lock on daemon addresses registry.
2026-05-07T20:20:01.682+0900 [DEBUG] [org.gradle.cache.internal.DefaultFileLockManager] Waiting to acquire shared lock on daemon addresses registry.
2026-05-07T20:20:01.683+0900 [DEBUG] [org.gradle.cache.internal.DefaultFileLockManager] Lock acquired on daemon addresses registry.
2026-05-07T20:20:01.684+0900 [DEBUG] [org.gradle.cache.internal.DefaultFileLockManager] Releasing lock on daemon addresses registry.
2026-05-07T20:20:02.218+0900 [DEBUG] [org.gradle.process.internal.health.memory.DefaultMemoryManager] 818327142 physical memory requested, 782266368 free
2026-05-07T20:20:02.229+0900 [DEBUG] [org.gradle.workers.internal.WorkerDaemonExpiration] Will attempt to release 780 of memory
2026-05-07T20:20:02.229+0900 [DEBUG] [org.gradle.process.internal.health.memory.DefaultMemoryManager] 818327142 physical memory requested, 0 released, 782266368 free
2026-05-07T20:20:07.209+0900 [DEBUG] [org.gradle.process.internal.health.memory.DefaultMemoryManager] 818327142 physical memory requested, 762937344 free
2026-05-07T20:20:07.209+0900 [DEBUG] [org.gradle.workers.internal.WorkerDaemonExpiration] Will attempt to release 780 of memory
2026-05-07T20:20:07.211+0900 [DEBUG] [org.gradle.process.internal.health.memory.DefaultMemoryManager] 818327142 physical memory requested, 0 released, 762937344 free
2026-05-07T20:20:11.664+0900 [DEBUG] [org.gradle.cache.internal.DefaultFileLockManager] Waiting to acquire shared lock on daemon addresses registry.
2026-05-07T20:20:11.665+0900 [DEBUG] [org.gradle.cache.internal.DefaultFileLockManager] Lock acquired on daemon addresses registry.
2026-05-07T20:20:11.667+0900 [DEBUG] [org.gradle.cache.internal.DefaultFileLockManager] Releasing lock on daemon addresses registry.
2026-05-07T20:20:11.669+0900 [DEBUG] [org.gradle.cache.internal.DefaultFileLockManager] Waiting to acquire shared lock on daemon addresses registry.
2026-05-07T20:20:11.670+0900 [DEBUG] [org.gradle.cache.internal.DefaultFileLockManager] Lock acquired on daemon addresses registry.
2026-05-07T20:20:11.671+0900 [DEBUG] [org.gradle.cache.internal.DefaultFileLockManager] Releasing lock on daemon addresses registry.
2026-05-07T20:20:11.673+0900 [DEBUG] [org.gradle.cache.internal.DefaultFileLockManager] Waiting to acquire shared lock on daemon addresses registry.
2026-05-07T20:20:11.674+0900 [DEBUG] [org.gradle.cache.internal.DefaultFileLockManager] Lock acquired on daemon addresses registry.
2026-05-07T20:20:11.675+0900 [DEBUG] [org.gradle.cache.internal.DefaultFileLockManager] Releasing lock on daemon addresses registry.
2026-05-07T20:20:12.211+0900 [DEBUG] [org.gradle.process.internal.health.memory.DefaultMemoryManager] 818327142 physical memory requested, 706486272 free
2026-05-07T20:20:12.211+0900 [DEBUG] [org.gradle.workers.internal.WorkerDaemonExpiration] Will attempt to release 780 of memory
2026-05-07T20:20:12.211+0900 [DEBUG] [org.gradle.process.internal.health.memory.DefaultMemoryManager] 818327142 physical memory requested, 0 released, 706486272 free
2026-05-07T20:20:17.217+0900 [DEBUG] [org.gradle.process.internal.health.memory.DefaultMemoryManager] 818327142 physical memory requested, 695816192 free
2026-05-07T20:20:17.218+0900 [DEBUG] [org.gradle.workers.internal.WorkerDaemonExpiration] Will attempt to release 780 of memory
2026-05-07T20:20:17.218+0900 [DEBUG] [org.gradle.process.internal.health.memory.DefaultMemoryManager] 818327142 physical memory requested, 0 released, 695816192 free
2026-05-07T20:20:21.676+0900 [DEBUG] [org.gradle.cache.internal.DefaultFileLockManager] Waiting to acquire shared lock on daemon addresses registry.
2026-05-07T20:20:21.686+0900 [DEBUG] [org.gradle.cache.internal.DefaultFileLockManager] Lock acquired on daemon addresses registry.
2026-05-07T20:20:21.687+0900 [DEBUG] [org.gradle.cache.internal.DefaultFileLockManager] Releasing lock on daemon addresses registry.
2026-05-07T20:20:21.689+0900 [DEBUG] [org.gradle.cache.internal.DefaultFileLockManager] Waiting to acquire shared lock on daemon addresses registry.
2026-05-07T20:20:21.689+0900 [DEBUG] [org.gradle.cache.internal.DefaultFileLockManager] Lock acquired on daemon addresses registry.
2026-05-07T20:20:21.690+0900 [DEBUG] [org.gradle.cache.internal.DefaultFileLockManager] Releasing lock on daemon addresses registry.
2026-05-07T20:20:21.691+0900 [DEBUG] [org.gradle.cache.internal.DefaultFileLockManager] Waiting to acquire shared lock on daemon addresses registry.
2026-05-07T20:20:21.692+0900 [DEBUG] [org.gradle.cache.internal.DefaultFileLockManager] Lock acquired on daemon addresses registry.
2026-05-07T20:20:21.692+0900 [DEBUG] [org.gradle.cache.internal.DefaultFileLockManager] Releasing lock on daemon addresses registry.
2026-05-07T20:20:22.207+0900 [DEBUG] [org.gradle.process.internal.health.memory.DefaultMemoryManager] 818327142 physical memory requested, 691720192 free
2026-05-07T20:20:22.207+0900 [DEBUG] [org.gradle.workers.internal.WorkerDaemonExpiration] Will attempt to release 780 of memory
2026-05-07T20:20:22.207+0900 [DEBUG] [org.gradle.process.internal.health.memory.DefaultMemoryManager] 818327142 physical memory requested, 0 released, 691720192 free
2026-05-07T20:20:27.223+0900 [DEBUG] [org.gradle.process.internal.health.memory.DefaultMemoryManager] 818327142 physical memory requested, 684175360 free
2026-05-07T20:20:27.225+0900 [DEBUG] [org.gradle.workers.internal.WorkerDaemonExpiration] Will attempt to release 780 of memory
2026-05-07T20:20:27.225+0900 [DEBUG] [org.gradle.process.internal.health.memory.DefaultMemoryManager] 818327142 physical memory requested, 0 released, 684175360 free
2026-05-07T20:20:31.670+0900 [DEBUG] [org.gradle.cache.internal.DefaultFileLockManager] Waiting to acquire shared lock on daemon addresses registry.
2026-05-07T20:20:31.670+0900 [DEBUG] [org.gradle.cache.internal.DefaultFileLockManager] Lock acquired on daemon addresses registry.
2026-05-07T20:20:31.671+0900 [DEBUG] [org.gradle.cache.internal.DefaultFileLockManager] Releasing lock on daemon addresses registry.
2026-05-07T20:20:31.675+0900 [DEBUG] [org.gradle.cache.internal.DefaultFileLockManager] Waiting to acquire shared lock on daemon addresses registry.
2026-05-07T20:20:31.675+0900 [DEBUG] [org.gradle.cache.internal.DefaultFileLockManager] Lock acquired on daemon addresses registry.
2026-05-07T20:20:31.676+0900 [DEBUG] [org.gradle.cache.internal.DefaultFileLockManager] Releasing lock on daemon addresses registry.
2026-05-07T20:20:31.678+0900 [DEBUG] [org.gradle.cache.internal.DefaultFileLockManager] Waiting to acquire shared lock on daemon addresses registry.
2026-05-07T20:20:31.679+0900 [DEBUG] [org.gradle.cache.internal.DefaultFileLockManager] Lock acquired on daemon addresses registry.
2026-05-07T20:20:31.680+0900 [DEBUG] [org.gradle.cache.internal.DefaultFileLockManager] Releasing lock on daemon addresses registry.
2026-05-07T20:20:32.215+0900 [DEBUG] [org.gradle.process.internal.health.memory.DefaultMemoryManager] 818327142 physical memory requested, 689655808 free
2026-05-07T20:20:32.217+0900 [DEBUG] [org.gradle.workers.internal.WorkerDaemonExpiration] Will attempt to release 780 of memory
2026-05-07T20:20:32.217+0900 [DEBUG] [org.gradle.process.internal.health.memory.DefaultMemoryManager] 818327142 physical memory requested, 0 released, 689655808 free
2026-05-07T20:20:37.215+0900 [DEBUG] [org.gradle.process.internal.health.memory.DefaultMemoryManager] 818327142 physical memory requested, 673902592 free
2026-05-07T20:20:37.216+0900 [DEBUG] [org.gradle.workers.internal.WorkerDaemonExpiration] Will attempt to release 780 of memory
2026-05-07T20:20:37.216+0900 [DEBUG] [org.gradle.process.internal.health.memory.DefaultMemoryManager] 818327142 physical memory requested, 0 released, 673902592 free
2026-05-07T20:20:41.672+0900 [DEBUG] [org.gradle.cache.internal.DefaultFileLockManager] Waiting to acquire shared lock on daemon addresses registry.
2026-05-07T20:20:41.673+0900 [DEBUG] [org.gradle.cache.internal.DefaultFileLockManager] Lock acquired on daemon addresses registry.
2026-05-07T20:20:41.674+0900 [DEBUG] [org.gradle.cache.internal.DefaultFileLockManager] Releasing lock on daemon addresses registry.
2026-05-07T20:20:41.675+0900 [DEBUG] [org.gradle.cache.internal.DefaultFileLockManager] Waiting to acquire shared lock on daemon addresses registry.
2026-05-07T20:20:41.676+0900 [DEBUG] [org.gradle.cache.internal.DefaultFileLockManager] Lock acquired on daemon addresses registry.
2026-05-07T20:20:41.676+0900 [DEBUG] [org.gradle.cache.internal.DefaultFileLockManager] Releasing lock on daemon addresses registry.
2026-05-07T20:20:41.678+0900 [DEBUG] [org.gradle.cache.internal.DefaultFileLockManager] Waiting to acquire shared lock on daemon addresses registry.
2026-05-07T20:20:41.678+0900 [DEBUG] [org.gradle.cache.internal.DefaultFileLockManager] Lock acquired on daemon addresses registry.
2026-05-07T20:20:41.679+0900 [DEBUG] [org.gradle.cache.internal.DefaultFileLockManager] Releasing lock on daemon addresses registry.
2026-05-07T20:20:42.216+0900 [DEBUG] [org.gradle.process.internal.health.memory.DefaultMemoryManager] 818327142 physical memory requested, 682098688 free
2026-05-07T20:20:42.217+0900 [DEBUG] [org.gradle.workers.internal.WorkerDaemonExpiration] Will attempt to release 780 of memory
2026-05-07T20:20:42.217+0900 [DEBUG] [org.gradle.process.internal.health.memory.DefaultMemoryManager] 818327142 physical memory requested, 0 released, 682098688 free
2026-05-07T20:20:47.215+0900 [DEBUG] [org.gradle.process.internal.health.memory.DefaultMemoryManager] 818327142 physical memory requested, 619200512 free
2026-05-07T20:20:47.225+0900 [DEBUG] [org.gradle.workers.internal.WorkerDaemonExpiration] Will attempt to release 780 of memory
2026-05-07T20:20:47.225+0900 [DEBUG] [org.gradle.process.internal.health.memory.DefaultMemoryManager] 818327142 physical memory requested, 0 released, 619200512 free
2026-05-07T20:20:51.677+0900 [DEBUG] [org.gradle.cache.internal.DefaultFileLockManager] Waiting to acquire shared lock on daemon addresses registry.
2026-05-07T20:20:51.678+0900 [DEBUG] [org.gradle.cache.internal.DefaultFileLockManager] Lock acquired on daemon addresses registry.
2026-05-07T20:20:51.679+0900 [DEBUG] [org.gradle.cache.internal.DefaultFileLockManager] Releasing lock on daemon addresses registry.
2026-05-07T20:20:51.682+0900 [DEBUG] [org.gradle.cache.internal.DefaultFileLockManager] Waiting to acquire shared lock on daemon addresses registry.
2026-05-07T20:20:51.682+0900 [DEBUG] [org.gradle.cache.internal.DefaultFileLockManager] Lock acquired on daemon addresses registry.
2026-05-07T20:20:51.683+0900 [DEBUG] [org.gradle.cache.internal.DefaultFileLockManager] Releasing lock on daemon addresses registry.
2026-05-07T20:20:51.686+0900 [DEBUG] [org.gradle.cache.internal.DefaultFileLockManager] Waiting to acquire shared lock on daemon addresses registry.
2026-05-07T20:20:51.686+0900 [DEBUG] [org.gradle.cache.internal.DefaultFileLockManager] Lock acquired on daemon addresses registry.
2026-05-07T20:20:51.687+0900 [DEBUG] [org.gradle.cache.internal.DefaultFileLockManager] Releasing lock on daemon addresses registry.
2026-05-07T20:20:52.207+0900 [DEBUG] [org.gradle.process.internal.health.memory.DefaultMemoryManager] 818327142 physical memory requested, 631316480 free
2026-05-07T20:20:52.208+0900 [DEBUG] [org.gradle.workers.internal.WorkerDaemonExpiration] Will attempt to release 780 of memory
2026-05-07T20:20:52.208+0900 [DEBUG] [org.gradle.process.internal.health.memory.DefaultMemoryManager] 818327142 physical memory requested, 0 released, 631316480 free
2026-05-07T20:20:57.212+0900 [DEBUG] [org.gradle.process.internal.health.memory.DefaultMemoryManager] 818327142 physical memory requested, 623722496 free
2026-05-07T20:20:57.212+0900 [DEBUG] [org.gradle.workers.internal.WorkerDaemonExpiration] Will attempt to release 780 of memory
2026-05-07T20:20:57.212+0900 [DEBUG] [org.gradle.process.internal.health.memory.DefaultMemoryManager] 818327142 physical memory requested, 0 released, 623722496 free
2026-05-07T20:21:01.665+0900 [DEBUG] [org.gradle.cache.internal.DefaultFileLockManager] Waiting to acquire shared lock on daemon addresses registry.
2026-05-07T20:21:01.666+0900 [DEBUG] [org.gradle.cache.internal.DefaultFileLockManager] Lock acquired on daemon addresses registry.
2026-05-07T20:21:01.666+0900 [DEBUG] [org.gradle.cache.internal.DefaultFileLockManager] Releasing lock on daemon addresses registry.
2026-05-07T20:21:01.668+0900 [DEBUG] [org.gradle.cache.internal.DefaultFileLockManager] Waiting to acquire shared lock on daemon addresses registry.
2026-05-07T20:21:01.668+0900 [DEBUG] [org.gradle.cache.internal.DefaultFileLockManager] Lock acquired on daemon addresses registry.
2026-05-07T20:21:01.670+0900 [DEBUG] [org.gradle.cache.internal.DefaultFileLockManager] Releasing lock on daemon addresses registry.
2026-05-07T20:21:01.671+0900 [DEBUG] [org.gradle.cache.internal.DefaultFileLockManager] Waiting to acquire shared lock on daemon addresses registry.
2026-05-07T20:21:01.671+0900 [DEBUG] [org.gradle.cache.internal.DefaultFileLockManager] Lock acquired on daemon addresses registry.
2026-05-07T20:21:01.672+0900 [DEBUG] [org.gradle.cache.internal.DefaultFileLockManager] Releasing lock on daemon addresses registry.
2026-05-07T20:21:02.210+0900 [DEBUG] [org.gradle.process.internal.health.memory.DefaultMemoryManager] 818327142 physical memory requested, 547446784 free
2026-05-07T20:21:02.211+0900 [DEBUG] [org.gradle.workers.internal.WorkerDaemonExpiration] Will attempt to release 780 of memory
2026-05-07T20:21:02.211+0900 [DEBUG] [org.gradle.process.internal.health.memory.DefaultMemoryManager] 818327142 physical memory requested, 0 released, 547446784 free
2026-05-07T20:21:07.223+0900 [DEBUG] [org.gradle.process.internal.health.memory.DefaultMemoryManager] 818327142 physical memory requested, 531480576 free
2026-05-07T20:21:07.224+0900 [DEBUG] [org.gradle.workers.internal.WorkerDaemonExpiration] Will attempt to release 780 of memory
2026-05-07T20:21:07.224+0900 [DEBUG] [org.gradle.process.internal.health.memory.DefaultMemoryManager] 818327142 physical memory requested, 0 released, 531480576 free
2026-05-07T20:21:11.677+0900 [DEBUG] [org.gradle.cache.internal.DefaultFileLockManager] Waiting to acquire shared lock on daemon addresses registry.
2026-05-07T20:21:11.678+0900 [DEBUG] [org.gradle.cache.internal.DefaultFileLockManager] Lock acquired on daemon addresses registry.
2026-05-07T20:21:11.679+0900 [DEBUG] [org.gradle.cache.internal.DefaultFileLockManager] Releasing lock on daemon addresses registry.
2026-05-07T20:21:11.681+0900 [DEBUG] [org.gradle.cache.internal.DefaultFileLockManager] Waiting to acquire shared lock on daemon addresses registry.
2026-05-07T20:21:11.681+0900 [DEBUG] [org.gradle.cache.internal.DefaultFileLockManager] Lock acquired on daemon addresses registry.
2026-05-07T20:21:11.682+0900 [DEBUG] [org.gradle.cache.internal.DefaultFileLockManager] Releasing lock on daemon addresses registry.
2026-05-07T20:21:11.683+0900 [DEBUG] [org.gradle.cache.internal.DefaultFileLockManager] Waiting to acquire shared lock on daemon addresses registry.
2026-05-07T20:21:11.684+0900 [DEBUG] [org.gradle.cache.internal.DefaultFileLockManager] Lock acquired on daemon addresses registry.
2026-05-07T20:21:11.684+0900 [DEBUG] [org.gradle.cache.internal.DefaultFileLockManager] Releasing lock on daemon addresses registry.
2026-05-07T20:21:12.208+0900 [DEBUG] [org.gradle.process.internal.health.memory.DefaultMemoryManager] 818327142 physical memory requested, 527527936 free
2026-05-07T20:21:12.209+0900 [DEBUG] [org.gradle.workers.internal.WorkerDaemonExpiration] Will attempt to release 780 of memory
2026-05-07T20:21:12.212+0900 [DEBUG] [org.gradle.process.internal.health.memory.DefaultMemoryManager] 818327142 physical memory requested, 0 released, 527527936 free
2026-05-07T20:21:17.212+0900 [DEBUG] [org.gradle.process.internal.health.memory.DefaultMemoryManager] 818327142 physical memory requested, 552099840 free
2026-05-07T20:21:17.212+0900 [DEBUG] [org.gradle.workers.internal.WorkerDaemonExpiration] Will attempt to release 780 of memory
2026-05-07T20:21:17.212+0900 [DEBUG] [org.gradle.process.internal.health.memory.DefaultMemoryManager] 818327142 physical memory requested, 0 released, 552099840 free
2026-05-07T20:21:21.672+0900 [DEBUG] [org.gradle.cache.internal.DefaultFileLockManager] Waiting to acquire shared lock on daemon addresses registry.
2026-05-07T20:21:21.672+0900 [DEBUG] [org.gradle.cache.internal.DefaultFileLockManager] Lock acquired on daemon addresses registry.
2026-05-07T20:21:21.673+0900 [DEBUG] [org.gradle.cache.internal.DefaultFileLockManager] Releasing lock on daemon addresses registry.
2026-05-07T20:21:21.675+0900 [DEBUG] [org.gradle.cache.internal.DefaultFileLockManager] Waiting to acquire shared lock on daemon addresses registry.
2026-05-07T20:21:21.675+0900 [DEBUG] [org.gradle.cache.internal.DefaultFileLockManager] Lock acquired on daemon addresses registry.
2026-05-07T20:21:21.676+0900 [DEBUG] [org.gradle.cache.internal.DefaultFileLockManager] Releasing lock on daemon addresses registry.
2026-05-07T20:21:21.677+0900 [DEBUG] [org.gradle.cache.internal.DefaultFileLockManager] Waiting to acquire shared lock on daemon addresses registry.
2026-05-07T20:21:21.678+0900 [DEBUG] [org.gradle.cache.internal.DefaultFileLockManager] Lock acquired on daemon addresses registry.
2026-05-07T20:21:21.678+0900 [DEBUG] [org.gradle.cache.internal.DefaultFileLockManager] Releasing lock on daemon addresses registry.
2026-05-07T20:21:22.215+0900 [DEBUG] [org.gradle.process.internal.health.memory.DefaultMemoryManager] 818327142 physical memory requested, 545312768 free
2026-05-07T20:21:22.216+0900 [DEBUG] [org.gradle.workers.internal.WorkerDaemonExpiration] Will attempt to release 780 of memory
2026-05-07T20:21:22.216+0900 [DEBUG] [org.gradle.process.internal.health.memory.DefaultMemoryManager] 818327142 physical memory requested, 0 released, 545312768 free
2026-05-07T20:21:27.218+0900 [DEBUG] [org.gradle.process.internal.health.memory.DefaultMemoryManager] 818327142 physical memory requested, 517107712 free
2026-05-07T20:21:27.219+0900 [DEBUG] [org.gradle.workers.internal.WorkerDaemonExpiration] Will attempt to release 780 of memory
2026-05-07T20:21:27.220+0900 [DEBUG] [org.gradle.process.internal.health.memory.DefaultMemoryManager] 818327142 physical memory requested, 0 released, 517107712 free
2026-05-07T20:21:31.666+0900 [DEBUG] [org.gradle.cache.internal.DefaultFileLockManager] Waiting to acquire shared lock on daemon addresses registry.
2026-05-07T20:21:31.667+0900 [DEBUG] [org.gradle.cache.internal.DefaultFileLockManager] Lock acquired on daemon addresses registry.
2026-05-07T20:21:31.668+0900 [DEBUG] [org.gradle.cache.internal.DefaultFileLockManager] Releasing lock on daemon addresses registry.
2026-05-07T20:21:31.669+0900 [DEBUG] [org.gradle.cache.internal.DefaultFileLockManager] Waiting to acquire shared lock on daemon addresses registry.
2026-05-07T20:21:31.670+0900 [DEBUG] [org.gradle.cache.internal.DefaultFileLockManager] Lock acquired on daemon addresses registry.
2026-05-07T20:21:31.670+0900 [DEBUG] [org.gradle.cache.internal.DefaultFileLockManager] Releasing lock on daemon addresses registry.
2026-05-07T20:21:31.671+0900 [DEBUG] [org.gradle.cache.internal.DefaultFileLockManager] Waiting to acquire shared lock on daemon addresses registry.
2026-05-07T20:21:31.672+0900 [DEBUG] [org.gradle.cache.internal.DefaultFileLockManager] Lock acquired on daemon addresses registry.
2026-05-07T20:21:31.672+0900 [DEBUG] [org.gradle.cache.internal.DefaultFileLockManager] Releasing lock on daemon addresses registry.
2026-05-07T20:21:32.215+0900 [DEBUG] [org.gradle.process.internal.health.memory.DefaultMemoryManager] 818327142 physical memory requested, 508260352 free
2026-05-07T20:21:32.215+0900 [DEBUG] [org.gradle.workers.internal.WorkerDaemonExpiration] Will attempt to release 780 of memory
2026-05-07T20:21:32.216+0900 [DEBUG] [org.gradle.process.internal.health.memory.DefaultMemoryManager] 818327142 physical memory requested, 0 released, 508260352 free
2026-05-07T20:21:37.217+0900 [DEBUG] [org.gradle.process.internal.health.memory.DefaultMemoryManager] 818327142 physical memory requested, 447983616 free
2026-05-07T20:21:37.218+0900 [DEBUG] [org.gradle.workers.internal.WorkerDaemonExpiration] Will attempt to release 780 of memory
2026-05-07T20:21:37.218+0900 [DEBUG] [org.gradle.process.internal.health.memory.DefaultMemoryManager] 818327142 physical memory requested, 0 released, 447983616 free
2026-05-07T20:21:41.663+0900 [DEBUG] [org.gradle.cache.internal.DefaultFileLockManager] Waiting to acquire shared lock on daemon addresses registry.
2026-05-07T20:21:41.663+0900 [DEBUG] [org.gradle.cache.internal.DefaultFileLockManager] Lock acquired on daemon addresses registry.
2026-05-07T20:21:41.663+0900 [DEBUG] [org.gradle.cache.internal.DefaultFileLockManager] Releasing lock on daemon addresses registry.
2026-05-07T20:21:41.664+0900 [DEBUG] [org.gradle.cache.internal.DefaultFileLockManager] Waiting to acquire shared lock on daemon addresses registry.
2026-05-07T20:21:41.664+0900 [DEBUG] [org.gradle.cache.internal.DefaultFileLockManager] Lock acquired on daemon addresses registry.
2026-05-07T20:21:41.665+0900 [DEBUG] [org.gradle.cache.internal.DefaultFileLockManager] Releasing lock on daemon addresses registry.
2026-05-07T20:21:41.665+0900 [DEBUG] [org.gradle.cache.internal.DefaultFileLockManager] Waiting to acquire shared lock on daemon addresses registry.
2026-05-07T20:21:41.668+0900 [DEBUG] [org.gradle.cache.internal.DefaultFileLockManager] Lock acquired on daemon addresses registry.
2026-05-07T20:21:41.668+0900 [DEBUG] [org.gradle.cache.internal.DefaultFileLockManager] Releasing lock on daemon addresses registry.
2026-05-07T20:21:51.675+0900 [DEBUG] [org.gradle.cache.internal.DefaultFileLockManager] Waiting to acquire shared lock on daemon addresses registry.
2026-05-07T20:21:51.678+0900 [DEBUG] [org.gradle.cache.internal.DefaultFileLockManager] Lock acquired on daemon addresses registry.
2026-05-07T20:21:51.679+0900 [DEBUG] [org.gradle.cache.internal.DefaultFileLockManager] Releasing lock on daemon addresses registry.
2026-05-07T20:21:51.682+0900 [DEBUG] [org.gradle.cache.internal.DefaultFileLockManager] Waiting to acquire shared lock on daemon addresses registry.
2026-05-07T20:21:51.683+0900 [DEBUG] [org.gradle.cache.internal.DefaultFileLockManager] Lock acquired on daemon addresses registry.
2026-05-07T20:21:51.684+0900 [DEBUG] [org.gradle.cache.internal.DefaultFileLockManager] Releasing lock on daemon addresses registry.
2026-05-07T20:21:51.686+0900 [DEBUG] [org.gradle.cache.internal.DefaultFileLockManager] Waiting to acquire shared lock on daemon addresses registry.
2026-05-07T20:21:51.686+0900 [DEBUG] [org.gradle.cache.internal.DefaultFileLockManager] Lock acquired on daemon addresses registry.
2026-05-07T20:21:51.687+0900 [DEBUG] [org.gradle.cache.internal.DefaultFileLockManager] Releasing lock on daemon addresses registry.
2026-05-07T20:21:52.221+0900 [DEBUG] [org.gradle.process.internal.health.memory.DefaultMemoryManager] 818327142 physical memory requested, 797450240 free
2026-05-07T20:21:52.222+0900 [DEBUG] [org.gradle.workers.internal.WorkerDaemonExpiration] Will attempt to release 780 of memory
2026-05-07T20:21:52.222+0900 [DEBUG] [org.gradle.process.internal.health.memory.DefaultMemoryManager] 818327142 physical memory requested, 0 released, 797450240 free
2026-05-07T20:21:57.220+0900 [DEBUG] [org.gradle.process.internal.health.memory.DefaultMemoryManager] 818327142 physical memory requested, 727212032 free
2026-05-07T20:21:57.221+0900 [DEBUG] [org.gradle.workers.internal.WorkerDaemonExpiration] Will attempt to release 780 of memory
2026-05-07T20:21:57.221+0900 [DEBUG] [org.gradle.process.internal.health.memory.DefaultMemoryManager] 818327142 physical memory requested, 0 released, 727212032 free
2026-05-07T20:22:01.665+0900 [DEBUG] [org.gradle.cache.internal.DefaultFileLockManager] Waiting to acquire shared lock on daemon addresses registry.
2026-05-07T20:22:01.666+0900 [DEBUG] [org.gradle.cache.internal.DefaultFileLockManager] Lock acquired on daemon addresses registry.
2026-05-07T20:22:01.668+0900 [DEBUG] [org.gradle.cache.internal.DefaultFileLockManager] Releasing lock on daemon addresses registry.
2026-05-07T20:22:01.670+0900 [DEBUG] [org.gradle.cache.internal.DefaultFileLockManager] Waiting to acquire shared lock on daemon addresses registry.
2026-05-07T20:22:01.670+0900 [DEBUG] [org.gradle.cache.internal.DefaultFileLockManager] Lock acquired on daemon addresses registry.
2026-05-07T20:22:01.671+0900 [DEBUG] [org.gradle.cache.internal.DefaultFileLockManager] Releasing lock on daemon addresses registry.
2026-05-07T20:22:01.672+0900 [DEBUG] [org.gradle.cache.internal.DefaultFileLockManager] Waiting to acquire shared lock on daemon addresses registry.
2026-05-07T20:22:01.672+0900 [DEBUG] [org.gradle.cache.internal.DefaultFileLockManager] Lock acquired on daemon addresses registry.
2026-05-07T20:22:01.673+0900 [DEBUG] [org.gradle.cache.internal.DefaultFileLockManager] Releasing lock on daemon addresses registry.
2026-05-07T20:22:02.207+0900 [DEBUG] [org.gradle.process.internal.health.memory.DefaultMemoryManager] 818327142 physical memory requested, 504926208 free
2026-05-07T20:22:02.207+0900 [DEBUG] [org.gradle.workers.internal.WorkerDaemonExpiration] Will attempt to release 780 of memory
2026-05-07T20:22:02.207+0900 [DEBUG] [org.gradle.process.internal.health.memory.DefaultMemoryManager] 818327142 physical memory requested, 0 released, 504926208 free
2026-05-07T20:22:07.216+0900 [DEBUG] [org.gradle.process.internal.health.memory.DefaultMemoryManager] 818327142 physical memory requested, 429334528 free
2026-05-07T20:22:07.216+0900 [DEBUG] [org.gradle.workers.internal.WorkerDaemonExpiration] Will attempt to release 780 of memory
2026-05-07T20:22:07.217+0900 [DEBUG] [org.gradle.process.internal.health.memory.DefaultMemoryManager] 818327142 physical memory requested, 0 released, 429334528 free
2026-05-07T20:22:11.670+0900 [DEBUG] [org.gradle.cache.internal.DefaultFileLockManager] Waiting to acquire shared lock on daemon addresses registry.
2026-05-07T20:22:11.670+0900 [DEBUG] [org.gradle.cache.internal.DefaultFileLockManager] Lock acquired on daemon addresses registry.
2026-05-07T20:22:11.671+0900 [DEBUG] [org.gradle.cache.internal.DefaultFileLockManager] Releasing lock on daemon addresses registry.
2026-05-07T20:22:11.674+0900 [DEBUG] [org.gradle.cache.internal.DefaultFileLockManager] Waiting to acquire shared lock on daemon addresses registry.
2026-05-07T20:22:11.674+0900 [DEBUG] [org.gradle.cache.internal.DefaultFileLockManager] Lock acquired on daemon addresses registry.
2026-05-07T20:22:11.676+0900 [DEBUG] [org.gradle.cache.internal.DefaultFileLockManager] Releasing lock on daemon addresses registry.
2026-05-07T20:22:11.678+0900 [DEBUG] [org.gradle.cache.internal.DefaultFileLockManager] Waiting to acquire shared lock on daemon addresses registry.
2026-05-07T20:22:11.678+0900 [DEBUG] [org.gradle.cache.internal.DefaultFileLockManager] Lock acquired on daemon addresses registry.
2026-05-07T20:22:11.678+0900 [DEBUG] [org.gradle.cache.internal.DefaultFileLockManager] Releasing lock on daemon addresses registry.
2026-05-07T20:22:12.213+0900 [DEBUG] [org.gradle.process.internal.health.memory.DefaultMemoryManager] 818327142 physical memory requested, 594284544 free
2026-05-07T20:22:12.213+0900 [DEBUG] [org.gradle.workers.internal.WorkerDaemonExpiration] Will attempt to release 780 of memory
2026-05-07T20:22:12.214+0900 [DEBUG] [org.gradle.process.internal.health.memory.DefaultMemoryManager] 818327142 physical memory requested, 0 released, 594284544 free
2026-05-07T20:22:17.210+0900 [DEBUG] [org.gradle.process.internal.health.memory.DefaultMemoryManager] 818327142 physical memory requested, 667095040 free
2026-05-07T20:22:17.210+0900 [DEBUG] [org.gradle.workers.internal.WorkerDaemonExpiration] Will attempt to release 780 of memory
2026-05-07T20:22:17.210+0900 [DEBUG] [org.gradle.process.internal.health.memory.DefaultMemoryManager] 818327142 physical memory requested, 0 released, 667095040 free
2026-05-07T20:22:21.667+0900 [DEBUG] [org.gradle.cache.internal.DefaultFileLockManager] Waiting to acquire shared lock on daemon addresses registry.
2026-05-07T20:22:21.668+0900 [DEBUG] [org.gradle.cache.internal.DefaultFileLockManager] Lock acquired on daemon addresses registry.
2026-05-07T20:22:21.669+0900 [DEBUG] [org.gradle.cache.internal.DefaultFileLockManager] Releasing lock on daemon addresses registry.
2026-05-07T20:22:21.673+0900 [DEBUG] [org.gradle.cache.internal.DefaultFileLockManager] Waiting to acquire shared lock on daemon addresses registry.
2026-05-07T20:22:21.674+0900 [DEBUG] [org.gradle.cache.internal.DefaultFileLockManager] Lock acquired on daemon addresses registry.
2026-05-07T20:22:21.674+0900 [DEBUG] [org.gradle.cache.internal.DefaultFileLockManager] Releasing lock on daemon addresses registry.
2026-05-07T20:22:21.676+0900 [DEBUG] [org.gradle.cache.internal.DefaultFileLockManager] Waiting to acquire shared lock on daemon addresses registry.
2026-05-07T20:22:21.677+0900 [DEBUG] [org.gradle.cache.internal.DefaultFileLockManager] Lock acquired on daemon addresses registry.
2026-05-07T20:22:21.677+0900 [DEBUG] [org.gradle.cache.internal.DefaultFileLockManager] Releasing lock on daemon addresses registry.
2026-05-07T20:22:31.672+0900 [DEBUG] [org.gradle.cache.internal.DefaultFileLockManager] Waiting to acquire shared lock on daemon addresses registry.
2026-05-07T20:22:31.672+0900 [DEBUG] [org.gradle.cache.internal.DefaultFileLockManager] Lock acquired on daemon addresses registry.
2026-05-07T20:22:31.672+0900 [DEBUG] [org.gradle.cache.internal.DefaultFileLockManager] Releasing lock on daemon addresses registry.
2026-05-07T20:22:31.674+0900 [DEBUG] [org.gradle.cache.internal.DefaultFileLockManager] Waiting to acquire shared lock on daemon addresses registry.
2026-05-07T20:22:31.674+0900 [DEBUG] [org.gradle.cache.internal.DefaultFileLockManager] Lock acquired on daemon addresses registry.
2026-05-07T20:22:31.675+0900 [DEBUG] [org.gradle.cache.internal.DefaultFileLockManager] Releasing lock on daemon addresses registry.
2026-05-07T20:22:31.676+0900 [DEBUG] [org.gradle.cache.internal.DefaultFileLockManager] Waiting to acquire shared lock on daemon addresses registry.
2026-05-07T20:22:31.676+0900 [DEBUG] [org.gradle.cache.internal.DefaultFileLockManager] Lock acquired on daemon addresses registry.
2026-05-07T20:22:31.677+0900 [DEBUG] [org.gradle.cache.internal.DefaultFileLockManager] Releasing lock on daemon addresses registry.
2026-05-07T20:22:32.211+0900 [DEBUG] [org.gradle.process.internal.health.memory.DefaultMemoryManager] 818327142 physical memory requested, 704544768 free
2026-05-07T20:22:32.211+0900 [DEBUG] [org.gradle.workers.internal.WorkerDaemonExpiration] Will attempt to release 780 of memory
2026-05-07T20:22:32.211+0900 [DEBUG] [org.gradle.process.internal.health.memory.DefaultMemoryManager] 818327142 physical memory requested, 0 released, 704544768 free
2026-05-07T20:22:34.214+0900 [DEBUG] [org.gradle.internal.watch.vfs.impl.WatchingVirtualFileSystem] Handling VFS change REMOVED D:\Codes\Pogun_Back\src\main\java\com\example\pogun\config\ReportSchemaConstraintInitializer.java
2026-05-07T20:22:34.378+0900 [DEBUG] [org.gradle.internal.watch.vfs.impl.WatchingVirtualFileSystem] Handling VFS change REMOVED D:\Codes\Pogun_Back\src\main\java\com\example\pogun\dto\auth\TokenRefreshRequest.java
2026-05-07T20:22:34.379+0900 [DEBUG] [org.gradle.internal.watch.vfs.impl.WatchingVirtualFileSystem] Handling VFS change REMOVED D:\Codes\Pogun_Back\src\main\java\com\example\pogun\dto\auth\TokenRefreshResponse.java
2026-05-07T20:22:34.380+0900 [DEBUG] [org.gradle.internal.watch.vfs.impl.WatchingVirtualFileSystem] Handling VFS change REMOVED D:\Codes\Pogun_Back\src\main\java\com\example\pogun\entity\admin\AdminReferenceData.java
2026-05-07T20:22:34.381+0900 [DEBUG] [org.gradle.internal.watch.vfs.impl.WatchingVirtualFileSystem] Handling VFS change REMOVED D:\Codes\Pogun_Back\src\main\java\com\example\pogun\repository\admin\AdminReferenceDataRepository.java
2026-05-07T20:22:34.383+0900 [DEBUG] [org.gradle.internal.watch.vfs.impl.WatchingVirtualFileSystem] Handling VFS change REMOVED D:\Codes\Pogun_Back\src\main\java\com\example\pogun\service\auth\FirebaseTokenRefreshService.java
2026-05-07T20:22:34.384+0900 [DEBUG] [org.gradle.internal.watch.vfs.impl.WatchingVirtualFileSystem] Handling VFS change REMOVED D:\Codes\Pogun_Back\src\main\resources\static\Full_Compact.html
2026-05-07T20:22:34.389+0900 [DEBUG] [org.gradle.internal.watch.vfs.impl.WatchingVirtualFileSystem] Handling VFS change REMOVED D:\Codes\Pogun_Back\src\main\resources\static\full_compact\admin-theme.css
2026-05-07T20:22:34.389+0900 [DEBUG] [org.gradle.internal.watch.vfs.impl.WatchingVirtualFileSystem] Handling VFS change REMOVED D:\Codes\Pogun_Back\src\main\resources\static\full_compact\pages\admin-flow.html
2026-05-07T20:22:34.390+0900 [DEBUG] [org.gradle.internal.watch.vfs.impl.WatchingVirtualFileSystem] Handling VFS change REMOVED D:\Codes\Pogun_Back\src\main\resources\static\full_compact\pages\dm-flow.html
2026-05-07T20:22:34.390+0900 [DEBUG] [org.gradle.internal.watch.vfs.impl.WatchingVirtualFileSystem] Handling VFS change REMOVED D:\Codes\Pogun_Back\src\main\resources\static\full_compact\pages\login-flow.html
2026-05-07T20:22:34.392+0900 [DEBUG] [org.gradle.internal.watch.vfs.impl.WatchingVirtualFileSystem] Handling VFS change REMOVED D:\Codes\Pogun_Back\src\main\resources\static\full_compact\pages\notice-flow.html
2026-05-07T20:22:34.392+0900 [DEBUG] [org.gradle.internal.watch.vfs.impl.WatchingVirtualFileSystem] Handling VFS change REMOVED D:\Codes\Pogun_Back\src\main\resources\static\full_compact\pages\notification-flow.html
2026-05-07T20:22:34.393+0900 [DEBUG] [org.gradle.internal.watch.vfs.impl.WatchingVirtualFileSystem] Handling VFS change REMOVED D:\Codes\Pogun_Back\src\main\resources\static\full_compact\pages\shelter-flow.html
2026-05-07T20:22:34.394+0900 [DEBUG] [org.gradle.internal.watch.vfs.impl.WatchingVirtualFileSystem] Handling VFS change REMOVED D:\Codes\Pogun_Back\src\main\resources\static\js\auth-refresh.js
2026-05-07T20:22:34.395+0900 [DEBUG] [org.gradle.internal.watch.vfs.impl.WatchingVirtualFileSystem] Handling VFS change REMOVED D:\Codes\Pogun_Back\src\main\resources\static\full_compact\pages
2026-05-07T20:22:34.395+0900 [DEBUG] [org.gradle.internal.watch.vfs.impl.WatchingVirtualFileSystem] Handling VFS change REMOVED D:\Codes\Pogun_Back\src\main\resources\static\full_compact
2026-05-07T20:22:34.397+0900 [DEBUG] [org.gradle.internal.watch.vfs.impl.WatchingVirtualFileSystem] Handling VFS change REMOVED D:\Codes\Pogun_Back\src\main\java\com\example\pogun\config\security\FirebaseTokenFilter.java
2026-05-07T20:22:34.400+0900 [DEBUG] [org.gradle.internal.watch.vfs.impl.WatchingVirtualFileSystem] Handling VFS change REMOVED D:\Codes\Pogun_Back\src\main\java\com\example\pogun\config\security\SecurityConfig.java
2026-05-07T20:22:34.401+0900 [DEBUG] [org.gradle.internal.watch.vfs.impl.WatchingVirtualFileSystem] Handling VFS change REMOVED D:\Codes\Pogun_Back\src\main\java\com\example\pogun\controller\admin\AdminAuthController.java
2026-05-07T20:22:34.401+0900 [DEBUG] [org.gradle.internal.watch.vfs.impl.WatchingVirtualFileSystem] Handling VFS change REMOVED D:\Codes\Pogun_Back\src\main\java\com\example\pogun\controller\admin\AdminController.java
2026-05-07T20:22:34.402+0900 [DEBUG] [org.gradle.internal.watch.vfs.impl.WatchingVirtualFileSystem] Handling VFS change REMOVED D:\Codes\Pogun_Back\src\main\java\com\example\pogun\controller\auth\AuthController.java
2026-05-07T20:22:34.403+0900 [DEBUG] [org.gradle.internal.watch.vfs.impl.WatchingVirtualFileSystem] Handling VFS change REMOVED D:\Codes\Pogun_Back\src\main\java\com\example\pogun\repository\missingpet\PetNoticeRepository.java
2026-05-07T20:22:34.405+0900 [DEBUG] [org.gradle.internal.watch.vfs.impl.WatchingVirtualFileSystem] Handling VFS change REMOVED D:\Codes\Pogun_Back\src\main\java\com\example\pogun\repository\noticechat\NoticeChatMessageRepository.java
2026-05-07T20:22:34.406+0900 [DEBUG] [org.gradle.internal.watch.vfs.impl.WatchingVirtualFileSystem] Handling VFS change REMOVED D:\Codes\Pogun_Back\src\main\java\com\example\pogun\repository\shelterpet\ShelterPetRepository.java
2026-05-07T20:22:34.406+0900 [DEBUG] [org.gradle.internal.watch.vfs.impl.WatchingVirtualFileSystem] Handling VFS change REMOVED D:\Codes\Pogun_Back\src\main\java\com\example\pogun\service\admin\AdminConsoleService.java
2026-05-07T20:22:34.407+0900 [DEBUG] [org.gradle.internal.watch.vfs.impl.WatchingVirtualFileSystem] Handling VFS change REMOVED D:\Codes\Pogun_Back\src\main\java\com\example\pogun\service\admin\AdminService.java
2026-05-07T20:22:34.407+0900 [DEBUG] [org.gradle.internal.watch.vfs.impl.WatchingVirtualFileSystem] Handling VFS change REMOVED D:\Codes\Pogun_Back\src\main\java\com\example\pogun\service\adminauth\AdminAuthService.java
2026-05-07T20:22:34.407+0900 [DEBUG] [org.gradle.internal.watch.vfs.impl.WatchingVirtualFileSystem] Handling VFS change REMOVED D:\Codes\Pogun_Back\src\main\java\com\example\pogun\service\adminauth\AdminSessionTokenService.java
2026-05-07T20:22:34.408+0900 [DEBUG] [org.gradle.internal.watch.vfs.impl.WatchingVirtualFileSystem] Handling VFS change REMOVED D:\Codes\Pogun_Back\src\main\java\com\example\pogun\service\auth\AuthService.java
2026-05-07T20:22:34.408+0900 [DEBUG] [org.gradle.internal.watch.vfs.impl.WatchingVirtualFileSystem] Handling VFS change REMOVED D:\Codes\Pogun_Back\src\main\java\com\example\pogun\service\auth\CompositeFirebaseIdentityProvider.java
2026-05-07T20:22:34.408+0900 [DEBUG] [org.gradle.internal.watch.vfs.impl.WatchingVirtualFileSystem] Handling VFS change REMOVED D:\Codes\Pogun_Back\src\main\java\com\example\pogun\service\auth\FirebaseAdminIdentityProvider.java
2026-05-07T20:22:34.409+0900 [DEBUG] [org.gradle.internal.watch.vfs.impl.WatchingVirtualFileSystem] Handling VFS change REMOVED D:\Codes\Pogun_Back\src\main\java\com\example\pogun\service\auth\FirebaseIdentityService.java
2026-05-07T20:22:34.410+0900 [DEBUG] [org.gradle.internal.watch.vfs.impl.WatchingVirtualFileSystem] Handling VFS change REMOVED D:\Codes\Pogun_Back\src\main\java\com\example\pogun\service\auth\FirebaseLookupIdentityProvider.java
2026-05-07T20:22:34.410+0900 [DEBUG] [org.gradle.internal.watch.vfs.impl.WatchingVirtualFileSystem] Handling VFS change REMOVED D:\Codes\Pogun_Back\src\main\java\com\example\pogun\service\missingpet\MissingPetService.java
2026-05-07T20:22:34.411+0900 [DEBUG] [org.gradle.internal.watch.vfs.impl.WatchingVirtualFileSystem] Handling VFS change REMOVED D:\Codes\Pogun_Back\src\main\java\com\example\pogun\service\shelterpet\ShelterPetService.java
2026-05-07T20:22:34.411+0900 [DEBUG] [org.gradle.internal.watch.vfs.impl.WatchingVirtualFileSystem] Handling VFS change REMOVED D:\Codes\Pogun_Back\src\main\java\com\example\pogun\service\user\UserPresenceService.java
2026-05-07T20:22:34.412+0900 [DEBUG] [org.gradle.internal.watch.vfs.impl.WatchingVirtualFileSystem] Handling VFS change REMOVED D:\Codes\Pogun_Back\src\main\resources\application.yml
2026-05-07T20:22:34.412+0900 [DEBUG] [org.gradle.internal.watch.vfs.impl.WatchingVirtualFileSystem] Handling VFS change REMOVED D:\Codes\Pogun_Back\src\main\resources\static\admin-flow.html
2026-05-07T20:22:34.412+0900 [DEBUG] [org.gradle.internal.watch.vfs.impl.WatchingVirtualFileSystem] Handling VFS change REMOVED D:\Codes\Pogun_Back\src\main\resources\static\dm-flow.html
2026-05-07T20:22:34.413+0900 [DEBUG] [org.gradle.internal.watch.vfs.impl.WatchingVirtualFileSystem] Handling VFS change REMOVED D:\Codes\Pogun_Back\src\main\resources\static\firebase-messaging-sw.js
2026-05-07T20:22:34.413+0900 [DEBUG] [org.gradle.internal.watch.vfs.impl.WatchingVirtualFileSystem] Handling VFS change REMOVED D:\Codes\Pogun_Back\src\main\resources\static\global-presence.js
2026-05-07T20:22:34.414+0900 [DEBUG] [org.gradle.internal.watch.vfs.impl.WatchingVirtualFileSystem] Handling VFS change REMOVED D:\Codes\Pogun_Back\src\main\resources\static\js\api-client.js
2026-05-07T20:22:34.414+0900 [DEBUG] [org.gradle.internal.watch.vfs.impl.WatchingVirtualFileSystem] Handling VFS change REMOVED D:\Codes\Pogun_Back\src\main\resources\static\login-flow.html
2026-05-07T20:22:34.415+0900 [DEBUG] [org.gradle.internal.watch.vfs.impl.WatchingVirtualFileSystem] Handling VFS change REMOVED D:\Codes\Pogun_Back\src\main\resources\static\notice-flow.html
2026-05-07T20:22:34.415+0900 [DEBUG] [org.gradle.internal.watch.vfs.impl.WatchingVirtualFileSystem] Handling VFS change REMOVED D:\Codes\Pogun_Back\src\main\resources\static\notification-flow.html
2026-05-07T20:22:34.415+0900 [DEBUG] [org.gradle.internal.watch.vfs.impl.WatchingVirtualFileSystem] Handling VFS change REMOVED D:\Codes\Pogun_Back\src\main\resources\static\notification-push.js
2026-05-07T20:22:34.416+0900 [DEBUG] [org.gradle.internal.watch.vfs.impl.WatchingVirtualFileSystem] Handling VFS change REMOVED D:\Codes\Pogun_Back\src\main\resources\static\notification-web.js
2026-05-07T20:22:34.416+0900 [DEBUG] [org.gradle.internal.watch.vfs.impl.WatchingVirtualFileSystem] Handling VFS change REMOVED D:\Codes\Pogun_Back\src\main\resources\static\shelter-flow.html
2026-05-07T20:22:37.210+0900 [DEBUG] [org.gradle.process.internal.health.memory.DefaultMemoryManager] 818327142 physical memory requested, 690216960 free
2026-05-07T20:22:37.211+0900 [DEBUG] [org.gradle.workers.internal.WorkerDaemonExpiration] Will attempt to release 780 of memory
2026-05-07T20:22:37.211+0900 [DEBUG] [org.gradle.process.internal.health.memory.DefaultMemoryManager] 818327142 physical memory requested, 0 released, 690216960 free
2026-05-07T20:22:41.672+0900 [DEBUG] [org.gradle.cache.internal.DefaultFileLockManager] Waiting to acquire shared lock on daemon addresses registry.
2026-05-07T20:22:41.673+0900 [DEBUG] [org.gradle.cache.internal.DefaultFileLockManager] Lock acquired on daemon addresses registry.
2026-05-07T20:22:41.674+0900 [DEBUG] [org.gradle.cache.internal.DefaultFileLockManager] Releasing lock on daemon addresses registry.
2026-05-07T20:22:41.676+0900 [DEBUG] [org.gradle.cache.internal.DefaultFileLockManager] Waiting to acquire shared lock on daemon addresses registry.
2026-05-07T20:22:41.676+0900 [DEBUG] [org.gradle.cache.internal.DefaultFileLockManager] Lock acquired on daemon addresses registry.
2026-05-07T20:22:41.677+0900 [DEBUG] [org.gradle.cache.internal.DefaultFileLockManager] Releasing lock on daemon addresses registry.
2026-05-07T20:22:41.679+0900 [DEBUG] [org.gradle.cache.internal.DefaultFileLockManager] Waiting to acquire shared lock on daemon addresses registry.
2026-05-07T20:22:41.679+0900 [DEBUG] [org.gradle.cache.internal.DefaultFileLockManager] Lock acquired on daemon addresses registry.
2026-05-07T20:22:41.680+0900 [DEBUG] [org.gradle.cache.internal.DefaultFileLockManager] Releasing lock on daemon addresses registry.
2026-05-07T20:22:51.674+0900 [DEBUG] [org.gradle.cache.internal.DefaultFileLockManager] Waiting to acquire shared lock on daemon addresses registry.
2026-05-07T20:22:51.674+0900 [DEBUG] [org.gradle.cache.internal.DefaultFileLockManager] Lock acquired on daemon addresses registry.
2026-05-07T20:22:51.675+0900 [DEBUG] [org.gradle.cache.internal.DefaultFileLockManager] Releasing lock on daemon addresses registry.
2026-05-07T20:22:51.677+0900 [DEBUG] [org.gradle.cache.internal.DefaultFileLockManager] Waiting to acquire shared lock on daemon addresses registry.
2026-05-07T20:22:51.678+0900 [DEBUG] [org.gradle.cache.internal.DefaultFileLockManager] Lock acquired on daemon addresses registry.
2026-05-07T20:22:51.678+0900 [DEBUG] [org.gradle.cache.internal.DefaultFileLockManager] Releasing lock on daemon addresses registry.
2026-05-07T20:22:51.679+0900 [DEBUG] [org.gradle.cache.internal.DefaultFileLockManager] Waiting to acquire shared lock on daemon addresses registry.
2026-05-07T20:22:51.680+0900 [DEBUG] [org.gradle.cache.internal.DefaultFileLockManager] Lock acquired on daemon addresses registry.
2026-05-07T20:22:51.680+0900 [DEBUG] [org.gradle.cache.internal.DefaultFileLockManager] Releasing lock on daemon addresses registry.
2026-05-07T20:23:01.669+0900 [DEBUG] [org.gradle.cache.internal.DefaultFileLockManager] Waiting to acquire shared lock on daemon addresses registry.
2026-05-07T20:23:01.670+0900 [DEBUG] [org.gradle.cache.internal.DefaultFileLockManager] Lock acquired on daemon addresses registry.
2026-05-07T20:23:01.671+0900 [DEBUG] [org.gradle.cache.internal.DefaultFileLockManager] Releasing lock on daemon addresses registry.
2026-05-07T20:23:01.673+0900 [DEBUG] [org.gradle.cache.internal.DefaultFileLockManager] Waiting to acquire shared lock on daemon addresses registry.
2026-05-07T20:23:01.673+0900 [DEBUG] [org.gradle.cache.internal.DefaultFileLockManager] Lock acquired on daemon addresses registry.
2026-05-07T20:23:01.674+0900 [DEBUG] [org.gradle.cache.internal.DefaultFileLockManager] Releasing lock on daemon addresses registry.
2026-05-07T20:23:01.679+0900 [DEBUG] [org.gradle.cache.internal.DefaultFileLockManager] Waiting to acquire shared lock on daemon addresses registry.
2026-05-07T20:23:01.680+0900 [DEBUG] [org.gradle.cache.internal.DefaultFileLockManager] Lock acquired on daemon addresses registry.
2026-05-07T20:23:01.681+0900 [DEBUG] [org.gradle.cache.internal.DefaultFileLockManager] Releasing lock on daemon addresses registry.
2026-05-07T20:23:11.676+0900 [DEBUG] [org.gradle.cache.internal.DefaultFileLockManager] Waiting to acquire shared lock on daemon addresses registry.
2026-05-07T20:23:11.677+0900 [DEBUG] [org.gradle.cache.internal.DefaultFileLockManager] Lock acquired on daemon addresses registry.
2026-05-07T20:23:11.677+0900 [DEBUG] [org.gradle.cache.internal.DefaultFileLockManager] Releasing lock on daemon addresses registry.
2026-05-07T20:23:11.681+0900 [DEBUG] [org.gradle.cache.internal.DefaultFileLockManager] Waiting to acquire shared lock on daemon addresses registry.
2026-05-07T20:23:11.682+0900 [DEBUG] [org.gradle.cache.internal.DefaultFileLockManager] Lock acquired on daemon addresses registry.
2026-05-07T20:23:11.682+0900 [DEBUG] [org.gradle.cache.internal.DefaultFileLockManager] Releasing lock on daemon addresses registry.
2026-05-07T20:23:11.684+0900 [DEBUG] [org.gradle.cache.internal.DefaultFileLockManager] Waiting to acquire shared lock on daemon addresses registry.
2026-05-07T20:23:11.685+0900 [DEBUG] [org.gradle.cache.internal.DefaultFileLockManager] Lock acquired on daemon addresses registry.
2026-05-07T20:23:11.686+0900 [DEBUG] [org.gradle.cache.internal.DefaultFileLockManager] Releasing lock on daemon addresses registry.
2026-05-07T20:23:21.669+0900 [DEBUG] [org.gradle.cache.internal.DefaultFileLockManager] Waiting to acquire shared lock on daemon addresses registry.
2026-05-07T20:23:21.670+0900 [DEBUG] [org.gradle.cache.internal.DefaultFileLockManager] Lock acquired on daemon addresses registry.
2026-05-07T20:23:21.670+0900 [DEBUG] [org.gradle.cache.internal.DefaultFileLockManager] Releasing lock on daemon addresses registry.
2026-05-07T20:23:21.671+0900 [DEBUG] [org.gradle.cache.internal.DefaultFileLockManager] Waiting to acquire shared lock on daemon addresses registry.
2026-05-07T20:23:21.672+0900 [DEBUG] [org.gradle.cache.internal.DefaultFileLockManager] Lock acquired on daemon addresses registry.
2026-05-07T20:23:21.672+0900 [DEBUG] [org.gradle.cache.internal.DefaultFileLockManager] Releasing lock on daemon addresses registry.
2026-05-07T20:23:21.673+0900 [DEBUG] [org.gradle.cache.internal.DefaultFileLockManager] Waiting to acquire shared lock on daemon addresses registry.
2026-05-07T20:23:21.673+0900 [DEBUG] [org.gradle.cache.internal.DefaultFileLockManager] Lock acquired on daemon addresses registry.
2026-05-07T20:23:21.674+0900 [DEBUG] [org.gradle.cache.internal.DefaultFileLockManager] Releasing lock on daemon addresses registry.
2026-05-07T20:23:31.674+0900 [DEBUG] [org.gradle.cache.internal.DefaultFileLockManager] Waiting to acquire shared lock on daemon addresses registry.
2026-05-07T20:23:31.674+0900 [DEBUG] [org.gradle.cache.internal.DefaultFileLockManager] Lock acquired on daemon addresses registry.
2026-05-07T20:23:31.675+0900 [DEBUG] [org.gradle.cache.internal.DefaultFileLockManager] Releasing lock on daemon addresses registry.
2026-05-07T20:23:31.677+0900 [DEBUG] [org.gradle.cache.internal.DefaultFileLockManager] Waiting to acquire shared lock on daemon addresses registry.
2026-05-07T20:23:31.678+0900 [DEBUG] [org.gradle.cache.internal.DefaultFileLockManager] Lock acquired on daemon addresses registry.
2026-05-07T20:23:31.679+0900 [DEBUG] [org.gradle.cache.internal.DefaultFileLockManager] Releasing lock on daemon addresses registry.
2026-05-07T20:23:31.680+0900 [DEBUG] [org.gradle.cache.internal.DefaultFileLockManager] Waiting to acquire shared lock on daemon addresses registry.
2026-05-07T20:23:31.681+0900 [DEBUG] [org.gradle.cache.internal.DefaultFileLockManager] Lock acquired on daemon addresses registry.
2026-05-07T20:23:31.684+0900 [DEBUG] [org.gradle.cache.internal.DefaultFileLockManager] Releasing lock on daemon addresses registry.
2026-05-07T20:23:41.674+0900 [DEBUG] [org.gradle.cache.internal.DefaultFileLockManager] Waiting to acquire shared lock on daemon addresses registry.
2026-05-07T20:23:41.674+0900 [DEBUG] [org.gradle.cache.internal.DefaultFileLockManager] Lock acquired on daemon addresses registry.
2026-05-07T20:23:41.675+0900 [DEBUG] [org.gradle.cache.internal.DefaultFileLockManager] Releasing lock on daemon addresses registry.
2026-05-07T20:23:41.676+0900 [DEBUG] [org.gradle.cache.internal.DefaultFileLockManager] Waiting to acquire shared lock on daemon addresses registry.
2026-05-07T20:23:41.677+0900 [DEBUG] [org.gradle.cache.internal.DefaultFileLockManager] Lock acquired on daemon addresses registry.
2026-05-07T20:23:41.677+0900 [DEBUG] [org.gradle.cache.internal.DefaultFileLockManager] Releasing lock on daemon addresses registry.
2026-05-07T20:23:41.678+0900 [DEBUG] [org.gradle.cache.internal.DefaultFileLockManager] Waiting to acquire shared lock on daemon addresses registry.
2026-05-07T20:23:41.678+0900 [DEBUG] [org.gradle.cache.internal.DefaultFileLockManager] Lock acquired on daemon addresses registry.
2026-05-07T20:23:41.679+0900 [DEBUG] [org.gradle.cache.internal.DefaultFileLockManager] Releasing lock on daemon addresses registry.
2026-05-07T20:23:51.676+0900 [DEBUG] [org.gradle.cache.internal.DefaultFileLockManager] Waiting to acquire shared lock on daemon addresses registry.
2026-05-07T20:23:51.676+0900 [DEBUG] [org.gradle.cache.internal.DefaultFileLockManager] Lock acquired on daemon addresses registry.
2026-05-07T20:23:51.677+0900 [DEBUG] [org.gradle.cache.internal.DefaultFileLockManager] Releasing lock on daemon addresses registry.
2026-05-07T20:23:51.679+0900 [DEBUG] [org.gradle.cache.internal.DefaultFileLockManager] Waiting to acquire shared lock on daemon addresses registry.
2026-05-07T20:23:51.679+0900 [DEBUG] [org.gradle.cache.internal.DefaultFileLockManager] Lock acquired on daemon addresses registry.
2026-05-07T20:23:51.680+0900 [DEBUG] [org.gradle.cache.internal.DefaultFileLockManager] Releasing lock on daemon addresses registry.
2026-05-07T20:23:51.681+0900 [DEBUG] [org.gradle.cache.internal.DefaultFileLockManager] Waiting to acquire shared lock on daemon addresses registry.
2026-05-07T20:23:51.681+0900 [DEBUG] [org.gradle.cache.internal.DefaultFileLockManager] Lock acquired on daemon addresses registry.
2026-05-07T20:23:51.683+0900 [DEBUG] [org.gradle.cache.internal.DefaultFileLockManager] Releasing lock on daemon addresses registry.
2026-05-07T20:24:01.677+0900 [DEBUG] [org.gradle.cache.internal.DefaultFileLockManager] Waiting to acquire shared lock on daemon addresses registry.
2026-05-07T20:24:01.678+0900 [DEBUG] [org.gradle.cache.internal.DefaultFileLockManager] Lock acquired on daemon addresses registry.
2026-05-07T20:24:01.678+0900 [DEBUG] [org.gradle.cache.internal.DefaultFileLockManager] Releasing lock on daemon addresses registry.
2026-05-07T20:24:01.680+0900 [DEBUG] [org.gradle.cache.internal.DefaultFileLockManager] Waiting to acquire shared lock on daemon addresses registry.
2026-05-07T20:24:01.681+0900 [DEBUG] [org.gradle.cache.internal.DefaultFileLockManager] Lock acquired on daemon addresses registry.
2026-05-07T20:24:01.682+0900 [DEBUG] [org.gradle.cache.internal.DefaultFileLockManager] Releasing lock on daemon addresses registry.
2026-05-07T20:24:01.683+0900 [DEBUG] [org.gradle.cache.internal.DefaultFileLockManager] Waiting to acquire shared lock on daemon addresses registry.
2026-05-07T20:24:01.683+0900 [DEBUG] [org.gradle.cache.internal.DefaultFileLockManager] Lock acquired on daemon addresses registry.
2026-05-07T20:24:01.684+0900 [DEBUG] [org.gradle.cache.internal.DefaultFileLockManager] Releasing lock on daemon addresses registry.
2026-05-07T20:24:11.671+0900 [DEBUG] [org.gradle.cache.internal.DefaultFileLockManager] Waiting to acquire shared lock on daemon addresses registry.
2026-05-07T20:24:11.671+0900 [DEBUG] [org.gradle.cache.internal.DefaultFileLockManager] Lock acquired on daemon addresses registry.
2026-05-07T20:24:11.672+0900 [DEBUG] [org.gradle.cache.internal.DefaultFileLockManager] Releasing lock on daemon addresses registry.
2026-05-07T20:24:11.676+0900 [DEBUG] [org.gradle.cache.internal.DefaultFileLockManager] Waiting to acquire shared lock on daemon addresses registry.
2026-05-07T20:24:11.676+0900 [DEBUG] [org.gradle.cache.internal.DefaultFileLockManager] Lock acquired on daemon addresses registry.
2026-05-07T20:24:11.676+0900 [DEBUG] [org.gradle.cache.internal.DefaultFileLockManager] Releasing lock on daemon addresses registry.
2026-05-07T20:24:11.678+0900 [DEBUG] [org.gradle.cache.internal.DefaultFileLockManager] Waiting to acquire shared lock on daemon addresses registry.
2026-05-07T20:24:11.678+0900 [DEBUG] [org.gradle.cache.internal.DefaultFileLockManager] Lock acquired on daemon addresses registry.
2026-05-07T20:24:11.678+0900 [DEBUG] [org.gradle.cache.internal.DefaultFileLockManager] Releasing lock on daemon addresses registry.
2026-05-07T20:24:21.669+0900 [DEBUG] [org.gradle.cache.internal.DefaultFileLockManager] Waiting to acquire shared lock on daemon addresses registry.
2026-05-07T20:24:21.670+0900 [DEBUG] [org.gradle.cache.internal.DefaultFileLockManager] Lock acquired on daemon addresses registry.
2026-05-07T20:24:21.671+0900 [DEBUG] [org.gradle.cache.internal.DefaultFileLockManager] Releasing lock on daemon addresses registry.
2026-05-07T20:24:21.673+0900 [DEBUG] [org.gradle.cache.internal.DefaultFileLockManager] Waiting to acquire shared lock on daemon addresses registry.
2026-05-07T20:24:21.674+0900 [DEBUG] [org.gradle.cache.internal.DefaultFileLockManager] Lock acquired on daemon addresses registry.
2026-05-07T20:24:21.675+0900 [DEBUG] [org.gradle.cache.internal.DefaultFileLockManager] Releasing lock on daemon addresses registry.
2026-05-07T20:24:21.677+0900 [DEBUG] [org.gradle.cache.internal.DefaultFileLockManager] Waiting to acquire shared lock on daemon addresses registry.
2026-05-07T20:24:21.677+0900 [DEBUG] [org.gradle.cache.internal.DefaultFileLockManager] Lock acquired on daemon addresses registry.
2026-05-07T20:24:21.678+0900 [DEBUG] [org.gradle.cache.internal.DefaultFileLockManager] Releasing lock on daemon addresses registry.
2026-05-07T20:24:31.663+0900 [DEBUG] [org.gradle.cache.internal.DefaultFileLockManager] Waiting to acquire shared lock on daemon addresses registry.
2026-05-07T20:24:31.663+0900 [DEBUG] [org.gradle.cache.internal.DefaultFileLockManager] Lock acquired on daemon addresses registry.
2026-05-07T20:24:31.664+0900 [DEBUG] [org.gradle.cache.internal.DefaultFileLockManager] Releasing lock on daemon addresses registry.
2026-05-07T20:24:31.665+0900 [DEBUG] [org.gradle.cache.internal.DefaultFileLockManager] Waiting to acquire shared lock on daemon addresses registry.
2026-05-07T20:24:31.666+0900 [DEBUG] [org.gradle.cache.internal.DefaultFileLockManager] Lock acquired on daemon addresses registry.
2026-05-07T20:24:31.666+0900 [DEBUG] [org.gradle.cache.internal.DefaultFileLockManager] Releasing lock on daemon addresses registry.
2026-05-07T20:24:31.667+0900 [DEBUG] [org.gradle.cache.internal.DefaultFileLockManager] Waiting to acquire shared lock on daemon addresses registry.
2026-05-07T20:24:31.667+0900 [DEBUG] [org.gradle.cache.internal.DefaultFileLockManager] Lock acquired on daemon addresses registry.
2026-05-07T20:24:31.668+0900 [DEBUG] [org.gradle.cache.internal.DefaultFileLockManager] Releasing lock on daemon addresses registry.
2026-05-07T20:24:32.208+0900 [DEBUG] [org.gradle.process.internal.health.memory.DefaultMemoryManager] 818327142 physical memory requested, 766169088 free
2026-05-07T20:24:32.208+0900 [DEBUG] [org.gradle.workers.internal.WorkerDaemonExpiration] Will attempt to release 780 of memory
2026-05-07T20:24:32.208+0900 [DEBUG] [org.gradle.process.internal.health.memory.DefaultMemoryManager] 818327142 physical memory requested, 0 released, 766169088 free
2026-05-07T20:24:41.673+0900 [DEBUG] [org.gradle.cache.internal.DefaultFileLockManager] Waiting to acquire shared lock on daemon addresses registry.
2026-05-07T20:24:41.674+0900 [DEBUG] [org.gradle.cache.internal.DefaultFileLockManager] Lock acquired on daemon addresses registry.
2026-05-07T20:24:41.687+0900 [DEBUG] [org.gradle.cache.internal.DefaultFileLockManager] Releasing lock on daemon addresses registry.
2026-05-07T20:24:41.689+0900 [DEBUG] [org.gradle.cache.internal.DefaultFileLockManager] Waiting to acquire shared lock on daemon addresses registry.
2026-05-07T20:24:41.689+0900 [DEBUG] [org.gradle.cache.internal.DefaultFileLockManager] Lock acquired on daemon addresses registry.
2026-05-07T20:24:41.690+0900 [DEBUG] [org.gradle.cache.internal.DefaultFileLockManager] Releasing lock on daemon addresses registry.
2026-05-07T20:24:41.691+0900 [DEBUG] [org.gradle.cache.internal.DefaultFileLockManager] Waiting to acquire shared lock on daemon addresses registry.
2026-05-07T20:24:41.692+0900 [DEBUG] [org.gradle.cache.internal.DefaultFileLockManager] Lock acquired on daemon addresses registry.
2026-05-07T20:24:41.692+0900 [DEBUG] [org.gradle.cache.internal.DefaultFileLockManager] Releasing lock on daemon addresses registry.
2026-05-07T20:24:51.672+0900 [DEBUG] [org.gradle.cache.internal.DefaultFileLockManager] Waiting to acquire shared lock on daemon addresses registry.
2026-05-07T20:24:51.673+0900 [DEBUG] [org.gradle.cache.internal.DefaultFileLockManager] Lock acquired on daemon addresses registry.
2026-05-07T20:24:51.674+0900 [DEBUG] [org.gradle.cache.internal.DefaultFileLockManager] Releasing lock on daemon addresses registry.
2026-05-07T20:24:51.676+0900 [DEBUG] [org.gradle.cache.internal.DefaultFileLockManager] Waiting to acquire shared lock on daemon addresses registry.
2026-05-07T20:24:51.676+0900 [DEBUG] [org.gradle.cache.internal.DefaultFileLockManager] Lock acquired on daemon addresses registry.
2026-05-07T20:24:51.677+0900 [DEBUG] [org.gradle.cache.internal.DefaultFileLockManager] Releasing lock on daemon addresses registry.
2026-05-07T20:24:51.678+0900 [DEBUG] [org.gradle.cache.internal.DefaultFileLockManager] Waiting to acquire shared lock on daemon addresses registry.
2026-05-07T20:24:51.679+0900 [DEBUG] [org.gradle.cache.internal.DefaultFileLockManager] Lock acquired on daemon addresses registry.
2026-05-07T20:24:51.680+0900 [DEBUG] [org.gradle.cache.internal.DefaultFileLockManager] Releasing lock on daemon addresses registry.
2026-05-07T20:25:01.670+0900 [DEBUG] [org.gradle.cache.internal.DefaultFileLockManager] Waiting to acquire shared lock on daemon addresses registry.
2026-05-07T20:25:01.670+0900 [DEBUG] [org.gradle.cache.internal.DefaultFileLockManager] Lock acquired on daemon addresses registry.
2026-05-07T20:25:01.671+0900 [DEBUG] [org.gradle.cache.internal.DefaultFileLockManager] Releasing lock on daemon addresses registry.
2026-05-07T20:25:01.672+0900 [DEBUG] [org.gradle.cache.internal.DefaultFileLockManager] Waiting to acquire shared lock on daemon addresses registry.
2026-05-07T20:25:01.673+0900 [DEBUG] [org.gradle.cache.internal.DefaultFileLockManager] Lock acquired on daemon addresses registry.
2026-05-07T20:25:01.675+0900 [DEBUG] [org.gradle.cache.internal.DefaultFileLockManager] Releasing lock on daemon addresses registry.
2026-05-07T20:25:01.677+0900 [DEBUG] [org.gradle.cache.internal.DefaultFileLockManager] Waiting to acquire shared lock on daemon addresses registry.
2026-05-07T20:25:01.678+0900 [DEBUG] [org.gradle.cache.internal.DefaultFileLockManager] Lock acquired on daemon addresses registry.
2026-05-07T20:25:01.678+0900 [DEBUG] [org.gradle.cache.internal.DefaultFileLockManager] Releasing lock on daemon addresses registry.
2026-05-07T20:25:11.669+0900 [DEBUG] [org.gradle.cache.internal.DefaultFileLockManager] Waiting to acquire shared lock on daemon addresses registry.
2026-05-07T20:25:11.669+0900 [DEBUG] [org.gradle.cache.internal.DefaultFileLockManager] Lock acquired on daemon addresses registry.
2026-05-07T20:25:11.669+0900 [DEBUG] [org.gradle.cache.internal.DefaultFileLockManager] Releasing lock on daemon addresses registry.
2026-05-07T20:25:11.671+0900 [DEBUG] [org.gradle.cache.internal.DefaultFileLockManager] Waiting to acquire shared lock on daemon addresses registry.
2026-05-07T20:25:11.671+0900 [DEBUG] [org.gradle.cache.internal.DefaultFileLockManager] Lock acquired on daemon addresses registry.
2026-05-07T20:25:11.671+0900 [DEBUG] [org.gradle.cache.internal.DefaultFileLockManager] Releasing lock on daemon addresses registry.
2026-05-07T20:25:11.672+0900 [DEBUG] [org.gradle.cache.internal.DefaultFileLockManager] Waiting to acquire shared lock on daemon addresses registry.
2026-05-07T20:25:11.674+0900 [DEBUG] [org.gradle.cache.internal.DefaultFileLockManager] Lock acquired on daemon addresses registry.
2026-05-07T20:25:11.675+0900 [DEBUG] [org.gradle.cache.internal.DefaultFileLockManager] Releasing lock on daemon addresses registry.
2026-05-07T20:25:21.669+0900 [DEBUG] [org.gradle.cache.internal.DefaultFileLockManager] Waiting to acquire shared lock on daemon addresses registry.
2026-05-07T20:25:21.669+0900 [DEBUG] [org.gradle.cache.internal.DefaultFileLockManager] Lock acquired on daemon addresses registry.
2026-05-07T20:25:21.670+0900 [DEBUG] [org.gradle.cache.internal.DefaultFileLockManager] Releasing lock on daemon addresses registry.
2026-05-07T20:25:21.672+0900 [DEBUG] [org.gradle.cache.internal.DefaultFileLockManager] Waiting to acquire shared lock on daemon addresses registry.
2026-05-07T20:25:21.672+0900 [DEBUG] [org.gradle.cache.internal.DefaultFileLockManager] Lock acquired on daemon addresses registry.
2026-05-07T20:25:21.672+0900 [DEBUG] [org.gradle.cache.internal.DefaultFileLockManager] Releasing lock on daemon addresses registry.
2026-05-07T20:25:21.673+0900 [DEBUG] [org.gradle.cache.internal.DefaultFileLockManager] Waiting to acquire shared lock on daemon addresses registry.
2026-05-07T20:25:21.674+0900 [DEBUG] [org.gradle.cache.internal.DefaultFileLockManager] Lock acquired on daemon addresses registry.
2026-05-07T20:25:21.682+0900 [DEBUG] [org.gradle.cache.internal.DefaultFileLockManager] Releasing lock on daemon addresses registry.
2026-05-07T20:25:27.217+0900 [DEBUG] [org.gradle.process.internal.health.memory.DefaultMemoryManager] 818327142 physical memory requested, 790175744 free
2026-05-07T20:25:27.218+0900 [DEBUG] [org.gradle.workers.internal.WorkerDaemonExpiration] Will attempt to release 780 of memory
2026-05-07T20:25:27.218+0900 [DEBUG] [org.gradle.process.internal.health.memory.DefaultMemoryManager] 818327142 physical memory requested, 0 released, 790175744 free
2026-05-07T20:25:31.668+0900 [DEBUG] [org.gradle.cache.internal.DefaultFileLockManager] Waiting to acquire shared lock on daemon addresses registry.
2026-05-07T20:25:31.669+0900 [DEBUG] [org.gradle.cache.internal.DefaultFileLockManager] Lock acquired on daemon addresses registry.
2026-05-07T20:25:31.669+0900 [DEBUG] [org.gradle.cache.internal.DefaultFileLockManager] Releasing lock on daemon addresses registry.
2026-05-07T20:25:31.671+0900 [DEBUG] [org.gradle.cache.internal.DefaultFileLockManager] Waiting to acquire shared lock on daemon addresses registry.
2026-05-07T20:25:31.671+0900 [DEBUG] [org.gradle.cache.internal.DefaultFileLockManager] Lock acquired on daemon addresses registry.
2026-05-07T20:25:31.672+0900 [DEBUG] [org.gradle.cache.internal.DefaultFileLockManager] Releasing lock on daemon addresses registry.
2026-05-07T20:25:31.673+0900 [DEBUG] [org.gradle.cache.internal.DefaultFileLockManager] Waiting to acquire shared lock on daemon addresses registry.
2026-05-07T20:25:31.673+0900 [DEBUG] [org.gradle.cache.internal.DefaultFileLockManager] Lock acquired on daemon addresses registry.
2026-05-07T20:25:31.674+0900 [DEBUG] [org.gradle.cache.internal.DefaultFileLockManager] Releasing lock on daemon addresses registry.
2026-05-07T20:25:41.669+0900 [DEBUG] [org.gradle.cache.internal.DefaultFileLockManager] Waiting to acquire shared lock on daemon addresses registry.
2026-05-07T20:25:41.669+0900 [DEBUG] [org.gradle.cache.internal.DefaultFileLockManager] Lock acquired on daemon addresses registry.
2026-05-07T20:25:41.669+0900 [DEBUG] [org.gradle.cache.internal.DefaultFileLockManager] Releasing lock on daemon addresses registry.
2026-05-07T20:25:41.670+0900 [DEBUG] [org.gradle.cache.internal.DefaultFileLockManager] Waiting to acquire shared lock on daemon addresses registry.
2026-05-07T20:25:41.671+0900 [DEBUG] [org.gradle.cache.internal.DefaultFileLockManager] Lock acquired on daemon addresses registry.
2026-05-07T20:25:41.671+0900 [DEBUG] [org.gradle.cache.internal.DefaultFileLockManager] Releasing lock on daemon addresses registry.
2026-05-07T20:25:41.673+0900 [DEBUG] [org.gradle.cache.internal.DefaultFileLockManager] Waiting to acquire shared lock on daemon addresses registry.
2026-05-07T20:25:41.673+0900 [DEBUG] [org.gradle.cache.internal.DefaultFileLockManager] Lock acquired on daemon addresses registry.
2026-05-07T20:25:41.674+0900 [DEBUG] [org.gradle.cache.internal.DefaultFileLockManager] Releasing lock on daemon addresses registry.
2026-05-07T20:25:51.672+0900 [DEBUG] [org.gradle.cache.internal.DefaultFileLockManager] Waiting to acquire shared lock on daemon addresses registry.
2026-05-07T20:25:51.672+0900 [DEBUG] [org.gradle.cache.internal.DefaultFileLockManager] Lock acquired on daemon addresses registry.
2026-05-07T20:25:51.673+0900 [DEBUG] [org.gradle.cache.internal.DefaultFileLockManager] Releasing lock on daemon addresses registry.
2026-05-07T20:25:51.675+0900 [DEBUG] [org.gradle.cache.internal.DefaultFileLockManager] Waiting to acquire shared lock on daemon addresses registry.
2026-05-07T20:25:51.675+0900 [DEBUG] [org.gradle.cache.internal.DefaultFileLockManager] Lock acquired on daemon addresses registry.
2026-05-07T20:25:51.676+0900 [DEBUG] [org.gradle.cache.internal.DefaultFileLockManager] Releasing lock on daemon addresses registry.
2026-05-07T20:25:51.677+0900 [DEBUG] [org.gradle.cache.internal.DefaultFileLockManager] Waiting to acquire shared lock on daemon addresses registry.
2026-05-07T20:25:51.678+0900 [DEBUG] [org.gradle.cache.internal.DefaultFileLockManager] Lock acquired on daemon addresses registry.
2026-05-07T20:25:51.678+0900 [DEBUG] [org.gradle.cache.internal.DefaultFileLockManager] Releasing lock on daemon addresses registry.
2026-05-07T20:26:01.665+0900 [DEBUG] [org.gradle.cache.internal.DefaultFileLockManager] Waiting to acquire shared lock on daemon addresses registry.
2026-05-07T20:26:01.665+0900 [DEBUG] [org.gradle.cache.internal.DefaultFileLockManager] Lock acquired on daemon addresses registry.
2026-05-07T20:26:01.665+0900 [DEBUG] [org.gradle.cache.internal.DefaultFileLockManager] Releasing lock on daemon addresses registry.
2026-05-07T20:26:01.668+0900 [DEBUG] [org.gradle.cache.internal.DefaultFileLockManager] Waiting to acquire shared lock on daemon addresses registry.
2026-05-07T20:26:01.668+0900 [DEBUG] [org.gradle.cache.internal.DefaultFileLockManager] Lock acquired on daemon addresses registry.
2026-05-07T20:26:01.669+0900 [DEBUG] [org.gradle.cache.internal.DefaultFileLockManager] Releasing lock on daemon addresses registry.
2026-05-07T20:26:01.669+0900 [DEBUG] [org.gradle.cache.internal.DefaultFileLockManager] Waiting to acquire shared lock on daemon addresses registry.
2026-05-07T20:26:01.670+0900 [DEBUG] [org.gradle.cache.internal.DefaultFileLockManager] Lock acquired on daemon addresses registry.
2026-05-07T20:26:01.670+0900 [DEBUG] [org.gradle.cache.internal.DefaultFileLockManager] Releasing lock on daemon addresses registry.
2026-05-07T20:26:11.668+0900 [DEBUG] [org.gradle.cache.internal.DefaultFileLockManager] Waiting to acquire shared lock on daemon addresses registry.
2026-05-07T20:26:11.668+0900 [DEBUG] [org.gradle.cache.internal.DefaultFileLockManager] Lock acquired on daemon addresses registry.
2026-05-07T20:26:11.669+0900 [DEBUG] [org.gradle.cache.internal.DefaultFileLockManager] Releasing lock on daemon addresses registry.
2026-05-07T20:26:11.671+0900 [DEBUG] [org.gradle.cache.internal.DefaultFileLockManager] Waiting to acquire shared lock on daemon addresses registry.
2026-05-07T20:26:11.671+0900 [DEBUG] [org.gradle.cache.internal.DefaultFileLockManager] Lock acquired on daemon addresses registry.
2026-05-07T20:26:11.671+0900 [DEBUG] [org.gradle.cache.internal.DefaultFileLockManager] Releasing lock on daemon addresses registry.
2026-05-07T20:26:11.672+0900 [DEBUG] [org.gradle.cache.internal.DefaultFileLockManager] Waiting to acquire shared lock on daemon addresses registry.
2026-05-07T20:26:11.672+0900 [DEBUG] [org.gradle.cache.internal.DefaultFileLockManager] Lock acquired on daemon addresses registry.
2026-05-07T20:26:11.673+0900 [DEBUG] [org.gradle.cache.internal.DefaultFileLockManager] Releasing lock on daemon addresses registry.
2026-05-07T20:26:21.673+0900 [DEBUG] [org.gradle.cache.internal.DefaultFileLockManager] Waiting to acquire shared lock on daemon addresses registry.
2026-05-07T20:26:21.673+0900 [DEBUG] [org.gradle.cache.internal.DefaultFileLockManager] Lock acquired on daemon addresses registry.
2026-05-07T20:26:21.673+0900 [DEBUG] [org.gradle.cache.internal.DefaultFileLockManager] Releasing lock on daemon addresses registry.
2026-05-07T20:26:21.675+0900 [DEBUG] [org.gradle.cache.internal.DefaultFileLockManager] Waiting to acquire shared lock on daemon addresses registry.
2026-05-07T20:26:21.675+0900 [DEBUG] [org.gradle.cache.internal.DefaultFileLockManager] Lock acquired on daemon addresses registry.
2026-05-07T20:26:21.675+0900 [DEBUG] [org.gradle.cache.internal.DefaultFileLockManager] Releasing lock on daemon addresses registry.
2026-05-07T20:26:21.676+0900 [DEBUG] [org.gradle.cache.internal.DefaultFileLockManager] Waiting to acquire shared lock on daemon addresses registry.
2026-05-07T20:26:21.676+0900 [DEBUG] [org.gradle.cache.internal.DefaultFileLockManager] Lock acquired on daemon addresses registry.
2026-05-07T20:26:21.677+0900 [DEBUG] [org.gradle.cache.internal.DefaultFileLockManager] Releasing lock on daemon addresses registry.
2026-05-07T20:26:31.665+0900 [DEBUG] [org.gradle.cache.internal.DefaultFileLockManager] Waiting to acquire shared lock on daemon addresses registry.
2026-05-07T20:26:31.665+0900 [DEBUG] [org.gradle.cache.internal.DefaultFileLockManager] Lock acquired on daemon addresses registry.
2026-05-07T20:26:31.666+0900 [DEBUG] [org.gradle.cache.internal.DefaultFileLockManager] Releasing lock on daemon addresses registry.
2026-05-07T20:26:31.668+0900 [DEBUG] [org.gradle.cache.internal.DefaultFileLockManager] Waiting to acquire shared lock on daemon addresses registry.
2026-05-07T20:26:31.668+0900 [DEBUG] [org.gradle.cache.internal.DefaultFileLockManager] Lock acquired on daemon addresses registry.
2026-05-07T20:26:31.669+0900 [DEBUG] [org.gradle.cache.internal.DefaultFileLockManager] Releasing lock on daemon addresses registry.
2026-05-07T20:26:31.670+0900 [DEBUG] [org.gradle.cache.internal.DefaultFileLockManager] Waiting to acquire shared lock on daemon addresses registry.
2026-05-07T20:26:31.670+0900 [DEBUG] [org.gradle.cache.internal.DefaultFileLockManager] Lock acquired on daemon addresses registry.
2026-05-07T20:26:31.670+0900 [DEBUG] [org.gradle.cache.internal.DefaultFileLockManager] Releasing lock on daemon addresses registry.
2026-05-07T20:26:41.664+0900 [DEBUG] [org.gradle.cache.internal.DefaultFileLockManager] Waiting to acquire shared lock on daemon addresses registry.
2026-05-07T20:26:41.665+0900 [DEBUG] [org.gradle.cache.internal.DefaultFileLockManager] Lock acquired on daemon addresses registry.
2026-05-07T20:26:41.665+0900 [DEBUG] [org.gradle.cache.internal.DefaultFileLockManager] Releasing lock on daemon addresses registry.
2026-05-07T20:26:41.667+0900 [DEBUG] [org.gradle.cache.internal.DefaultFileLockManager] Waiting to acquire shared lock on daemon addresses registry.
2026-05-07T20:26:41.667+0900 [DEBUG] [org.gradle.cache.internal.DefaultFileLockManager] Lock acquired on daemon addresses registry.
2026-05-07T20:26:41.668+0900 [DEBUG] [org.gradle.cache.internal.DefaultFileLockManager] Releasing lock on daemon addresses registry.
2026-05-07T20:26:41.669+0900 [DEBUG] [org.gradle.cache.internal.DefaultFileLockManager] Waiting to acquire shared lock on daemon addresses registry.
2026-05-07T20:26:41.669+0900 [DEBUG] [org.gradle.cache.internal.DefaultFileLockManager] Lock acquired on daemon addresses registry.
2026-05-07T20:26:41.672+0900 [DEBUG] [org.gradle.cache.internal.DefaultFileLockManager] Releasing lock on daemon addresses registry.
2026-05-07T20:26:47.213+0900 [DEBUG] [org.gradle.process.internal.health.memory.DefaultMemoryManager] 818327142 physical memory requested, 799297536 free
2026-05-07T20:26:47.214+0900 [DEBUG] [org.gradle.workers.internal.WorkerDaemonExpiration] Will attempt to release 780 of memory
2026-05-07T20:26:47.214+0900 [DEBUG] [org.gradle.process.internal.health.memory.DefaultMemoryManager] 818327142 physical memory requested, 0 released, 799297536 free
2026-05-07T20:26:51.663+0900 [DEBUG] [org.gradle.cache.internal.DefaultFileLockManager] Waiting to acquire shared lock on daemon addresses registry.
2026-05-07T20:26:51.663+0900 [DEBUG] [org.gradle.cache.internal.DefaultFileLockManager] Lock acquired on daemon addresses registry.
2026-05-07T20:26:51.663+0900 [DEBUG] [org.gradle.cache.internal.DefaultFileLockManager] Releasing lock on daemon addresses registry.
2026-05-07T20:26:51.665+0900 [DEBUG] [org.gradle.cache.internal.DefaultFileLockManager] Waiting to acquire shared lock on daemon addresses registry.
2026-05-07T20:26:51.665+0900 [DEBUG] [org.gradle.cache.internal.DefaultFileLockManager] Lock acquired on daemon addresses registry.
2026-05-07T20:26:51.665+0900 [DEBUG] [org.gradle.cache.internal.DefaultFileLockManager] Releasing lock on daemon addresses registry.
2026-05-07T20:26:51.666+0900 [DEBUG] [org.gradle.cache.internal.DefaultFileLockManager] Waiting to acquire shared lock on daemon addresses registry.
2026-05-07T20:26:51.666+0900 [DEBUG] [org.gradle.cache.internal.DefaultFileLockManager] Lock acquired on daemon addresses registry.
2026-05-07T20:26:51.667+0900 [DEBUG] [org.gradle.cache.internal.DefaultFileLockManager] Releasing lock on daemon addresses registry.
2026-05-07T20:27:01.676+0900 [DEBUG] [org.gradle.cache.internal.DefaultFileLockManager] Waiting to acquire shared lock on daemon addresses registry.
2026-05-07T20:27:01.676+0900 [DEBUG] [org.gradle.cache.internal.DefaultFileLockManager] Lock acquired on daemon addresses registry.
2026-05-07T20:27:01.677+0900 [DEBUG] [org.gradle.cache.internal.DefaultFileLockManager] Releasing lock on daemon addresses registry.
2026-05-07T20:27:01.678+0900 [DEBUG] [org.gradle.cache.internal.DefaultFileLockManager] Waiting to acquire shared lock on daemon addresses registry.
2026-05-07T20:27:01.679+0900 [DEBUG] [org.gradle.cache.internal.DefaultFileLockManager] Lock acquired on daemon addresses registry.
2026-05-07T20:27:01.679+0900 [DEBUG] [org.gradle.cache.internal.DefaultFileLockManager] Releasing lock on daemon addresses registry.
2026-05-07T20:27:01.681+0900 [DEBUG] [org.gradle.cache.internal.DefaultFileLockManager] Waiting to acquire shared lock on daemon addresses registry.
2026-05-07T20:27:01.681+0900 [DEBUG] [org.gradle.cache.internal.DefaultFileLockManager] Lock acquired on daemon addresses registry.
2026-05-07T20:27:01.682+0900 [DEBUG] [org.gradle.cache.internal.DefaultFileLockManager] Releasing lock on daemon addresses registry.
2026-05-07T20:27:11.674+0900 [DEBUG] [org.gradle.cache.internal.DefaultFileLockManager] Waiting to acquire shared lock on daemon addresses registry.
2026-05-07T20:27:11.675+0900 [DEBUG] [org.gradle.cache.internal.DefaultFileLockManager] Lock acquired on daemon addresses registry.
2026-05-07T20:27:11.676+0900 [DEBUG] [org.gradle.cache.internal.DefaultFileLockManager] Releasing lock on daemon addresses registry.
2026-05-07T20:27:11.677+0900 [DEBUG] [org.gradle.cache.internal.DefaultFileLockManager] Waiting to acquire shared lock on daemon addresses registry.
2026-05-07T20:27:11.678+0900 [DEBUG] [org.gradle.cache.internal.DefaultFileLockManager] Lock acquired on daemon addresses registry.
2026-05-07T20:27:11.678+0900 [DEBUG] [org.gradle.cache.internal.DefaultFileLockManager] Releasing lock on daemon addresses registry.
2026-05-07T20:27:11.680+0900 [DEBUG] [org.gradle.cache.internal.DefaultFileLockManager] Waiting to acquire shared lock on daemon addresses registry.
2026-05-07T20:27:11.680+0900 [DEBUG] [org.gradle.cache.internal.DefaultFileLockManager] Lock acquired on daemon addresses registry.
2026-05-07T20:27:11.681+0900 [DEBUG] [org.gradle.cache.internal.DefaultFileLockManager] Releasing lock on daemon addresses registry.
2026-05-07T20:27:21.678+0900 [DEBUG] [org.gradle.cache.internal.DefaultFileLockManager] Waiting to acquire shared lock on daemon addresses registry.
2026-05-07T20:27:21.679+0900 [DEBUG] [org.gradle.cache.internal.DefaultFileLockManager] Lock acquired on daemon addresses registry.
2026-05-07T20:27:21.679+0900 [DEBUG] [org.gradle.cache.internal.DefaultFileLockManager] Releasing lock on daemon addresses registry.
2026-05-07T20:27:21.681+0900 [DEBUG] [org.gradle.cache.internal.DefaultFileLockManager] Waiting to acquire shared lock on daemon addresses registry.
2026-05-07T20:27:21.682+0900 [DEBUG] [org.gradle.cache.internal.DefaultFileLockManager] Lock acquired on daemon addresses registry.
2026-05-07T20:27:21.682+0900 [DEBUG] [org.gradle.cache.internal.DefaultFileLockManager] Releasing lock on daemon addresses registry.
2026-05-07T20:27:21.684+0900 [DEBUG] [org.gradle.cache.internal.DefaultFileLockManager] Waiting to acquire shared lock on daemon addresses registry.
2026-05-07T20:27:21.685+0900 [DEBUG] [org.gradle.cache.internal.DefaultFileLockManager] Lock acquired on daemon addresses registry.
2026-05-07T20:27:21.685+0900 [DEBUG] [org.gradle.cache.internal.DefaultFileLockManager] Releasing lock on daemon addresses registry.
2026-05-07T20:27:31.675+0900 [DEBUG] [org.gradle.cache.internal.DefaultFileLockManager] Waiting to acquire shared lock on daemon addresses registry.
2026-05-07T20:27:31.675+0900 [DEBUG] [org.gradle.cache.internal.DefaultFileLockManager] Lock acquired on daemon addresses registry.
2026-05-07T20:27:31.676+0900 [DEBUG] [org.gradle.cache.internal.DefaultFileLockManager] Releasing lock on daemon addresses registry.
2026-05-07T20:27:31.678+0900 [DEBUG] [org.gradle.cache.internal.DefaultFileLockManager] Waiting to acquire shared lock on daemon addresses registry.
2026-05-07T20:27:31.678+0900 [DEBUG] [org.gradle.cache.internal.DefaultFileLockManager] Lock acquired on daemon addresses registry.
2026-05-07T20:27:31.679+0900 [DEBUG] [org.gradle.cache.internal.DefaultFileLockManager] Releasing lock on daemon addresses registry.
2026-05-07T20:27:31.680+0900 [DEBUG] [org.gradle.cache.internal.DefaultFileLockManager] Waiting to acquire shared lock on daemon addresses registry.
2026-05-07T20:27:31.681+0900 [DEBUG] [org.gradle.cache.internal.DefaultFileLockManager] Lock acquired on daemon addresses registry.
2026-05-07T20:27:31.681+0900 [DEBUG] [org.gradle.cache.internal.DefaultFileLockManager] Releasing lock on daemon addresses registry.
2026-05-07T20:27:37.218+0900 [DEBUG] [org.gradle.process.internal.health.memory.DefaultMemoryManager] 818327142 physical memory requested, 717303808 free
2026-05-07T20:27:37.219+0900 [DEBUG] [org.gradle.workers.internal.WorkerDaemonExpiration] Will attempt to release 780 of memory
2026-05-07T20:27:37.219+0900 [DEBUG] [org.gradle.process.internal.health.memory.DefaultMemoryManager] 818327142 physical memory requested, 0 released, 717303808 free
2026-05-07T20:27:41.670+0900 [DEBUG] [org.gradle.cache.internal.DefaultFileLockManager] Waiting to acquire shared lock on daemon addresses registry.
2026-05-07T20:27:41.671+0900 [DEBUG] [org.gradle.cache.internal.DefaultFileLockManager] Lock acquired on daemon addresses registry.
2026-05-07T20:27:41.672+0900 [DEBUG] [org.gradle.cache.internal.DefaultFileLockManager] Releasing lock on daemon addresses registry.
2026-05-07T20:27:41.674+0900 [DEBUG] [org.gradle.cache.internal.DefaultFileLockManager] Waiting to acquire shared lock on daemon addresses registry.
2026-05-07T20:27:41.676+0900 [DEBUG] [org.gradle.cache.internal.DefaultFileLockManager] Lock acquired on daemon addresses registry.
2026-05-07T20:27:41.677+0900 [DEBUG] [org.gradle.cache.internal.DefaultFileLockManager] Releasing lock on daemon addresses registry.
2026-05-07T20:27:41.678+0900 [DEBUG] [org.gradle.cache.internal.DefaultFileLockManager] Waiting to acquire shared lock on daemon addresses registry.
2026-05-07T20:27:41.678+0900 [DEBUG] [org.gradle.cache.internal.DefaultFileLockManager] Lock acquired on daemon addresses registry.
2026-05-07T20:27:41.679+0900 [DEBUG] [org.gradle.cache.internal.DefaultFileLockManager] Releasing lock on daemon addresses registry.
2026-05-07T20:27:42.215+0900 [DEBUG] [org.gradle.process.internal.health.memory.DefaultMemoryManager] 818327142 physical memory requested, 573714432 free
2026-05-07T20:27:42.216+0900 [DEBUG] [org.gradle.workers.internal.WorkerDaemonExpiration] Will attempt to release 780 of memory
2026-05-07T20:27:42.217+0900 [DEBUG] [org.gradle.process.internal.health.memory.DefaultMemoryManager] 818327142 physical memory requested, 0 released, 573714432 free
2026-05-07T20:27:51.670+0900 [DEBUG] [org.gradle.cache.internal.DefaultFileLockManager] Waiting to acquire shared lock on daemon addresses registry.
2026-05-07T20:27:51.670+0900 [DEBUG] [org.gradle.cache.internal.DefaultFileLockManager] Lock acquired on daemon addresses registry.
2026-05-07T20:27:51.671+0900 [DEBUG] [org.gradle.cache.internal.DefaultFileLockManager] Releasing lock on daemon addresses registry.
2026-05-07T20:27:51.673+0900 [DEBUG] [org.gradle.cache.internal.DefaultFileLockManager] Waiting to acquire shared lock on daemon addresses registry.
2026-05-07T20:27:51.673+0900 [DEBUG] [org.gradle.cache.internal.DefaultFileLockManager] Lock acquired on daemon addresses registry.
2026-05-07T20:27:51.674+0900 [DEBUG] [org.gradle.cache.internal.DefaultFileLockManager] Releasing lock on daemon addresses registry.
2026-05-07T20:27:51.675+0900 [DEBUG] [org.gradle.cache.internal.DefaultFileLockManager] Waiting to acquire shared lock on daemon addresses registry.
2026-05-07T20:27:51.675+0900 [DEBUG] [org.gradle.cache.internal.DefaultFileLockManager] Lock acquired on daemon addresses registry.
2026-05-07T20:27:51.676+0900 [DEBUG] [org.gradle.cache.internal.DefaultFileLockManager] Releasing lock on daemon addresses registry.
2026-05-07T20:28:01.663+0900 [DEBUG] [org.gradle.cache.internal.DefaultFileLockManager] Waiting to acquire shared lock on daemon addresses registry.
2026-05-07T20:28:01.664+0900 [DEBUG] [org.gradle.cache.internal.DefaultFileLockManager] Lock acquired on daemon addresses registry.
2026-05-07T20:28:01.664+0900 [DEBUG] [org.gradle.cache.internal.DefaultFileLockManager] Releasing lock on daemon addresses registry.
2026-05-07T20:28:01.668+0900 [DEBUG] [org.gradle.cache.internal.DefaultFileLockManager] Waiting to acquire shared lock on daemon addresses registry.
2026-05-07T20:28:01.668+0900 [DEBUG] [org.gradle.cache.internal.DefaultFileLockManager] Lock acquired on daemon addresses registry.
2026-05-07T20:28:01.669+0900 [DEBUG] [org.gradle.cache.internal.DefaultFileLockManager] Releasing lock on daemon addresses registry.
2026-05-07T20:28:01.670+0900 [DEBUG] [org.gradle.cache.internal.DefaultFileLockManager] Waiting to acquire shared lock on daemon addresses registry.
2026-05-07T20:28:01.671+0900 [DEBUG] [org.gradle.cache.internal.DefaultFileLockManager] Lock acquired on daemon addresses registry.
2026-05-07T20:28:01.671+0900 [DEBUG] [org.gradle.cache.internal.DefaultFileLockManager] Releasing lock on daemon addresses registry.
2026-05-07T20:28:11.675+0900 [DEBUG] [org.gradle.cache.internal.DefaultFileLockManager] Waiting to acquire shared lock on daemon addresses registry.
2026-05-07T20:28:11.675+0900 [DEBUG] [org.gradle.cache.internal.DefaultFileLockManager] Lock acquired on daemon addresses registry.
2026-05-07T20:28:11.676+0900 [DEBUG] [org.gradle.cache.internal.DefaultFileLockManager] Releasing lock on daemon addresses registry.
2026-05-07T20:28:11.679+0900 [DEBUG] [org.gradle.cache.internal.DefaultFileLockManager] Waiting to acquire shared lock on daemon addresses registry.
2026-05-07T20:28:11.680+0900 [DEBUG] [org.gradle.cache.internal.DefaultFileLockManager] Lock acquired on daemon addresses registry.
2026-05-07T20:28:11.683+0900 [DEBUG] [org.gradle.cache.internal.DefaultFileLockManager] Releasing lock on daemon addresses registry.
2026-05-07T20:28:11.686+0900 [DEBUG] [org.gradle.cache.internal.DefaultFileLockManager] Waiting to acquire shared lock on daemon addresses registry.
2026-05-07T20:28:11.686+0900 [DEBUG] [org.gradle.cache.internal.DefaultFileLockManager] Lock acquired on daemon addresses registry.
2026-05-07T20:28:11.688+0900 [DEBUG] [org.gradle.cache.internal.DefaultFileLockManager] Releasing lock on daemon addresses registry.
